anio;mes_num;mes;actividad_productiva;categoria_item;item;ingreso_tn;utilizacion_tn;produccion_tn;venta_tn;unidad_medida;fuente_archivo
2025;1;Enero;ACEITE ESENCIAL DE LIMÓN;materia_prima;Limón;5,806.850;2,752.234;;;Toneladas;2025 INGRESO Y UTILIZACION DE MATERIA PRIMA SEGÚN ACTIVIDAD PRODUCTIVA(1).xlsx
2025;1;Enero;ACEITE ESENCIAL DE LIMÓN;producto;Aceite Esencial de Limón;;;18.272;3.000;Toneladas;2025 PRODUCCIÓN Y VENTA DE LA  ACTIVIDAD PRODUCTIVA.xlsx
2025;1;Enero;ACEITE ESENCIAL DE LIMÓN;producto;Cáscara de Limón;;;302.350;305.790;Toneladas;2025 PRODUCCIÓN Y VENTA DE LA  ACTIVIDAD PRODUCTIVA.xlsx
2025;1;Enero;LECHES Y MEZCLAS LACTEAS;producto;Condensada;;;1,046.071;1,017.913;Toneladas;2025 PRODUCCIÓN Y VENTA DE LA  ACTIVIDAD PRODUCTIVA.xlsx
2025;1;Enero;LECHES Y MEZCLAS LACTEAS;producto;Evaporadas;;;31,563.186;27,665.081;Toneladas;2025 PRODUCCIÓN Y VENTA DE LA  ACTIVIDAD PRODUCTIVA.xlsx
2025;1;Enero;LECHES Y MEZCLAS LACTEAS;producto;Leche evaporada*;;;1,219.371;2,355.771;Toneladas;2025 PRODUCCIÓN Y VENTA DE LA  ACTIVIDAD PRODUCTIVA.xlsx
2025;1;Enero;LECHES Y MEZCLAS LACTEAS;producto;Mezclas lácteas*;;;30,343.815;25,309.310;Toneladas;2025 PRODUCCIÓN Y VENTA DE LA  ACTIVIDAD PRODUCTIVA.xlsx
2025;1;Enero;LECHES Y MEZCLAS LACTEAS;producto;Pasteurizada;;;14,022.756;14,022.756;Toneladas;2025 PRODUCCIÓN Y VENTA DE LA  ACTIVIDAD PRODUCTIVA.xlsx
2025;1;Enero;PROCESAMIENTO DE ACEITES Y GRASAS;materia_prima;Crudo de Girasol;557.800;557.800;;;Toneladas;2025 INGRESO Y UTILIZACION DE MATERIA PRIMA SEGÚN ACTIVIDAD PRODUCTIVA(1).xlsx
2025;1;Enero;PROCESAMIENTO DE ACEITES Y GRASAS;materia_prima;Crudo de Palma;23,944.000;25,253.000;;;Toneladas;2025 INGRESO Y UTILIZACION DE MATERIA PRIMA SEGÚN ACTIVIDAD PRODUCTIVA(1).xlsx
2025;1;Enero;PROCESAMIENTO DE ACEITES Y GRASAS;materia_prima;Crudo de Palmiste;63.000;63.000;;;Toneladas;2025 INGRESO Y UTILIZACION DE MATERIA PRIMA SEGÚN ACTIVIDAD PRODUCTIVA(1).xlsx
2025;1;Enero;PROCESAMIENTO DE ACEITES Y GRASAS;materia_prima;Crudo de Soya;16,436.000;12,497.000;;;Toneladas;2025 INGRESO Y UTILIZACION DE MATERIA PRIMA SEGÚN ACTIVIDAD PRODUCTIVA(1).xlsx
2025;1;Enero;PROCESAMIENTO DE ACEITES Y GRASAS;materia_prima;Crudo de algodón;29.000;29.000;;;Toneladas;2025 INGRESO Y UTILIZACION DE MATERIA PRIMA SEGÚN ACTIVIDAD PRODUCTIVA(1).xlsx
2025;1;Enero;PROCESAMIENTO DE ACEITES Y GRASAS;materia_prima;Fruto de palma;33,344.000;28,192.030;;;Toneladas;2025 INGRESO Y UTILIZACION DE MATERIA PRIMA SEGÚN ACTIVIDAD PRODUCTIVA(1).xlsx
2025;1;Enero;PROCESAMIENTO DE ACEITES Y GRASAS;materia_prima;Maiz Amarillo Duro;4,000.000;3,800.000;;;Toneladas;2025 INGRESO Y UTILIZACION DE MATERIA PRIMA SEGÚN ACTIVIDAD PRODUCTIVA(1).xlsx
2025;1;Enero;PROCESAMIENTO DE ACEITES Y GRASAS;materia_prima;Refinado de Soya;0.000;0.000;;;Toneladas;2025 INGRESO Y UTILIZACION DE MATERIA PRIMA SEGÚN ACTIVIDAD PRODUCTIVA(1).xlsx
2025;1;Enero;PROCESAMIENTO DE ACEITES Y GRASAS;materia_prima;refinado de Palma;60.000;60.000;;;Toneladas;2025 INGRESO Y UTILIZACION DE MATERIA PRIMA SEGÚN ACTIVIDAD PRODUCTIVA(1).xlsx
2025;1;Enero;PROCESAMIENTO DE ACEITES Y GRASAS;producto;Aceite Vegetal;;;20,152.632;20,249.346;Toneladas;2025 PRODUCCIÓN Y VENTA DE LA  ACTIVIDAD PRODUCTIVA.xlsx
2025;1;Enero;PROCESAMIENTO DE ACEITES Y GRASAS;producto;Manteca Vegetal;;;8,531.255;6,512.107;Toneladas;2025 PRODUCCIÓN Y VENTA DE LA  ACTIVIDAD PRODUCTIVA.xlsx
2025;1;Enero;PROCESAMIENTO DE ACEITES Y GRASAS;producto;Margarina;;;1,451.000;1,213.000;Toneladas;2025 PRODUCCIÓN Y VENTA DE LA  ACTIVIDAD PRODUCTIVA.xlsx
2025;1;Enero;PROCESAMIENTO DE ALIMENTOS BALANCEADOS;materia_prima;Carbonato de calcio;4,736.153;4,380.211;;;Toneladas;2025 INGRESO Y UTILIZACION DE MATERIA PRIMA SEGÚN ACTIVIDAD PRODUCTIVA(1).xlsx
2025;1;Enero;PROCESAMIENTO DE ALIMENTOS BALANCEADOS;materia_prima;Grasas de pescado;3,436.104;4,037.563;;;Toneladas;2025 INGRESO Y UTILIZACION DE MATERIA PRIMA SEGÚN ACTIVIDAD PRODUCTIVA(1).xlsx
2025;1;Enero;PROCESAMIENTO DE ALIMENTOS BALANCEADOS;materia_prima;Harina de Pescado;1,027.783;2,422.144;;;Toneladas;2025 INGRESO Y UTILIZACION DE MATERIA PRIMA SEGÚN ACTIVIDAD PRODUCTIVA(1).xlsx
2025;1;Enero;PROCESAMIENTO DE ALIMENTOS BALANCEADOS;materia_prima;Maiz amarillo Duro;221,208.838;225,035.565;;;Toneladas;2025 INGRESO Y UTILIZACION DE MATERIA PRIMA SEGÚN ACTIVIDAD PRODUCTIVA(1).xlsx
2025;1;Enero;PROCESAMIENTO DE ALIMENTOS BALANCEADOS;materia_prima;Melaza;229.050;257.165;;;Toneladas;2025 INGRESO Y UTILIZACION DE MATERIA PRIMA SEGÚN ACTIVIDAD PRODUCTIVA(1).xlsx
2025;1;Enero;PROCESAMIENTO DE ALIMENTOS BALANCEADOS;materia_prima;Otros;23,141.981;25,803.592;;;Toneladas;2025 INGRESO Y UTILIZACION DE MATERIA PRIMA SEGÚN ACTIVIDAD PRODUCTIVA(1).xlsx
2025;1;Enero;PROCESAMIENTO DE ALIMENTOS BALANCEADOS;materia_prima;Polvillo de arroz;5,022.174;4,052.761;;;Toneladas;2025 INGRESO Y UTILIZACION DE MATERIA PRIMA SEGÚN ACTIVIDAD PRODUCTIVA(1).xlsx
2025;1;Enero;PROCESAMIENTO DE ALIMENTOS BALANCEADOS;materia_prima;Soya en grano;4,090.670;6,612.631;;;Toneladas;2025 INGRESO Y UTILIZACION DE MATERIA PRIMA SEGÚN ACTIVIDAD PRODUCTIVA(1).xlsx
2025;1;Enero;PROCESAMIENTO DE ALIMENTOS BALANCEADOS;materia_prima;Sub producto de trigo;9,974.795;13,389.175;;;Toneladas;2025 INGRESO Y UTILIZACION DE MATERIA PRIMA SEGÚN ACTIVIDAD PRODUCTIVA(1).xlsx
2025;1;Enero;PROCESAMIENTO DE ALIMENTOS BALANCEADOS;materia_prima;Torta de algodón;36.700;75.650;;;Toneladas;2025 INGRESO Y UTILIZACION DE MATERIA PRIMA SEGÚN ACTIVIDAD PRODUCTIVA(1).xlsx
2025;1;Enero;PROCESAMIENTO DE ALIMENTOS BALANCEADOS;materia_prima;Torta de soya;91,476.638;93,251.895;;;Toneladas;2025 INGRESO Y UTILIZACION DE MATERIA PRIMA SEGÚN ACTIVIDAD PRODUCTIVA(1).xlsx
2025;1;Enero;PROCESAMIENTO DE ALIMENTOS BALANCEADOS;producto;Alimento balanceado para aves carne;;;223,276.086;223,334.396;Toneladas;2025 PRODUCCIÓN Y VENTA DE LA  ACTIVIDAD PRODUCTIVA.xlsx
2025;1;Enero;PROCESAMIENTO DE ALIMENTOS BALANCEADOS;producto;Alimento balanceado para aves postura/reproductora;;;71,549.984;71,622.632;Toneladas;2025 PRODUCCIÓN Y VENTA DE LA  ACTIVIDAD PRODUCTIVA.xlsx
2025;1;Enero;PROCESAMIENTO DE ALIMENTOS BALANCEADOS;producto;Alimento balanceado para pavos y patos;;;5,005.850;4,930.693;Toneladas;2025 PRODUCCIÓN Y VENTA DE LA  ACTIVIDAD PRODUCTIVA.xlsx
2025;1;Enero;PROCESAMIENTO DE ALIMENTOS BALANCEADOS;producto;Alimento balanceado para porcinos;;;23,816.843;23,971.853;Toneladas;2025 PRODUCCIÓN Y VENTA DE LA  ACTIVIDAD PRODUCTIVA.xlsx
2025;1;Enero;PROCESAMIENTO DE ALIMENTOS BALANCEADOS;producto;Alimento balanceado para vacunos;;;8,459.165;8,611.525;Toneladas;2025 PRODUCCIÓN Y VENTA DE LA  ACTIVIDAD PRODUCTIVA.xlsx
2025;1;Enero;PROCESAMIENTO DE ALIMENTOS BALANCEADOS;producto;Otros animales 1/;;;29,661.150;30,152.402;Toneladas;2025 PRODUCCIÓN Y VENTA DE LA  ACTIVIDAD PRODUCTIVA.xlsx
2025;1;Enero;PROCESAMIENTO DE AVENA;materia_prima;Avena;527.612;4,652.920;;;Toneladas;2025 INGRESO Y UTILIZACION DE MATERIA PRIMA SEGÚN ACTIVIDAD PRODUCTIVA(1).xlsx
2025;1;Enero;PROCESAMIENTO DE AVENA;materia_prima;Azúcar;1.318;1.036;;;Toneladas;2025 INGRESO Y UTILIZACION DE MATERIA PRIMA SEGÚN ACTIVIDAD PRODUCTIVA(1).xlsx
2025;1;Enero;PROCESAMIENTO DE AVENA;materia_prima;Cebada;0.920;0.900;;;Toneladas;2025 INGRESO Y UTILIZACION DE MATERIA PRIMA SEGÚN ACTIVIDAD PRODUCTIVA(1).xlsx
2025;1;Enero;PROCESAMIENTO DE AVENA;materia_prima;Kiwicha;34.963;33.785;;;Toneladas;2025 INGRESO Y UTILIZACION DE MATERIA PRIMA SEGÚN ACTIVIDAD PRODUCTIVA(1).xlsx
2025;1;Enero;PROCESAMIENTO DE AVENA;materia_prima;Leche en Polvo;2.862;2.486;;;Toneladas;2025 INGRESO Y UTILIZACION DE MATERIA PRIMA SEGÚN ACTIVIDAD PRODUCTIVA(1).xlsx
2025;1;Enero;PROCESAMIENTO DE AVENA;materia_prima;Maca;2.534;0.914;;;Toneladas;2025 INGRESO Y UTILIZACION DE MATERIA PRIMA SEGÚN ACTIVIDAD PRODUCTIVA(1).xlsx
2025;1;Enero;PROCESAMIENTO DE AVENA;materia_prima;Quinua;19.983;12.096;;;Toneladas;2025 INGRESO Y UTILIZACION DE MATERIA PRIMA SEGÚN ACTIVIDAD PRODUCTIVA(1).xlsx
2025;1;Enero;PROCESAMIENTO DE AVENA;materia_prima;Soya;1.145;0.685;;;Toneladas;2025 INGRESO Y UTILIZACION DE MATERIA PRIMA SEGÚN ACTIVIDAD PRODUCTIVA(1).xlsx
2025;1;Enero;PROCESAMIENTO DE AVENA;materia_prima;Trigo;0.180;0.180;;;Toneladas;2025 INGRESO Y UTILIZACION DE MATERIA PRIMA SEGÚN ACTIVIDAD PRODUCTIVA(1).xlsx
2025;1;Enero;PROCESAMIENTO DE AVENA;producto;Avena;;;2,379.090;2,055.020;Toneladas;2025 PRODUCCIÓN Y VENTA DE LA  ACTIVIDAD PRODUCTIVA.xlsx
2025;1;Enero;PROCESAMIENTO DE AVENA;producto;Enriquecido de cereales;;;516.735;410.520;Toneladas;2025 PRODUCCIÓN Y VENTA DE LA  ACTIVIDAD PRODUCTIVA.xlsx
2025;1;Enero;PROCESAMIENTO DE AZUCAR;materia_prima;Caña de Azúcar;755,602.441;863,449.610;;;Toneladas;2025 INGRESO Y UTILIZACION DE MATERIA PRIMA SEGÚN ACTIVIDAD PRODUCTIVA(1).xlsx
2025;1;Enero;PROCESAMIENTO DE AZUCAR;producto;Azúcar;;;73,662.720;73,662.720;Toneladas;2025 PRODUCCIÓN Y VENTA DE LA  ACTIVIDAD PRODUCTIVA.xlsx
2025;1;Enero;PROCESAMIENTO DE DERIVADOS LACTEOS;producto;Cremas;;;824.774;824.774;Toneladas;2025 PRODUCCIÓN Y VENTA DE LA  ACTIVIDAD PRODUCTIVA.xlsx
2025;1;Enero;PROCESAMIENTO DE DERIVADOS LACTEOS;producto;Manjar blanco;;;572.148;572.148;Toneladas;2025 PRODUCCIÓN Y VENTA DE LA  ACTIVIDAD PRODUCTIVA.xlsx
2025;1;Enero;PROCESAMIENTO DE DERIVADOS LACTEOS;producto;Mantequilla;;;501.501;501.501;Toneladas;2025 PRODUCCIÓN Y VENTA DE LA  ACTIVIDAD PRODUCTIVA.xlsx
2025;1;Enero;PROCESAMIENTO DE DERIVADOS LACTEOS;producto;Queso Mantecoso;;;27.390;27.390;Toneladas;2025 PRODUCCIÓN Y VENTA DE LA  ACTIVIDAD PRODUCTIVA.xlsx
2025;1;Enero;PROCESAMIENTO DE DERIVADOS LACTEOS;producto;Quesos Frescos;;;469.703;469.703;Toneladas;2025 PRODUCCIÓN Y VENTA DE LA  ACTIVIDAD PRODUCTIVA.xlsx
2025;1;Enero;PROCESAMIENTO DE DERIVADOS LACTEOS;producto;Quesos Madurados;;;1,027.288;1,018.280;Toneladas;2025 PRODUCCIÓN Y VENTA DE LA  ACTIVIDAD PRODUCTIVA.xlsx
2025;1;Enero;PROCESAMIENTO DE DERIVADOS LACTEOS;producto;Yogurt;;;11,029.400;10,934.111;Toneladas;2025 PRODUCCIÓN Y VENTA DE LA  ACTIVIDAD PRODUCTIVA.xlsx
2025;1;Enero;PROCESAMIENTO DE DERIVADOS LACTEOS, LECHES Y MEZCLAS LACTEAS;materia_prima;Grasa anhidra de leche (GAL);181.440;542.874;;;Toneladas;2025 INGRESO Y UTILIZACION DE MATERIA PRIMA SEGÚN ACTIVIDAD PRODUCTIVA(1).xlsx
2025;1;Enero;PROCESAMIENTO DE DERIVADOS LACTEOS, LECHES Y MEZCLAS LACTEAS;materia_prima;Leche en polvo descremada (LPD);1,673.749;1,454.986;;;Toneladas;2025 INGRESO Y UTILIZACION DE MATERIA PRIMA SEGÚN ACTIVIDAD PRODUCTIVA(1).xlsx
2025;1;Enero;PROCESAMIENTO DE DERIVADOS LACTEOS, LECHES Y MEZCLAS LACTEAS;materia_prima;Leche en polvo entera (LEP);1,658.164;2,691.555;;;Toneladas;2025 INGRESO Y UTILIZACION DE MATERIA PRIMA SEGÚN ACTIVIDAD PRODUCTIVA(1).xlsx
2025;1;Enero;PROCESAMIENTO DE DERIVADOS LACTEOS, LECHES Y MEZCLAS LACTEAS;materia_prima;Leche fresca;64,910.354;63,204.925;;;Toneladas;2025 INGRESO Y UTILIZACION DE MATERIA PRIMA SEGÚN ACTIVIDAD PRODUCTIVA(1).xlsx
2025;1;Enero;PROCESAMIENTO DE EMBUTIDOS Y CARNES PREPARADAS;materia_prima;Carne Industrial;829.503;963.838;;;Toneladas;2025 INGRESO Y UTILIZACION DE MATERIA PRIMA SEGÚN ACTIVIDAD PRODUCTIVA(1).xlsx
2025;1;Enero;PROCESAMIENTO DE EMBUTIDOS Y CARNES PREPARADAS;materia_prima;Carne de Cerdo;2,088.385;1,801.813;;;Toneladas;2025 INGRESO Y UTILIZACION DE MATERIA PRIMA SEGÚN ACTIVIDAD PRODUCTIVA(1).xlsx
2025;1;Enero;PROCESAMIENTO DE EMBUTIDOS Y CARNES PREPARADAS;materia_prima;Carne de ave;713.910;855.483;;;Toneladas;2025 INGRESO Y UTILIZACION DE MATERIA PRIMA SEGÚN ACTIVIDAD PRODUCTIVA(1).xlsx
2025;1;Enero;PROCESAMIENTO DE EMBUTIDOS Y CARNES PREPARADAS;materia_prima;Maizena;233.288;236.838;;;Toneladas;2025 INGRESO Y UTILIZACION DE MATERIA PRIMA SEGÚN ACTIVIDAD PRODUCTIVA(1).xlsx
2025;1;Enero;PROCESAMIENTO DE EMBUTIDOS Y CARNES PREPARADAS;materia_prima;Otros;146.237;152.972;;;Toneladas;2025 INGRESO Y UTILIZACION DE MATERIA PRIMA SEGÚN ACTIVIDAD PRODUCTIVA(1).xlsx
2025;1;Enero;PROCESAMIENTO DE EMBUTIDOS Y CARNES PREPARADAS;materia_prima;Sal;54.805;60.314;;;Toneladas;2025 INGRESO Y UTILIZACION DE MATERIA PRIMA SEGÚN ACTIVIDAD PRODUCTIVA(1).xlsx
2025;1;Enero;PROCESAMIENTO DE EMBUTIDOS Y CARNES PREPARADAS;producto;Ahumado;;;238.715;215.303;Toneladas;2025 PRODUCCIÓN Y VENTA DE LA  ACTIVIDAD PRODUCTIVA.xlsx
2025;1;Enero;PROCESAMIENTO DE EMBUTIDOS Y CARNES PREPARADAS;producto;Carne preparada-cocidos especiales;;;229.829;244.382;Toneladas;2025 PRODUCCIÓN Y VENTA DE LA  ACTIVIDAD PRODUCTIVA.xlsx
2025;1;Enero;PROCESAMIENTO DE EMBUTIDOS Y CARNES PREPARADAS;producto;Chicharrón de Prensa;;;54.787;104.124;Toneladas;2025 PRODUCCIÓN Y VENTA DE LA  ACTIVIDAD PRODUCTIVA.xlsx
2025;1;Enero;PROCESAMIENTO DE EMBUTIDOS Y CARNES PREPARADAS;producto;Chorizo;;;759.312;705.823;Toneladas;2025 PRODUCCIÓN Y VENTA DE LA  ACTIVIDAD PRODUCTIVA.xlsx
2025;1;Enero;PROCESAMIENTO DE EMBUTIDOS Y CARNES PREPARADAS;producto;Hamburguesa;;;789.948;839.437;Toneladas;2025 PRODUCCIÓN Y VENTA DE LA  ACTIVIDAD PRODUCTIVA.xlsx
2025;1;Enero;PROCESAMIENTO DE EMBUTIDOS Y CARNES PREPARADAS;producto;Hot Dog y/o Salchicha;;;2,780.283;2,680.991;Toneladas;2025 PRODUCCIÓN Y VENTA DE LA  ACTIVIDAD PRODUCTIVA.xlsx
2025;1;Enero;PROCESAMIENTO DE EMBUTIDOS Y CARNES PREPARADAS;producto;Jamonada;;;953.035;986.314;Toneladas;2025 PRODUCCIÓN Y VENTA DE LA  ACTIVIDAD PRODUCTIVA.xlsx
2025;1;Enero;PROCESAMIENTO DE EMBUTIDOS Y CARNES PREPARADAS;producto;Jamón;;;948.078;891.169;Toneladas;2025 PRODUCCIÓN Y VENTA DE LA  ACTIVIDAD PRODUCTIVA.xlsx
2025;1;Enero;PROCESAMIENTO DE EMBUTIDOS Y CARNES PREPARADAS;producto;Mortadela;;;115.636;112.574;Toneladas;2025 PRODUCCIÓN Y VENTA DE LA  ACTIVIDAD PRODUCTIVA.xlsx
2025;1;Enero;PROCESAMIENTO DE EMBUTIDOS Y CARNES PREPARADAS;producto;Otros;;;224.078;198.124;Toneladas;2025 PRODUCCIÓN Y VENTA DE LA  ACTIVIDAD PRODUCTIVA.xlsx
2025;1;Enero;PROCESAMIENTO DE EMBUTIDOS Y CARNES PREPARADAS;producto;Pastel;;;3.482;3.880;Toneladas;2025 PRODUCCIÓN Y VENTA DE LA  ACTIVIDAD PRODUCTIVA.xlsx
2025;1;Enero;PROCESAMIENTO DE EMBUTIDOS Y CARNES PREPARADAS;producto;Paté;;;79.968;68.771;Toneladas;2025 PRODUCCIÓN Y VENTA DE LA  ACTIVIDAD PRODUCTIVA.xlsx
2025;1;Enero;PROCESAMIENTO DE EMBUTIDOS Y CARNES PREPARADAS;producto;Queso de Chancho;;;3.661;4.551;Toneladas;2025 PRODUCCIÓN Y VENTA DE LA  ACTIVIDAD PRODUCTIVA.xlsx
2025;1;Enero;PROCESAMIENTO DE EMBUTIDOS Y CARNES PREPARADAS;producto;Salame;;;7.240;6.547;Toneladas;2025 PRODUCCIÓN Y VENTA DE LA  ACTIVIDAD PRODUCTIVA.xlsx
2025;1;Enero;PROCESAMIENTO DE FIDEO;materia_prima;Harina de Trigo;40,664.511;40,027.925;;;Toneladas;2025 INGRESO Y UTILIZACION DE MATERIA PRIMA SEGÚN ACTIVIDAD PRODUCTIVA(1).xlsx
2025;1;Enero;PROCESAMIENTO DE FIDEO;producto;Fideo corriente a granel;;;1,490.640;1,595.175;Toneladas;2025 PRODUCCIÓN Y VENTA DE LA  ACTIVIDAD PRODUCTIVA.xlsx
2025;1;Enero;PROCESAMIENTO DE FIDEO;producto;Fideo envasado;;;38,024.638;35,673.235;Toneladas;2025 PRODUCCIÓN Y VENTA DE LA  ACTIVIDAD PRODUCTIVA.xlsx
2025;1;Enero;PROCESAMIENTO DE HARINA DE TRIGO;materia_prima;Trigo entero;187,916.809;182,630.223;;;Toneladas;2025 INGRESO Y UTILIZACION DE MATERIA PRIMA SEGÚN ACTIVIDAD PRODUCTIVA(1).xlsx
2025;1;Enero;PROCESAMIENTO DE HARINA DE TRIGO;producto;Harina de Trigo;;;141,516.433;138,278.482;Toneladas;2025 PRODUCCIÓN Y VENTA DE LA  ACTIVIDAD PRODUCTIVA.xlsx
2025;1;Enero;PROCESAMIENTO DE HARINA DE TRIGO;producto;Sub producto de trigo;;;29,944.636;28,377.336;Toneladas;2025 PRODUCCIÓN Y VENTA DE LA  ACTIVIDAD PRODUCTIVA.xlsx
2025;1;Enero;PROCESAMIENTO DE HARINA DE TRIGO;producto;Sémola;;;570.980;512.282;Toneladas;2025 PRODUCCIÓN Y VENTA DE LA  ACTIVIDAD PRODUCTIVA.xlsx
2025;1;Enero;PROCESAMIENTO DE MALTA;materia_prima;Cebada;10,332.030;10,069.250;;;Toneladas;2025 INGRESO Y UTILIZACION DE MATERIA PRIMA SEGÚN ACTIVIDAD PRODUCTIVA(1).xlsx
2025;1;Enero;PROCESAMIENTO DE MALTA;producto;Malta de cebada;;;10,671.900;10,462.267;Toneladas;2025 PRODUCCIÓN Y VENTA DE LA  ACTIVIDAD PRODUCTIVA.xlsx
2025;1;Enero;PROCESAMIENTO DEL CACAO;materia_prima;Cacao Grano;8,020.148;6,422.241;;;Toneladas;2025 INGRESO Y UTILIZACION DE MATERIA PRIMA SEGÚN ACTIVIDAD PRODUCTIVA(1).xlsx
2025;1;Enero;PROCESAMIENTO DEL CACAO;materia_prima;Cocoa;5.230;5.980;;;Toneladas;2025 INGRESO Y UTILIZACION DE MATERIA PRIMA SEGÚN ACTIVIDAD PRODUCTIVA(1).xlsx
2025;1;Enero;PROCESAMIENTO DEL CACAO;materia_prima;Licor de Cacao;8.650;9.560;;;Toneladas;2025 INGRESO Y UTILIZACION DE MATERIA PRIMA SEGÚN ACTIVIDAD PRODUCTIVA(1).xlsx
2025;1;Enero;PROCESAMIENTO DEL CACAO;materia_prima;Manteca de Cacao;1.200;1.329;;;Toneladas;2025 INGRESO Y UTILIZACION DE MATERIA PRIMA SEGÚN ACTIVIDAD PRODUCTIVA(1).xlsx
2025;1;Enero;PROCESAMIENTO DEL CACAO;materia_prima;Torta de Cacao;2.520;2.527;;;Toneladas;2025 INGRESO Y UTILIZACION DE MATERIA PRIMA SEGÚN ACTIVIDAD PRODUCTIVA(1).xlsx
2025;1;Enero;PROCESAMIENTO DEL CACAO;producto;Cacao Grano;;;1,597.666;1,292.436;Toneladas;2025 PRODUCCIÓN Y VENTA DE LA  ACTIVIDAD PRODUCTIVA.xlsx
2025;1;Enero;PROCESAMIENTO DEL CACAO;producto;Chocolate y cobertura;;;5.575;4.220;Toneladas;2025 PRODUCCIÓN Y VENTA DE LA  ACTIVIDAD PRODUCTIVA.xlsx
2025;1;Enero;PROCESAMIENTO DEL CACAO;producto;Cocoa;;;464.000;150.000;Toneladas;2025 PRODUCCIÓN Y VENTA DE LA  ACTIVIDAD PRODUCTIVA.xlsx
2025;1;Enero;PROCESAMIENTO DEL CACAO;producto;Licor de cacao;;;878.768;953.506;Toneladas;2025 PRODUCCIÓN Y VENTA DE LA  ACTIVIDAD PRODUCTIVA.xlsx
2025;1;Enero;PROCESAMIENTO DEL CACAO;producto;Manteca de cacao;;;1,663.289;2,061.292;Toneladas;2025 PRODUCCIÓN Y VENTA DE LA  ACTIVIDAD PRODUCTIVA.xlsx
2025;1;Enero;PROCESAMIENTO DEL CACAO;producto;Polvo de Cacao;;;924.786;440.019;Toneladas;2025 PRODUCCIÓN Y VENTA DE LA  ACTIVIDAD PRODUCTIVA.xlsx
2025;1;Enero;PROCESAMIENTO DEL CACAO;producto;Torta de cacao;;;1,285.035;1,761.065;Toneladas;2025 PRODUCCIÓN Y VENTA DE LA  ACTIVIDAD PRODUCTIVA.xlsx
2025;1;Enero;PROCESAMIENTO DEL ESPARRAGO;materia_prima;Espárrago Fresco;6,067.197;5,669.947;;;Toneladas;2025 INGRESO Y UTILIZACION DE MATERIA PRIMA SEGÚN ACTIVIDAD PRODUCTIVA(1).xlsx
2025;1;Enero;PROCESAMIENTO DEL ESPARRAGO;producto;Congelado;;;207.935;195.887;Toneladas;2025 PRODUCCIÓN Y VENTA DE LA  ACTIVIDAD PRODUCTIVA.xlsx
2025;1;Enero;PROCESAMIENTO DEL ESPARRAGO;producto;Conserva;;;739.117;1,161.073;Toneladas;2025 PRODUCCIÓN Y VENTA DE LA  ACTIVIDAD PRODUCTIVA.xlsx
2025;1;Enero;PROCESAMIENTO DEL ESPARRAGO;producto;Fresco;;;2,998.106;2,967.852;Toneladas;2025 PRODUCCIÓN Y VENTA DE LA  ACTIVIDAD PRODUCTIVA.xlsx
2025;2;Febrero;ACEITE ESENCIAL DE LIMÓN;materia_prima;Limón;3,157.650;3,157.650;;;Toneladas;2025 INGRESO Y UTILIZACION DE MATERIA PRIMA SEGÚN ACTIVIDAD PRODUCTIVA(1).xlsx
2025;2;Febrero;ACEITE ESENCIAL DE LIMÓN;producto;Aceite Esencial de Limón;;;15.447;4.000;Toneladas;2025 PRODUCCIÓN Y VENTA DE LA  ACTIVIDAD PRODUCTIVA.xlsx
2025;2;Febrero;ACEITE ESENCIAL DE LIMÓN;producto;Cáscara de Limón;;;237.800;242.620;Toneladas;2025 PRODUCCIÓN Y VENTA DE LA  ACTIVIDAD PRODUCTIVA.xlsx
2025;2;Febrero;LECHES Y MEZCLAS LACTEAS;producto;Condensada;;;1,554.668;1,501.681;Toneladas;2025 PRODUCCIÓN Y VENTA DE LA  ACTIVIDAD PRODUCTIVA.xlsx
2025;2;Febrero;LECHES Y MEZCLAS LACTEAS;producto;Evaporadas;;;27,999.532;25,474.131;Toneladas;2025 PRODUCCIÓN Y VENTA DE LA  ACTIVIDAD PRODUCTIVA.xlsx
2025;2;Febrero;LECHES Y MEZCLAS LACTEAS;producto;Leche evaporada*;;;3,043.520;2,873.267;Toneladas;2025 PRODUCCIÓN Y VENTA DE LA  ACTIVIDAD PRODUCTIVA.xlsx
2025;2;Febrero;LECHES Y MEZCLAS LACTEAS;producto;Mezclas lácteas*;;;24,956.012;22,600.864;Toneladas;2025 PRODUCCIÓN Y VENTA DE LA  ACTIVIDAD PRODUCTIVA.xlsx
2025;2;Febrero;LECHES Y MEZCLAS LACTEAS;producto;Pasteurizada;;;12,965.881;12,941.492;Toneladas;2025 PRODUCCIÓN Y VENTA DE LA  ACTIVIDAD PRODUCTIVA.xlsx
2025;2;Febrero;PROCESAMIENTO DE ACEITES Y GRASAS;materia_prima;Crudo de Girasol;4,588.311;1,934.699;;;Toneladas;2025 INGRESO Y UTILIZACION DE MATERIA PRIMA SEGÚN ACTIVIDAD PRODUCTIVA(1).xlsx
2025;2;Febrero;PROCESAMIENTO DE ACEITES Y GRASAS;materia_prima;Crudo de Palma;18,900.000;18,717.000;;;Toneladas;2025 INGRESO Y UTILIZACION DE MATERIA PRIMA SEGÚN ACTIVIDAD PRODUCTIVA(1).xlsx
2025;2;Febrero;PROCESAMIENTO DE ACEITES Y GRASAS;materia_prima;Crudo de Palmiste;162.000;89.000;;;Toneladas;2025 INGRESO Y UTILIZACION DE MATERIA PRIMA SEGÚN ACTIVIDAD PRODUCTIVA(1).xlsx
2025;2;Febrero;PROCESAMIENTO DE ACEITES Y GRASAS;materia_prima;Crudo de Soya;34,594.625;16,088.887;;;Toneladas;2025 INGRESO Y UTILIZACION DE MATERIA PRIMA SEGÚN ACTIVIDAD PRODUCTIVA(1).xlsx
2025;2;Febrero;PROCESAMIENTO DE ACEITES Y GRASAS;materia_prima;Crudo de algodón;20.000;27.000;;;Toneladas;2025 INGRESO Y UTILIZACION DE MATERIA PRIMA SEGÚN ACTIVIDAD PRODUCTIVA(1).xlsx
2025;2;Febrero;PROCESAMIENTO DE ACEITES Y GRASAS;materia_prima;Fruto de palma;22,466.000;22,961.000;;;Toneladas;2025 INGRESO Y UTILIZACION DE MATERIA PRIMA SEGÚN ACTIVIDAD PRODUCTIVA(1).xlsx
2025;2;Febrero;PROCESAMIENTO DE ACEITES Y GRASAS;materia_prima;Maiz Amarillo Duro;4,082.766;4,082.766;;;Toneladas;2025 INGRESO Y UTILIZACION DE MATERIA PRIMA SEGÚN ACTIVIDAD PRODUCTIVA(1).xlsx
2025;2;Febrero;PROCESAMIENTO DE ACEITES Y GRASAS;materia_prima;Refinado de Soya;0.000;130.000;;;Toneladas;2025 INGRESO Y UTILIZACION DE MATERIA PRIMA SEGÚN ACTIVIDAD PRODUCTIVA(1).xlsx
2025;2;Febrero;PROCESAMIENTO DE ACEITES Y GRASAS;materia_prima;refinado de Palma;0.000;0.000;;;Toneladas;2025 INGRESO Y UTILIZACION DE MATERIA PRIMA SEGÚN ACTIVIDAD PRODUCTIVA(1).xlsx
2025;2;Febrero;PROCESAMIENTO DE ACEITES Y GRASAS;producto;Aceite Vegetal;;;22,555.364;22,187.696;Toneladas;2025 PRODUCCIÓN Y VENTA DE LA  ACTIVIDAD PRODUCTIVA.xlsx
2025;2;Febrero;PROCESAMIENTO DE ACEITES Y GRASAS;producto;Manteca Vegetal;;;5,187.344;5,392.416;Toneladas;2025 PRODUCCIÓN Y VENTA DE LA  ACTIVIDAD PRODUCTIVA.xlsx
2025;2;Febrero;PROCESAMIENTO DE ACEITES Y GRASAS;producto;Margarina;;;1,512.000;1,347.000;Toneladas;2025 PRODUCCIÓN Y VENTA DE LA  ACTIVIDAD PRODUCTIVA.xlsx
2025;2;Febrero;PROCESAMIENTO DE ALIMENTOS BALANCEADOS;materia_prima;Carbonato de calcio;4,113.539;4,310.912;;;Toneladas;2025 INGRESO Y UTILIZACION DE MATERIA PRIMA SEGÚN ACTIVIDAD PRODUCTIVA(1).xlsx
2025;2;Febrero;PROCESAMIENTO DE ALIMENTOS BALANCEADOS;materia_prima;Grasas de pescado;3,503.313;3,682.686;;;Toneladas;2025 INGRESO Y UTILIZACION DE MATERIA PRIMA SEGÚN ACTIVIDAD PRODUCTIVA(1).xlsx
2025;2;Febrero;PROCESAMIENTO DE ALIMENTOS BALANCEADOS;materia_prima;Harina de Pescado;1,285.325;1,385.081;;;Toneladas;2025 INGRESO Y UTILIZACION DE MATERIA PRIMA SEGÚN ACTIVIDAD PRODUCTIVA(1).xlsx
2025;2;Febrero;PROCESAMIENTO DE ALIMENTOS BALANCEADOS;materia_prima;Maiz amarillo Duro;217,723.875;201,542.280;;;Toneladas;2025 INGRESO Y UTILIZACION DE MATERIA PRIMA SEGÚN ACTIVIDAD PRODUCTIVA(1).xlsx
2025;2;Febrero;PROCESAMIENTO DE ALIMENTOS BALANCEADOS;materia_prima;Melaza;213.880;220.113;;;Toneladas;2025 INGRESO Y UTILIZACION DE MATERIA PRIMA SEGÚN ACTIVIDAD PRODUCTIVA(1).xlsx
2025;2;Febrero;PROCESAMIENTO DE ALIMENTOS BALANCEADOS;materia_prima;Otros;21,407.396;20,647.077;;;Toneladas;2025 INGRESO Y UTILIZACION DE MATERIA PRIMA SEGÚN ACTIVIDAD PRODUCTIVA(1).xlsx
2025;2;Febrero;PROCESAMIENTO DE ALIMENTOS BALANCEADOS;materia_prima;Polvillo de arroz;3,283.865;3,408.815;;;Toneladas;2025 INGRESO Y UTILIZACION DE MATERIA PRIMA SEGÚN ACTIVIDAD PRODUCTIVA(1).xlsx
2025;2;Febrero;PROCESAMIENTO DE ALIMENTOS BALANCEADOS;materia_prima;Soya en grano;3,891.590;2,347.194;;;Toneladas;2025 INGRESO Y UTILIZACION DE MATERIA PRIMA SEGÚN ACTIVIDAD PRODUCTIVA(1).xlsx
2025;2;Febrero;PROCESAMIENTO DE ALIMENTOS BALANCEADOS;materia_prima;Sub producto de trigo;9,299.559;11,182.768;;;Toneladas;2025 INGRESO Y UTILIZACION DE MATERIA PRIMA SEGÚN ACTIVIDAD PRODUCTIVA(1).xlsx
2025;2;Febrero;PROCESAMIENTO DE ALIMENTOS BALANCEADOS;materia_prima;Torta de algodón;44.000;79.000;;;Toneladas;2025 INGRESO Y UTILIZACION DE MATERIA PRIMA SEGÚN ACTIVIDAD PRODUCTIVA(1).xlsx
2025;2;Febrero;PROCESAMIENTO DE ALIMENTOS BALANCEADOS;materia_prima;Torta de soya;74,066.508;84,127.497;;;Toneladas;2025 INGRESO Y UTILIZACION DE MATERIA PRIMA SEGÚN ACTIVIDAD PRODUCTIVA(1).xlsx
2025;2;Febrero;PROCESAMIENTO DE ALIMENTOS BALANCEADOS;producto;Alimento balanceado para aves carne;;;201,800.273;198,545.425;Toneladas;2025 PRODUCCIÓN Y VENTA DE LA  ACTIVIDAD PRODUCTIVA.xlsx
2025;2;Febrero;PROCESAMIENTO DE ALIMENTOS BALANCEADOS;producto;Alimento balanceado para aves postura/reproductora;;;67,487.298;67,581.314;Toneladas;2025 PRODUCCIÓN Y VENTA DE LA  ACTIVIDAD PRODUCTIVA.xlsx
2025;2;Febrero;PROCESAMIENTO DE ALIMENTOS BALANCEADOS;producto;Alimento balanceado para pavos y patos;;;3,847.065;3,954.961;Toneladas;2025 PRODUCCIÓN Y VENTA DE LA  ACTIVIDAD PRODUCTIVA.xlsx
2025;2;Febrero;PROCESAMIENTO DE ALIMENTOS BALANCEADOS;producto;Alimento balanceado para porcinos;;;23,500.866;23,405.203;Toneladas;2025 PRODUCCIÓN Y VENTA DE LA  ACTIVIDAD PRODUCTIVA.xlsx
2025;2;Febrero;PROCESAMIENTO DE ALIMENTOS BALANCEADOS;producto;Alimento balanceado para vacunos;;;8,992.335;8,743.056;Toneladas;2025 PRODUCCIÓN Y VENTA DE LA  ACTIVIDAD PRODUCTIVA.xlsx
2025;2;Febrero;PROCESAMIENTO DE ALIMENTOS BALANCEADOS;producto;Otros animales 1/;;;25,516.264;25,729.105;Toneladas;2025 PRODUCCIÓN Y VENTA DE LA  ACTIVIDAD PRODUCTIVA.xlsx
2025;2;Febrero;PROCESAMIENTO DE AVENA;materia_prima;Avena;1,360.570;3,455.968;;;Toneladas;2025 INGRESO Y UTILIZACION DE MATERIA PRIMA SEGÚN ACTIVIDAD PRODUCTIVA(1).xlsx
2025;2;Febrero;PROCESAMIENTO DE AVENA;materia_prima;Azúcar;0.950;0.887;;;Toneladas;2025 INGRESO Y UTILIZACION DE MATERIA PRIMA SEGÚN ACTIVIDAD PRODUCTIVA(1).xlsx
2025;2;Febrero;PROCESAMIENTO DE AVENA;materia_prima;Cebada;0.870;0.620;;;Toneladas;2025 INGRESO Y UTILIZACION DE MATERIA PRIMA SEGÚN ACTIVIDAD PRODUCTIVA(1).xlsx
2025;2;Febrero;PROCESAMIENTO DE AVENA;materia_prima;Kiwicha;34.374;3.345;;;Toneladas;2025 INGRESO Y UTILIZACION DE MATERIA PRIMA SEGÚN ACTIVIDAD PRODUCTIVA(1).xlsx
2025;2;Febrero;PROCESAMIENTO DE AVENA;materia_prima;Leche en Polvo;0.000;0.000;;;Toneladas;2025 INGRESO Y UTILIZACION DE MATERIA PRIMA SEGÚN ACTIVIDAD PRODUCTIVA(1).xlsx
2025;2;Febrero;PROCESAMIENTO DE AVENA;materia_prima;Maca;3.358;2.284;;;Toneladas;2025 INGRESO Y UTILIZACION DE MATERIA PRIMA SEGÚN ACTIVIDAD PRODUCTIVA(1).xlsx
2025;2;Febrero;PROCESAMIENTO DE AVENA;materia_prima;Quinua;69.444;25.583;;;Toneladas;2025 INGRESO Y UTILIZACION DE MATERIA PRIMA SEGÚN ACTIVIDAD PRODUCTIVA(1).xlsx
2025;2;Febrero;PROCESAMIENTO DE AVENA;materia_prima;Soya;1.370;1.110;;;Toneladas;2025 INGRESO Y UTILIZACION DE MATERIA PRIMA SEGÚN ACTIVIDAD PRODUCTIVA(1).xlsx
2025;2;Febrero;PROCESAMIENTO DE AVENA;materia_prima;Trigo;0.160;0.120;;;Toneladas;2025 INGRESO Y UTILIZACION DE MATERIA PRIMA SEGÚN ACTIVIDAD PRODUCTIVA(1).xlsx
2025;2;Febrero;PROCESAMIENTO DE AVENA;producto;Avena;;;3,127.906;2,665.106;Toneladas;2025 PRODUCCIÓN Y VENTA DE LA  ACTIVIDAD PRODUCTIVA.xlsx
2025;2;Febrero;PROCESAMIENTO DE AVENA;producto;Enriquecido de cereales;;;365.878;387.378;Toneladas;2025 PRODUCCIÓN Y VENTA DE LA  ACTIVIDAD PRODUCTIVA.xlsx
2025;2;Febrero;PROCESAMIENTO DE AZUCAR;materia_prima;Caña de Azúcar;761,127.182;761,127.182;;;Toneladas;2025 INGRESO Y UTILIZACION DE MATERIA PRIMA SEGÚN ACTIVIDAD PRODUCTIVA(1).xlsx
2025;2;Febrero;PROCESAMIENTO DE AZUCAR;producto;Azúcar;;;82,160.561;82,160.561;Toneladas;2025 PRODUCCIÓN Y VENTA DE LA  ACTIVIDAD PRODUCTIVA.xlsx
2025;2;Febrero;PROCESAMIENTO DE DERIVADOS LACTEOS;producto;Cremas;;;668.870;663.553;Toneladas;2025 PRODUCCIÓN Y VENTA DE LA  ACTIVIDAD PRODUCTIVA.xlsx
2025;2;Febrero;PROCESAMIENTO DE DERIVADOS LACTEOS;producto;Manjar blanco;;;608.291;570.048;Toneladas;2025 PRODUCCIÓN Y VENTA DE LA  ACTIVIDAD PRODUCTIVA.xlsx
2025;2;Febrero;PROCESAMIENTO DE DERIVADOS LACTEOS;producto;Mantequilla;;;449.968;404.890;Toneladas;2025 PRODUCCIÓN Y VENTA DE LA  ACTIVIDAD PRODUCTIVA.xlsx
2025;2;Febrero;PROCESAMIENTO DE DERIVADOS LACTEOS;producto;Queso Mantecoso;;;7.300;7.300;Toneladas;2025 PRODUCCIÓN Y VENTA DE LA  ACTIVIDAD PRODUCTIVA.xlsx
2025;2;Febrero;PROCESAMIENTO DE DERIVADOS LACTEOS;producto;Quesos Frescos;;;316.161;316.062;Toneladas;2025 PRODUCCIÓN Y VENTA DE LA  ACTIVIDAD PRODUCTIVA.xlsx
2025;2;Febrero;PROCESAMIENTO DE DERIVADOS LACTEOS;producto;Quesos Madurados;;;1,061.829;1,069.792;Toneladas;2025 PRODUCCIÓN Y VENTA DE LA  ACTIVIDAD PRODUCTIVA.xlsx
2025;2;Febrero;PROCESAMIENTO DE DERIVADOS LACTEOS;producto;Yogurt;;;11,577.403;11,014.423;Toneladas;2025 PRODUCCIÓN Y VENTA DE LA  ACTIVIDAD PRODUCTIVA.xlsx
2025;2;Febrero;PROCESAMIENTO DE DERIVADOS LACTEOS, LECHES Y MEZCLAS LACTEAS;materia_prima;Grasa anhidra de leche (GAL);268.590;316.324;;;Toneladas;2025 INGRESO Y UTILIZACION DE MATERIA PRIMA SEGÚN ACTIVIDAD PRODUCTIVA(1).xlsx
2025;2;Febrero;PROCESAMIENTO DE DERIVADOS LACTEOS, LECHES Y MEZCLAS LACTEAS;materia_prima;Leche en polvo descremada (LPD);2,661.818;1,568.948;;;Toneladas;2025 INGRESO Y UTILIZACION DE MATERIA PRIMA SEGÚN ACTIVIDAD PRODUCTIVA(1).xlsx
2025;2;Febrero;PROCESAMIENTO DE DERIVADOS LACTEOS, LECHES Y MEZCLAS LACTEAS;materia_prima;Leche en polvo entera (LEP);3,569.466;3,084.373;;;Toneladas;2025 INGRESO Y UTILIZACION DE MATERIA PRIMA SEGÚN ACTIVIDAD PRODUCTIVA(1).xlsx
2025;2;Febrero;PROCESAMIENTO DE DERIVADOS LACTEOS, LECHES Y MEZCLAS LACTEAS;materia_prima;Leche fresca;58,280.201;57,375.780;;;Toneladas;2025 INGRESO Y UTILIZACION DE MATERIA PRIMA SEGÚN ACTIVIDAD PRODUCTIVA(1).xlsx
2025;2;Febrero;PROCESAMIENTO DE EMBUTIDOS Y CARNES PREPARADAS;materia_prima;Carne Industrial;712.325;693.593;;;Toneladas;2025 INGRESO Y UTILIZACION DE MATERIA PRIMA SEGÚN ACTIVIDAD PRODUCTIVA(1).xlsx
2025;2;Febrero;PROCESAMIENTO DE EMBUTIDOS Y CARNES PREPARADAS;materia_prima;Carne de Cerdo;2,263.415;1,923.514;;;Toneladas;2025 INGRESO Y UTILIZACION DE MATERIA PRIMA SEGÚN ACTIVIDAD PRODUCTIVA(1).xlsx
2025;2;Febrero;PROCESAMIENTO DE EMBUTIDOS Y CARNES PREPARADAS;materia_prima;Carne de ave;902.901;843.222;;;Toneladas;2025 INGRESO Y UTILIZACION DE MATERIA PRIMA SEGÚN ACTIVIDAD PRODUCTIVA(1).xlsx
2025;2;Febrero;PROCESAMIENTO DE EMBUTIDOS Y CARNES PREPARADAS;materia_prima;Maizena;260.743;245.090;;;Toneladas;2025 INGRESO Y UTILIZACION DE MATERIA PRIMA SEGÚN ACTIVIDAD PRODUCTIVA(1).xlsx
2025;2;Febrero;PROCESAMIENTO DE EMBUTIDOS Y CARNES PREPARADAS;materia_prima;Otros;96.539;120.325;;;Toneladas;2025 INGRESO Y UTILIZACION DE MATERIA PRIMA SEGÚN ACTIVIDAD PRODUCTIVA(1).xlsx
2025;2;Febrero;PROCESAMIENTO DE EMBUTIDOS Y CARNES PREPARADAS;materia_prima;Sal;66.250;52.561;;;Toneladas;2025 INGRESO Y UTILIZACION DE MATERIA PRIMA SEGÚN ACTIVIDAD PRODUCTIVA(1).xlsx
2025;2;Febrero;PROCESAMIENTO DE EMBUTIDOS Y CARNES PREPARADAS;producto;Ahumado;;;225.782;231.017;Toneladas;2025 PRODUCCIÓN Y VENTA DE LA  ACTIVIDAD PRODUCTIVA.xlsx
2025;2;Febrero;PROCESAMIENTO DE EMBUTIDOS Y CARNES PREPARADAS;producto;Carne preparada-cocidos especiales;;;336.196;334.990;Toneladas;2025 PRODUCCIÓN Y VENTA DE LA  ACTIVIDAD PRODUCTIVA.xlsx
2025;2;Febrero;PROCESAMIENTO DE EMBUTIDOS Y CARNES PREPARADAS;producto;Chicharrón de Prensa;;;77.591;100.312;Toneladas;2025 PRODUCCIÓN Y VENTA DE LA  ACTIVIDAD PRODUCTIVA.xlsx
2025;2;Febrero;PROCESAMIENTO DE EMBUTIDOS Y CARNES PREPARADAS;producto;Chorizo;;;681.199;698.883;Toneladas;2025 PRODUCCIÓN Y VENTA DE LA  ACTIVIDAD PRODUCTIVA.xlsx
2025;2;Febrero;PROCESAMIENTO DE EMBUTIDOS Y CARNES PREPARADAS;producto;Hamburguesa;;;495.607;469.405;Toneladas;2025 PRODUCCIÓN Y VENTA DE LA  ACTIVIDAD PRODUCTIVA.xlsx
2025;2;Febrero;PROCESAMIENTO DE EMBUTIDOS Y CARNES PREPARADAS;producto;Hot Dog y/o Salchicha;;;2,147.924;2,316.172;Toneladas;2025 PRODUCCIÓN Y VENTA DE LA  ACTIVIDAD PRODUCTIVA.xlsx
2025;2;Febrero;PROCESAMIENTO DE EMBUTIDOS Y CARNES PREPARADAS;producto;Jamonada;;;806.510;813.692;Toneladas;2025 PRODUCCIÓN Y VENTA DE LA  ACTIVIDAD PRODUCTIVA.xlsx
2025;2;Febrero;PROCESAMIENTO DE EMBUTIDOS Y CARNES PREPARADAS;producto;Jamón;;;957.396;923.664;Toneladas;2025 PRODUCCIÓN Y VENTA DE LA  ACTIVIDAD PRODUCTIVA.xlsx
2025;2;Febrero;PROCESAMIENTO DE EMBUTIDOS Y CARNES PREPARADAS;producto;Mortadela;;;100.148;101.448;Toneladas;2025 PRODUCCIÓN Y VENTA DE LA  ACTIVIDAD PRODUCTIVA.xlsx
2025;2;Febrero;PROCESAMIENTO DE EMBUTIDOS Y CARNES PREPARADAS;producto;Otros;;;235.529;199.542;Toneladas;2025 PRODUCCIÓN Y VENTA DE LA  ACTIVIDAD PRODUCTIVA.xlsx
2025;2;Febrero;PROCESAMIENTO DE EMBUTIDOS Y CARNES PREPARADAS;producto;Pastel;;;4.210;4.174;Toneladas;2025 PRODUCCIÓN Y VENTA DE LA  ACTIVIDAD PRODUCTIVA.xlsx
2025;2;Febrero;PROCESAMIENTO DE EMBUTIDOS Y CARNES PREPARADAS;producto;Paté;;;75.415;69.153;Toneladas;2025 PRODUCCIÓN Y VENTA DE LA  ACTIVIDAD PRODUCTIVA.xlsx
2025;2;Febrero;PROCESAMIENTO DE EMBUTIDOS Y CARNES PREPARADAS;producto;Queso de Chancho;;;4.300;7.154;Toneladas;2025 PRODUCCIÓN Y VENTA DE LA  ACTIVIDAD PRODUCTIVA.xlsx
2025;2;Febrero;PROCESAMIENTO DE EMBUTIDOS Y CARNES PREPARADAS;producto;Salame;;;9.797;9.117;Toneladas;2025 PRODUCCIÓN Y VENTA DE LA  ACTIVIDAD PRODUCTIVA.xlsx
2025;2;Febrero;PROCESAMIENTO DE FIDEO;materia_prima;Harina de Trigo;35,759.814;36,822.438;;;Toneladas;2025 INGRESO Y UTILIZACION DE MATERIA PRIMA SEGÚN ACTIVIDAD PRODUCTIVA(1).xlsx
2025;2;Febrero;PROCESAMIENTO DE FIDEO;producto;Fideo corriente a granel;;;1,384.407;1,414.866;Toneladas;2025 PRODUCCIÓN Y VENTA DE LA  ACTIVIDAD PRODUCTIVA.xlsx
2025;2;Febrero;PROCESAMIENTO DE FIDEO;producto;Fideo envasado;;;36,872.916;32,860.657;Toneladas;2025 PRODUCCIÓN Y VENTA DE LA  ACTIVIDAD PRODUCTIVA.xlsx
2025;2;Febrero;PROCESAMIENTO DE HARINA DE TRIGO;materia_prima;Trigo entero;235,117.647;194,907.717;;;Toneladas;2025 INGRESO Y UTILIZACION DE MATERIA PRIMA SEGÚN ACTIVIDAD PRODUCTIVA(1).xlsx
2025;2;Febrero;PROCESAMIENTO DE HARINA DE TRIGO;producto;Harina de Trigo;;;115,467.350;113,202.033;Toneladas;2025 PRODUCCIÓN Y VENTA DE LA  ACTIVIDAD PRODUCTIVA.xlsx
2025;2;Febrero;PROCESAMIENTO DE HARINA DE TRIGO;producto;Sub producto de trigo;;;29,586.002;28,860.160;Toneladas;2025 PRODUCCIÓN Y VENTA DE LA  ACTIVIDAD PRODUCTIVA.xlsx
2025;2;Febrero;PROCESAMIENTO DE HARINA DE TRIGO;producto;Sémola;;;494.880;461.010;Toneladas;2025 PRODUCCIÓN Y VENTA DE LA  ACTIVIDAD PRODUCTIVA.xlsx
2025;2;Febrero;PROCESAMIENTO DE MALTA;materia_prima;Cebada;7,860.720;9,305.880;;;Toneladas;2025 INGRESO Y UTILIZACION DE MATERIA PRIMA SEGÚN ACTIVIDAD PRODUCTIVA(1).xlsx
2025;2;Febrero;PROCESAMIENTO DE MALTA;producto;Malta de cebada;;;8,479.970;7,591.657;Toneladas;2025 PRODUCCIÓN Y VENTA DE LA  ACTIVIDAD PRODUCTIVA.xlsx
2025;2;Febrero;PROCESAMIENTO DEL CACAO;materia_prima;Cacao Grano;3,376.884;4,728.639;;;Toneladas;2025 INGRESO Y UTILIZACION DE MATERIA PRIMA SEGÚN ACTIVIDAD PRODUCTIVA(1).xlsx
2025;2;Febrero;PROCESAMIENTO DEL CACAO;materia_prima;Cocoa;4.230;3.222;;;Toneladas;2025 INGRESO Y UTILIZACION DE MATERIA PRIMA SEGÚN ACTIVIDAD PRODUCTIVA(1).xlsx
2025;2;Febrero;PROCESAMIENTO DEL CACAO;materia_prima;Licor de Cacao;6.120;4.750;;;Toneladas;2025 INGRESO Y UTILIZACION DE MATERIA PRIMA SEGÚN ACTIVIDAD PRODUCTIVA(1).xlsx
2025;2;Febrero;PROCESAMIENTO DEL CACAO;materia_prima;Manteca de Cacao;0.480;1.214;;;Toneladas;2025 INGRESO Y UTILIZACION DE MATERIA PRIMA SEGÚN ACTIVIDAD PRODUCTIVA(1).xlsx
2025;2;Febrero;PROCESAMIENTO DEL CACAO;materia_prima;Torta de Cacao;1.825;1.130;;;Toneladas;2025 INGRESO Y UTILIZACION DE MATERIA PRIMA SEGÚN ACTIVIDAD PRODUCTIVA(1).xlsx
2025;2;Febrero;PROCESAMIENTO DEL CACAO;producto;Cacao Grano;;;568.225;537.855;Toneladas;2025 PRODUCCIÓN Y VENTA DE LA  ACTIVIDAD PRODUCTIVA.xlsx
2025;2;Febrero;PROCESAMIENTO DEL CACAO;producto;Chocolate y cobertura;;;5.886;4.404;Toneladas;2025 PRODUCCIÓN Y VENTA DE LA  ACTIVIDAD PRODUCTIVA.xlsx
2025;2;Febrero;PROCESAMIENTO DEL CACAO;producto;Cocoa;;;398.560;298.590;Toneladas;2025 PRODUCCIÓN Y VENTA DE LA  ACTIVIDAD PRODUCTIVA.xlsx
2025;2;Febrero;PROCESAMIENTO DEL CACAO;producto;Licor de cacao;;;596.339;783.178;Toneladas;2025 PRODUCCIÓN Y VENTA DE LA  ACTIVIDAD PRODUCTIVA.xlsx
2025;2;Febrero;PROCESAMIENTO DEL CACAO;producto;Manteca de cacao;;;1,296.895;974.591;Toneladas;2025 PRODUCCIÓN Y VENTA DE LA  ACTIVIDAD PRODUCTIVA.xlsx
2025;2;Febrero;PROCESAMIENTO DEL CACAO;producto;Polvo de Cacao;;;954.493;1,006.175;Toneladas;2025 PRODUCCIÓN Y VENTA DE LA  ACTIVIDAD PRODUCTIVA.xlsx
2025;2;Febrero;PROCESAMIENTO DEL CACAO;producto;Torta de cacao;;;1,209.970;1,293.537;Toneladas;2025 PRODUCCIÓN Y VENTA DE LA  ACTIVIDAD PRODUCTIVA.xlsx
2025;2;Febrero;PROCESAMIENTO DEL ESPARRAGO;materia_prima;Espárrago Fresco;5,194.567;4,977.543;;;Toneladas;2025 INGRESO Y UTILIZACION DE MATERIA PRIMA SEGÚN ACTIVIDAD PRODUCTIVA(1).xlsx
2025;2;Febrero;PROCESAMIENTO DEL ESPARRAGO;producto;Congelado;;;474.546;350.339;Toneladas;2025 PRODUCCIÓN Y VENTA DE LA  ACTIVIDAD PRODUCTIVA.xlsx
2025;2;Febrero;PROCESAMIENTO DEL ESPARRAGO;producto;Conserva;;;1,060.000;1,350.000;Toneladas;2025 PRODUCCIÓN Y VENTA DE LA  ACTIVIDAD PRODUCTIVA.xlsx
2025;2;Febrero;PROCESAMIENTO DEL ESPARRAGO;producto;Fresco;;;1,814.605;1,744.883;Toneladas;2025 PRODUCCIÓN Y VENTA DE LA  ACTIVIDAD PRODUCTIVA.xlsx
2025;3;Marzo;ACEITE ESENCIAL DE LIMÓN;materia_prima;Limón;4,284.950;4,284.950;;;Toneladas;2025 INGRESO Y UTILIZACION DE MATERIA PRIMA SEGÚN ACTIVIDAD PRODUCTIVA(1).xlsx
2025;3;Marzo;ACEITE ESENCIAL DE LIMÓN;producto;Aceite Esencial de Limón;;;19.711;19.720;Toneladas;2025 PRODUCCIÓN Y VENTA DE LA  ACTIVIDAD PRODUCTIVA.xlsx
2025;3;Marzo;ACEITE ESENCIAL DE LIMÓN;producto;Cáscara de Limón;;;302.600;190.590;Toneladas;2025 PRODUCCIÓN Y VENTA DE LA  ACTIVIDAD PRODUCTIVA.xlsx
2025;3;Marzo;LECHES Y MEZCLAS LACTEAS;producto;Condensada;;;1,917.823;1,590.353;Toneladas;2025 PRODUCCIÓN Y VENTA DE LA  ACTIVIDAD PRODUCTIVA.xlsx
2025;3;Marzo;LECHES Y MEZCLAS LACTEAS;producto;Evaporadas;;;32,176.200;31,563.200;Toneladas;2025 PRODUCCIÓN Y VENTA DE LA  ACTIVIDAD PRODUCTIVA.xlsx
2025;3;Marzo;LECHES Y MEZCLAS LACTEAS;producto;Leche evaporada*;;;3,858.900;2,906.200;Toneladas;2025 PRODUCCIÓN Y VENTA DE LA  ACTIVIDAD PRODUCTIVA.xlsx
2025;3;Marzo;LECHES Y MEZCLAS LACTEAS;producto;Mezclas lácteas*;;;28,317.300;28,657.000;Toneladas;2025 PRODUCCIÓN Y VENTA DE LA  ACTIVIDAD PRODUCTIVA.xlsx
2025;3;Marzo;LECHES Y MEZCLAS LACTEAS;producto;Pasteurizada;;;16,466.181;16,440.795;Toneladas;2025 PRODUCCIÓN Y VENTA DE LA  ACTIVIDAD PRODUCTIVA.xlsx
2025;3;Marzo;PROCESAMIENTO DE ACEITES Y GRASAS;materia_prima;Crudo de Girasol;189.170;3,538.436;;;Toneladas;2025 INGRESO Y UTILIZACION DE MATERIA PRIMA SEGÚN ACTIVIDAD PRODUCTIVA(1).xlsx
2025;3;Marzo;PROCESAMIENTO DE ACEITES Y GRASAS;materia_prima;Crudo de Palma;20,672.850;21,357.539;;;Toneladas;2025 INGRESO Y UTILIZACION DE MATERIA PRIMA SEGÚN ACTIVIDAD PRODUCTIVA(1).xlsx
2025;3;Marzo;PROCESAMIENTO DE ACEITES Y GRASAS;materia_prima;Crudo de Palmiste;286.440;89.981;;;Toneladas;2025 INGRESO Y UTILIZACION DE MATERIA PRIMA SEGÚN ACTIVIDAD PRODUCTIVA(1).xlsx
2025;3;Marzo;PROCESAMIENTO DE ACEITES Y GRASAS;materia_prima;Crudo de Soya;12,390.240;17,280.136;;;Toneladas;2025 INGRESO Y UTILIZACION DE MATERIA PRIMA SEGÚN ACTIVIDAD PRODUCTIVA(1).xlsx
2025;3;Marzo;PROCESAMIENTO DE ACEITES Y GRASAS;materia_prima;Crudo de algodón;25.000;30.000;;;Toneladas;2025 INGRESO Y UTILIZACION DE MATERIA PRIMA SEGÚN ACTIVIDAD PRODUCTIVA(1).xlsx
2025;3;Marzo;PROCESAMIENTO DE ACEITES Y GRASAS;materia_prima;Fruto de palma;24,568.000;24,658.000;;;Toneladas;2025 INGRESO Y UTILIZACION DE MATERIA PRIMA SEGÚN ACTIVIDAD PRODUCTIVA(1).xlsx
2025;3;Marzo;PROCESAMIENTO DE ACEITES Y GRASAS;materia_prima;Maiz Amarillo Duro;5,026.000;5,026.000;;;Toneladas;2025 INGRESO Y UTILIZACION DE MATERIA PRIMA SEGÚN ACTIVIDAD PRODUCTIVA(1).xlsx
2025;3;Marzo;PROCESAMIENTO DE ACEITES Y GRASAS;materia_prima;Refinado de Soya;500.000;540.000;;;Toneladas;2025 INGRESO Y UTILIZACION DE MATERIA PRIMA SEGÚN ACTIVIDAD PRODUCTIVA(1).xlsx
2025;3;Marzo;PROCESAMIENTO DE ACEITES Y GRASAS;materia_prima;refinado de Palma;0.000;0.000;;;Toneladas;2025 INGRESO Y UTILIZACION DE MATERIA PRIMA SEGÚN ACTIVIDAD PRODUCTIVA(1).xlsx
2025;3;Marzo;PROCESAMIENTO DE ACEITES Y GRASAS;producto;Aceite Vegetal;;;22,209.061;22,756.605;Toneladas;2025 PRODUCCIÓN Y VENTA DE LA  ACTIVIDAD PRODUCTIVA.xlsx
2025;3;Marzo;PROCESAMIENTO DE ACEITES Y GRASAS;producto;Manteca Vegetal;;;6,271.838;6,357.323;Toneladas;2025 PRODUCCIÓN Y VENTA DE LA  ACTIVIDAD PRODUCTIVA.xlsx
2025;3;Marzo;PROCESAMIENTO DE ACEITES Y GRASAS;producto;Margarina;;;1,755.100;1,771.014;Toneladas;2025 PRODUCCIÓN Y VENTA DE LA  ACTIVIDAD PRODUCTIVA.xlsx
2025;3;Marzo;PROCESAMIENTO DE ALIMENTOS BALANCEADOS;materia_prima;Carbonato de calcio;4,110.773;4,488.219;;;Toneladas;2025 INGRESO Y UTILIZACION DE MATERIA PRIMA SEGÚN ACTIVIDAD PRODUCTIVA(1).xlsx
2025;3;Marzo;PROCESAMIENTO DE ALIMENTOS BALANCEADOS;materia_prima;Grasas de pescado;3,781.057;4,105.065;;;Toneladas;2025 INGRESO Y UTILIZACION DE MATERIA PRIMA SEGÚN ACTIVIDAD PRODUCTIVA(1).xlsx
2025;3;Marzo;PROCESAMIENTO DE ALIMENTOS BALANCEADOS;materia_prima;Harina de Pescado;1,433.203;1,523.339;;;Toneladas;2025 INGRESO Y UTILIZACION DE MATERIA PRIMA SEGÚN ACTIVIDAD PRODUCTIVA(1).xlsx
2025;3;Marzo;PROCESAMIENTO DE ALIMENTOS BALANCEADOS;materia_prima;Maiz amarillo Duro;210,623.511;205,312.718;;;Toneladas;2025 INGRESO Y UTILIZACION DE MATERIA PRIMA SEGÚN ACTIVIDAD PRODUCTIVA(1).xlsx
2025;3;Marzo;PROCESAMIENTO DE ALIMENTOS BALANCEADOS;materia_prima;Melaza;205.490;211.680;;;Toneladas;2025 INGRESO Y UTILIZACION DE MATERIA PRIMA SEGÚN ACTIVIDAD PRODUCTIVA(1).xlsx
2025;3;Marzo;PROCESAMIENTO DE ALIMENTOS BALANCEADOS;materia_prima;Otros;24,119.455;23,971.861;;;Toneladas;2025 INGRESO Y UTILIZACION DE MATERIA PRIMA SEGÚN ACTIVIDAD PRODUCTIVA(1).xlsx
2025;3;Marzo;PROCESAMIENTO DE ALIMENTOS BALANCEADOS;materia_prima;Polvillo de arroz;3,411.480;3,658.623;;;Toneladas;2025 INGRESO Y UTILIZACION DE MATERIA PRIMA SEGÚN ACTIVIDAD PRODUCTIVA(1).xlsx
2025;3;Marzo;PROCESAMIENTO DE ALIMENTOS BALANCEADOS;materia_prima;Soya en grano;5,079.590;3,016.777;;;Toneladas;2025 INGRESO Y UTILIZACION DE MATERIA PRIMA SEGÚN ACTIVIDAD PRODUCTIVA(1).xlsx
2025;3;Marzo;PROCESAMIENTO DE ALIMENTOS BALANCEADOS;materia_prima;Sub producto de trigo;9,583.412;11,563.238;;;Toneladas;2025 INGRESO Y UTILIZACION DE MATERIA PRIMA SEGÚN ACTIVIDAD PRODUCTIVA(1).xlsx
2025;3;Marzo;PROCESAMIENTO DE ALIMENTOS BALANCEADOS;materia_prima;Torta de algodón;51.100;51.100;;;Toneladas;2025 INGRESO Y UTILIZACION DE MATERIA PRIMA SEGÚN ACTIVIDAD PRODUCTIVA(1).xlsx
2025;3;Marzo;PROCESAMIENTO DE ALIMENTOS BALANCEADOS;materia_prima;Torta de soya;100,084.835;84,549.255;;;Toneladas;2025 INGRESO Y UTILIZACION DE MATERIA PRIMA SEGÚN ACTIVIDAD PRODUCTIVA(1).xlsx
2025;3;Marzo;PROCESAMIENTO DE ALIMENTOS BALANCEADOS;producto;Alimento balanceado para aves carne;;;202,755.592;200,919.660;Toneladas;2025 PRODUCCIÓN Y VENTA DE LA  ACTIVIDAD PRODUCTIVA.xlsx
2025;3;Marzo;PROCESAMIENTO DE ALIMENTOS BALANCEADOS;producto;Alimento balanceado para aves postura/reproductora;;;69,199.566;69,292.371;Toneladas;2025 PRODUCCIÓN Y VENTA DE LA  ACTIVIDAD PRODUCTIVA.xlsx
2025;3;Marzo;PROCESAMIENTO DE ALIMENTOS BALANCEADOS;producto;Alimento balanceado para pavos y patos;;;4,406.047;4,400.214;Toneladas;2025 PRODUCCIÓN Y VENTA DE LA  ACTIVIDAD PRODUCTIVA.xlsx
2025;3;Marzo;PROCESAMIENTO DE ALIMENTOS BALANCEADOS;producto;Alimento balanceado para porcinos;;;25,625.019;25,450.351;Toneladas;2025 PRODUCCIÓN Y VENTA DE LA  ACTIVIDAD PRODUCTIVA.xlsx
2025;3;Marzo;PROCESAMIENTO DE ALIMENTOS BALANCEADOS;producto;Alimento balanceado para vacunos;;;9,708.714;9,656.460;Toneladas;2025 PRODUCCIÓN Y VENTA DE LA  ACTIVIDAD PRODUCTIVA.xlsx
2025;3;Marzo;PROCESAMIENTO DE ALIMENTOS BALANCEADOS;producto;Otros animales 1/;;;31,401.421;37,012.941;Toneladas;2025 PRODUCCIÓN Y VENTA DE LA  ACTIVIDAD PRODUCTIVA.xlsx
2025;3;Marzo;PROCESAMIENTO DE AVENA;materia_prima;Avena;10,182.000;2,390.898;;;Toneladas;2025 INGRESO Y UTILIZACION DE MATERIA PRIMA SEGÚN ACTIVIDAD PRODUCTIVA(1).xlsx
2025;3;Marzo;PROCESAMIENTO DE AVENA;materia_prima;Azúcar;1.472;1.648;;;Toneladas;2025 INGRESO Y UTILIZACION DE MATERIA PRIMA SEGÚN ACTIVIDAD PRODUCTIVA(1).xlsx
2025;3;Marzo;PROCESAMIENTO DE AVENA;materia_prima;Cebada;0.690;0.660;;;Toneladas;2025 INGRESO Y UTILIZACION DE MATERIA PRIMA SEGÚN ACTIVIDAD PRODUCTIVA(1).xlsx
2025;3;Marzo;PROCESAMIENTO DE AVENA;materia_prima;Kiwicha;17.125;16.959;;;Toneladas;2025 INGRESO Y UTILIZACION DE MATERIA PRIMA SEGÚN ACTIVIDAD PRODUCTIVA(1).xlsx
2025;3;Marzo;PROCESAMIENTO DE AVENA;materia_prima;Leche en Polvo;1.058;1.013;;;Toneladas;2025 INGRESO Y UTILIZACION DE MATERIA PRIMA SEGÚN ACTIVIDAD PRODUCTIVA(1).xlsx
2025;3;Marzo;PROCESAMIENTO DE AVENA;materia_prima;Maca;4.100;2.558;;;Toneladas;2025 INGRESO Y UTILIZACION DE MATERIA PRIMA SEGÚN ACTIVIDAD PRODUCTIVA(1).xlsx
2025;3;Marzo;PROCESAMIENTO DE AVENA;materia_prima;Quinua;18.198;18.931;;;Toneladas;2025 INGRESO Y UTILIZACION DE MATERIA PRIMA SEGÚN ACTIVIDAD PRODUCTIVA(1).xlsx
2025;3;Marzo;PROCESAMIENTO DE AVENA;materia_prima;Soya;1.269;4.145;;;Toneladas;2025 INGRESO Y UTILIZACION DE MATERIA PRIMA SEGÚN ACTIVIDAD PRODUCTIVA(1).xlsx
2025;3;Marzo;PROCESAMIENTO DE AVENA;materia_prima;Trigo;0.150;0.100;;;Toneladas;2025 INGRESO Y UTILIZACION DE MATERIA PRIMA SEGÚN ACTIVIDAD PRODUCTIVA(1).xlsx
2025;3;Marzo;PROCESAMIENTO DE AVENA;producto;Avena;;;3,218.810;2,882.760;Toneladas;2025 PRODUCCIÓN Y VENTA DE LA  ACTIVIDAD PRODUCTIVA.xlsx
2025;3;Marzo;PROCESAMIENTO DE AVENA;producto;Enriquecido de cereales;;;427.196;465.201;Toneladas;2025 PRODUCCIÓN Y VENTA DE LA  ACTIVIDAD PRODUCTIVA.xlsx
2025;3;Marzo;PROCESAMIENTO DE AZUCAR;materia_prima;Caña de Azúcar;684,511.243;684,511.243;;;Toneladas;2025 INGRESO Y UTILIZACION DE MATERIA PRIMA SEGÚN ACTIVIDAD PRODUCTIVA(1).xlsx
2025;3;Marzo;PROCESAMIENTO DE AZUCAR;producto;Azúcar;;;66,624.210;66,624.200;Toneladas;2025 PRODUCCIÓN Y VENTA DE LA  ACTIVIDAD PRODUCTIVA.xlsx
2025;3;Marzo;PROCESAMIENTO DE DERIVADOS LACTEOS;producto;Cremas;;;726.930;685.010;Toneladas;2025 PRODUCCIÓN Y VENTA DE LA  ACTIVIDAD PRODUCTIVA.xlsx
2025;3;Marzo;PROCESAMIENTO DE DERIVADOS LACTEOS;producto;Manjar blanco;;;590.181;591.412;Toneladas;2025 PRODUCCIÓN Y VENTA DE LA  ACTIVIDAD PRODUCTIVA.xlsx
2025;3;Marzo;PROCESAMIENTO DE DERIVADOS LACTEOS;producto;Mantequilla;;;307.173;476.476;Toneladas;2025 PRODUCCIÓN Y VENTA DE LA  ACTIVIDAD PRODUCTIVA.xlsx
2025;3;Marzo;PROCESAMIENTO DE DERIVADOS LACTEOS;producto;Queso Mantecoso;;;28.140;28.140;Toneladas;2025 PRODUCCIÓN Y VENTA DE LA  ACTIVIDAD PRODUCTIVA.xlsx
2025;3;Marzo;PROCESAMIENTO DE DERIVADOS LACTEOS;producto;Quesos Frescos;;;368.242;368.406;Toneladas;2025 PRODUCCIÓN Y VENTA DE LA  ACTIVIDAD PRODUCTIVA.xlsx
2025;3;Marzo;PROCESAMIENTO DE DERIVADOS LACTEOS;producto;Quesos Madurados;;;1,142.220;1,175.648;Toneladas;2025 PRODUCCIÓN Y VENTA DE LA  ACTIVIDAD PRODUCTIVA.xlsx
2025;3;Marzo;PROCESAMIENTO DE DERIVADOS LACTEOS;producto;Yogurt;;;13,323.350;13,565.635;Toneladas;2025 PRODUCCIÓN Y VENTA DE LA  ACTIVIDAD PRODUCTIVA.xlsx
2025;3;Marzo;PROCESAMIENTO DE DERIVADOS LACTEOS, LECHES Y MEZCLAS LACTEAS;materia_prima;Grasa anhidra de leche (GAL);336.000;339.500;;;Toneladas;2025 INGRESO Y UTILIZACION DE MATERIA PRIMA SEGÚN ACTIVIDAD PRODUCTIVA(1).xlsx
2025;3;Marzo;PROCESAMIENTO DE DERIVADOS LACTEOS, LECHES Y MEZCLAS LACTEAS;materia_prima;Leche en polvo descremada (LPD);2,703.600;2,032.300;;;Toneladas;2025 INGRESO Y UTILIZACION DE MATERIA PRIMA SEGÚN ACTIVIDAD PRODUCTIVA(1).xlsx
2025;3;Marzo;PROCESAMIENTO DE DERIVADOS LACTEOS, LECHES Y MEZCLAS LACTEAS;materia_prima;Leche en polvo entera (LEP);2,250.200;3,717.400;;;Toneladas;2025 INGRESO Y UTILIZACION DE MATERIA PRIMA SEGÚN ACTIVIDAD PRODUCTIVA(1).xlsx
2025;3;Marzo;PROCESAMIENTO DE DERIVADOS LACTEOS, LECHES Y MEZCLAS LACTEAS;materia_prima;Leche fresca;64,367.500;63,988.500;;;Toneladas;2025 INGRESO Y UTILIZACION DE MATERIA PRIMA SEGÚN ACTIVIDAD PRODUCTIVA(1).xlsx
2025;3;Marzo;PROCESAMIENTO DE EMBUTIDOS Y CARNES PREPARADAS;materia_prima;Carne Industrial;1,038.354;973.711;;;Toneladas;2025 INGRESO Y UTILIZACION DE MATERIA PRIMA SEGÚN ACTIVIDAD PRODUCTIVA(1).xlsx
2025;3;Marzo;PROCESAMIENTO DE EMBUTIDOS Y CARNES PREPARADAS;materia_prima;Carne de Cerdo;2,468.137;2,205.661;;;Toneladas;2025 INGRESO Y UTILIZACION DE MATERIA PRIMA SEGÚN ACTIVIDAD PRODUCTIVA(1).xlsx
2025;3;Marzo;PROCESAMIENTO DE EMBUTIDOS Y CARNES PREPARADAS;materia_prima;Carne de ave;862.759;880.539;;;Toneladas;2025 INGRESO Y UTILIZACION DE MATERIA PRIMA SEGÚN ACTIVIDAD PRODUCTIVA(1).xlsx
2025;3;Marzo;PROCESAMIENTO DE EMBUTIDOS Y CARNES PREPARADAS;materia_prima;Maizena;268.152;251.694;;;Toneladas;2025 INGRESO Y UTILIZACION DE MATERIA PRIMA SEGÚN ACTIVIDAD PRODUCTIVA(1).xlsx
2025;3;Marzo;PROCESAMIENTO DE EMBUTIDOS Y CARNES PREPARADAS;materia_prima;Otros;129.292;143.432;;;Toneladas;2025 INGRESO Y UTILIZACION DE MATERIA PRIMA SEGÚN ACTIVIDAD PRODUCTIVA(1).xlsx
2025;3;Marzo;PROCESAMIENTO DE EMBUTIDOS Y CARNES PREPARADAS;materia_prima;Sal;62.707;47.724;;;Toneladas;2025 INGRESO Y UTILIZACION DE MATERIA PRIMA SEGÚN ACTIVIDAD PRODUCTIVA(1).xlsx
2025;3;Marzo;PROCESAMIENTO DE EMBUTIDOS Y CARNES PREPARADAS;producto;Ahumado;;;280.863;292.610;Toneladas;2025 PRODUCCIÓN Y VENTA DE LA  ACTIVIDAD PRODUCTIVA.xlsx
2025;3;Marzo;PROCESAMIENTO DE EMBUTIDOS Y CARNES PREPARADAS;producto;Carne preparada-cocidos especiales;;;365.939;360.871;Toneladas;2025 PRODUCCIÓN Y VENTA DE LA  ACTIVIDAD PRODUCTIVA.xlsx
2025;3;Marzo;PROCESAMIENTO DE EMBUTIDOS Y CARNES PREPARADAS;producto;Chicharrón de Prensa;;;148.005;119.881;Toneladas;2025 PRODUCCIÓN Y VENTA DE LA  ACTIVIDAD PRODUCTIVA.xlsx
2025;3;Marzo;PROCESAMIENTO DE EMBUTIDOS Y CARNES PREPARADAS;producto;Chorizo;;;839.094;792.696;Toneladas;2025 PRODUCCIÓN Y VENTA DE LA  ACTIVIDAD PRODUCTIVA.xlsx
2025;3;Marzo;PROCESAMIENTO DE EMBUTIDOS Y CARNES PREPARADAS;producto;Hamburguesa;;;777.343;784.722;Toneladas;2025 PRODUCCIÓN Y VENTA DE LA  ACTIVIDAD PRODUCTIVA.xlsx
2025;3;Marzo;PROCESAMIENTO DE EMBUTIDOS Y CARNES PREPARADAS;producto;Hot Dog y/o Salchicha;;;2,912.347;2,976.073;Toneladas;2025 PRODUCCIÓN Y VENTA DE LA  ACTIVIDAD PRODUCTIVA.xlsx
2025;3;Marzo;PROCESAMIENTO DE EMBUTIDOS Y CARNES PREPARADAS;producto;Jamonada;;;1,068.315;1,061.340;Toneladas;2025 PRODUCCIÓN Y VENTA DE LA  ACTIVIDAD PRODUCTIVA.xlsx
2025;3;Marzo;PROCESAMIENTO DE EMBUTIDOS Y CARNES PREPARADAS;producto;Jamón;;;1,070.394;1,090.011;Toneladas;2025 PRODUCCIÓN Y VENTA DE LA  ACTIVIDAD PRODUCTIVA.xlsx
2025;3;Marzo;PROCESAMIENTO DE EMBUTIDOS Y CARNES PREPARADAS;producto;Mortadela;;;125.120;131.403;Toneladas;2025 PRODUCCIÓN Y VENTA DE LA  ACTIVIDAD PRODUCTIVA.xlsx
2025;3;Marzo;PROCESAMIENTO DE EMBUTIDOS Y CARNES PREPARADAS;producto;Otros;;;236.865;251.241;Toneladas;2025 PRODUCCIÓN Y VENTA DE LA  ACTIVIDAD PRODUCTIVA.xlsx
2025;3;Marzo;PROCESAMIENTO DE EMBUTIDOS Y CARNES PREPARADAS;producto;Pastel;;;4.846;4.802;Toneladas;2025 PRODUCCIÓN Y VENTA DE LA  ACTIVIDAD PRODUCTIVA.xlsx
2025;3;Marzo;PROCESAMIENTO DE EMBUTIDOS Y CARNES PREPARADAS;producto;Paté;;;85.774;80.891;Toneladas;2025 PRODUCCIÓN Y VENTA DE LA  ACTIVIDAD PRODUCTIVA.xlsx
2025;3;Marzo;PROCESAMIENTO DE EMBUTIDOS Y CARNES PREPARADAS;producto;Queso de Chancho;;;10.542;9.652;Toneladas;2025 PRODUCCIÓN Y VENTA DE LA  ACTIVIDAD PRODUCTIVA.xlsx
2025;3;Marzo;PROCESAMIENTO DE EMBUTIDOS Y CARNES PREPARADAS;producto;Salame;;;11.510;10.350;Toneladas;2025 PRODUCCIÓN Y VENTA DE LA  ACTIVIDAD PRODUCTIVA.xlsx
2025;3;Marzo;PROCESAMIENTO DE FIDEO;materia_prima;Harina de Trigo;36,048.366;35,923.886;;;Toneladas;2025 INGRESO Y UTILIZACION DE MATERIA PRIMA SEGÚN ACTIVIDAD PRODUCTIVA(1).xlsx
2025;3;Marzo;PROCESAMIENTO DE FIDEO;producto;Fideo corriente a granel;;;1,571.380;1,526.380;Toneladas;2025 PRODUCCIÓN Y VENTA DE LA  ACTIVIDAD PRODUCTIVA.xlsx
2025;3;Marzo;PROCESAMIENTO DE FIDEO;producto;Fideo envasado;;;34,724.545;34,332.035;Toneladas;2025 PRODUCCIÓN Y VENTA DE LA  ACTIVIDAD PRODUCTIVA.xlsx
2025;3;Marzo;PROCESAMIENTO DE HARINA DE TRIGO;materia_prima;Trigo entero;219,835.890;230,045.052;;;Toneladas;2025 INGRESO Y UTILIZACION DE MATERIA PRIMA SEGÚN ACTIVIDAD PRODUCTIVA(1).xlsx
2025;3;Marzo;PROCESAMIENTO DE HARINA DE TRIGO;producto;Harina de Trigo;;;125,025.815;128,941.531;Toneladas;2025 PRODUCCIÓN Y VENTA DE LA  ACTIVIDAD PRODUCTIVA.xlsx
2025;3;Marzo;PROCESAMIENTO DE HARINA DE TRIGO;producto;Sub producto de trigo;;;25,091.156;27,161.896;Toneladas;2025 PRODUCCIÓN Y VENTA DE LA  ACTIVIDAD PRODUCTIVA.xlsx
2025;3;Marzo;PROCESAMIENTO DE HARINA DE TRIGO;producto;Sémola;;;543.820;530.930;Toneladas;2025 PRODUCCIÓN Y VENTA DE LA  ACTIVIDAD PRODUCTIVA.xlsx
2025;3;Marzo;PROCESAMIENTO DE MALTA;materia_prima;Cebada;10,424.620;10,184.880;;;Toneladas;2025 INGRESO Y UTILIZACION DE MATERIA PRIMA SEGÚN ACTIVIDAD PRODUCTIVA(1).xlsx
2025;3;Marzo;PROCESAMIENTO DE MALTA;producto;Malta de cebada;;;7,584.400;8,719.178;Toneladas;2025 PRODUCCIÓN Y VENTA DE LA  ACTIVIDAD PRODUCTIVA.xlsx
2025;3;Marzo;PROCESAMIENTO DEL CACAO;materia_prima;Cacao Grano;3,211.581;5,625.673;;;Toneladas;2025 INGRESO Y UTILIZACION DE MATERIA PRIMA SEGÚN ACTIVIDAD PRODUCTIVA(1).xlsx
2025;3;Marzo;PROCESAMIENTO DEL CACAO;materia_prima;Cocoa;3.590;2.540;;;Toneladas;2025 INGRESO Y UTILIZACION DE MATERIA PRIMA SEGÚN ACTIVIDAD PRODUCTIVA(1).xlsx
2025;3;Marzo;PROCESAMIENTO DEL CACAO;materia_prima;Licor de Cacao;5.120;3.210;;;Toneladas;2025 INGRESO Y UTILIZACION DE MATERIA PRIMA SEGÚN ACTIVIDAD PRODUCTIVA(1).xlsx
2025;3;Marzo;PROCESAMIENTO DEL CACAO;materia_prima;Manteca de Cacao;0.680;1.230;;;Toneladas;2025 INGRESO Y UTILIZACION DE MATERIA PRIMA SEGÚN ACTIVIDAD PRODUCTIVA(1).xlsx
2025;3;Marzo;PROCESAMIENTO DEL CACAO;materia_prima;Torta de Cacao;1.550;0.970;;;Toneladas;2025 INGRESO Y UTILIZACION DE MATERIA PRIMA SEGÚN ACTIVIDAD PRODUCTIVA(1).xlsx
2025;3;Marzo;PROCESAMIENTO DEL CACAO;producto;Cacao Grano;;;555.188;456.048;Toneladas;2025 PRODUCCIÓN Y VENTA DE LA  ACTIVIDAD PRODUCTIVA.xlsx
2025;3;Marzo;PROCESAMIENTO DEL CACAO;producto;Chocolate y cobertura;;;4.310;3.600;Toneladas;2025 PRODUCCIÓN Y VENTA DE LA  ACTIVIDAD PRODUCTIVA.xlsx
2025;3;Marzo;PROCESAMIENTO DEL CACAO;producto;Cocoa;;;458.320;185.320;Toneladas;2025 PRODUCCIÓN Y VENTA DE LA  ACTIVIDAD PRODUCTIVA.xlsx
2025;3;Marzo;PROCESAMIENTO DEL CACAO;producto;Licor de cacao;;;877.420;912.342;Toneladas;2025 PRODUCCIÓN Y VENTA DE LA  ACTIVIDAD PRODUCTIVA.xlsx
2025;3;Marzo;PROCESAMIENTO DEL CACAO;producto;Manteca de cacao;;;1,586.960;1,523.847;Toneladas;2025 PRODUCCIÓN Y VENTA DE LA  ACTIVIDAD PRODUCTIVA.xlsx
2025;3;Marzo;PROCESAMIENTO DEL CACAO;producto;Polvo de Cacao;;;886.655;1,216.742;Toneladas;2025 PRODUCCIÓN Y VENTA DE LA  ACTIVIDAD PRODUCTIVA.xlsx
2025;3;Marzo;PROCESAMIENTO DEL CACAO;producto;Torta de cacao;;;1,228.590;1,290.153;Toneladas;2025 PRODUCCIÓN Y VENTA DE LA  ACTIVIDAD PRODUCTIVA.xlsx
2025;3;Marzo;PROCESAMIENTO DEL ESPARRAGO;materia_prima;Espárrago Fresco;5,416.630;5,016.505;;;Toneladas;2025 INGRESO Y UTILIZACION DE MATERIA PRIMA SEGÚN ACTIVIDAD PRODUCTIVA(1).xlsx
2025;3;Marzo;PROCESAMIENTO DEL ESPARRAGO;producto;Congelado;;;580.582;363.767;Toneladas;2025 PRODUCCIÓN Y VENTA DE LA  ACTIVIDAD PRODUCTIVA.xlsx
2025;3;Marzo;PROCESAMIENTO DEL ESPARRAGO;producto;Conserva;;;1,165.000;1,455.000;Toneladas;2025 PRODUCCIÓN Y VENTA DE LA  ACTIVIDAD PRODUCTIVA.xlsx
2025;3;Marzo;PROCESAMIENTO DEL ESPARRAGO;producto;Fresco;;;1,864.626;1,834.626;Toneladas;2025 PRODUCCIÓN Y VENTA DE LA  ACTIVIDAD PRODUCTIVA.xlsx
2025;4;Abril;ACEITE ESENCIAL DE LIMÓN;materia_prima;Limón;4,530.000;4,530.000;;;Toneladas;2025 INGRESO Y UTILIZACION DE MATERIA PRIMA SEGÚN ACTIVIDAD PRODUCTIVA(1).xlsx
2025;4;Abril;ACEITE ESENCIAL DE LIMÓN;producto;Aceite Esencial de Limón;;;21.400;19.600;Toneladas;2025 PRODUCCIÓN Y VENTA DE LA  ACTIVIDAD PRODUCTIVA.xlsx
2025;4;Abril;ACEITE ESENCIAL DE LIMÓN;producto;Cáscara de Limón;;;317.000;246.000;Toneladas;2025 PRODUCCIÓN Y VENTA DE LA  ACTIVIDAD PRODUCTIVA.xlsx
2025;4;Abril;LECHES Y MEZCLAS LACTEAS;producto;Condensada;;;1,794.853;1,925.626;Toneladas;2025 PRODUCCIÓN Y VENTA DE LA  ACTIVIDAD PRODUCTIVA.xlsx
2025;4;Abril;LECHES Y MEZCLAS LACTEAS;producto;Evaporadas;;;30,689.649;29,542.891;Toneladas;2025 PRODUCCIÓN Y VENTA DE LA  ACTIVIDAD PRODUCTIVA.xlsx
2025;4;Abril;LECHES Y MEZCLAS LACTEAS;producto;Leche evaporada*;;;4,083.995;4,331.949;Toneladas;2025 PRODUCCIÓN Y VENTA DE LA  ACTIVIDAD PRODUCTIVA.xlsx
2025;4;Abril;LECHES Y MEZCLAS LACTEAS;producto;Mezclas lácteas*;;;26,605.654;25,210.942;Toneladas;2025 PRODUCCIÓN Y VENTA DE LA  ACTIVIDAD PRODUCTIVA.xlsx
2025;4;Abril;LECHES Y MEZCLAS LACTEAS;producto;Pasteurizada;;;15,992.989;15,359.821;Toneladas;2025 PRODUCCIÓN Y VENTA DE LA  ACTIVIDAD PRODUCTIVA.xlsx
2025;4;Abril;PROCESAMIENTO DE ACEITES Y GRASAS;materia_prima;Crudo de Girasol;251.000;3,544.000;;;Toneladas;2025 INGRESO Y UTILIZACION DE MATERIA PRIMA SEGÚN ACTIVIDAD PRODUCTIVA(1).xlsx
2025;4;Abril;PROCESAMIENTO DE ACEITES Y GRASAS;materia_prima;Crudo de Palma;20,339.000;22,306.000;;;Toneladas;2025 INGRESO Y UTILIZACION DE MATERIA PRIMA SEGÚN ACTIVIDAD PRODUCTIVA(1).xlsx
2025;4;Abril;PROCESAMIENTO DE ACEITES Y GRASAS;materia_prima;Crudo de Palmiste;278.000;95.000;;;Toneladas;2025 INGRESO Y UTILIZACION DE MATERIA PRIMA SEGÚN ACTIVIDAD PRODUCTIVA(1).xlsx
2025;4;Abril;PROCESAMIENTO DE ACEITES Y GRASAS;materia_prima;Crudo de Soya;17,634.000;18,030.000;;;Toneladas;2025 INGRESO Y UTILIZACION DE MATERIA PRIMA SEGÚN ACTIVIDAD PRODUCTIVA(1).xlsx
2025;4;Abril;PROCESAMIENTO DE ACEITES Y GRASAS;materia_prima;Crudo de algodón;23.000;29.000;;;Toneladas;2025 INGRESO Y UTILIZACION DE MATERIA PRIMA SEGÚN ACTIVIDAD PRODUCTIVA(1).xlsx
2025;4;Abril;PROCESAMIENTO DE ACEITES Y GRASAS;materia_prima;Fruto de palma;25,250.000;25,556.000;;;Toneladas;2025 INGRESO Y UTILIZACION DE MATERIA PRIMA SEGÚN ACTIVIDAD PRODUCTIVA(1).xlsx
2025;4;Abril;PROCESAMIENTO DE ACEITES Y GRASAS;materia_prima;Maiz Amarillo Duro;5,542.000;5,542.000;;;Toneladas;2025 INGRESO Y UTILIZACION DE MATERIA PRIMA SEGÚN ACTIVIDAD PRODUCTIVA(1).xlsx
2025;4;Abril;PROCESAMIENTO DE ACEITES Y GRASAS;materia_prima;Refinado de Soya;545.000;585.000;;;Toneladas;2025 INGRESO Y UTILIZACION DE MATERIA PRIMA SEGÚN ACTIVIDAD PRODUCTIVA(1).xlsx
2025;4;Abril;PROCESAMIENTO DE ACEITES Y GRASAS;materia_prima;refinado de Palma;0.000;0.000;;;Toneladas;2025 INGRESO Y UTILIZACION DE MATERIA PRIMA SEGÚN ACTIVIDAD PRODUCTIVA(1).xlsx
2025;4;Abril;PROCESAMIENTO DE ACEITES Y GRASAS;producto;Aceite Vegetal;;;22,151.513;22,676.983;Toneladas;2025 PRODUCCIÓN Y VENTA DE LA  ACTIVIDAD PRODUCTIVA.xlsx
2025;4;Abril;PROCESAMIENTO DE ACEITES Y GRASAS;producto;Manteca Vegetal;;;6,622.434;6,900.004;Toneladas;2025 PRODUCCIÓN Y VENTA DE LA  ACTIVIDAD PRODUCTIVA.xlsx
2025;4;Abril;PROCESAMIENTO DE ACEITES Y GRASAS;producto;Margarina;;;1,845.000;1,885.000;Toneladas;2025 PRODUCCIÓN Y VENTA DE LA  ACTIVIDAD PRODUCTIVA.xlsx
2025;4;Abril;PROCESAMIENTO DE ALIMENTOS BALANCEADOS;materia_prima;Carbonato de calcio;4,989.608;4,711.915;;;Toneladas;2025 INGRESO Y UTILIZACION DE MATERIA PRIMA SEGÚN ACTIVIDAD PRODUCTIVA(1).xlsx
2025;4;Abril;PROCESAMIENTO DE ALIMENTOS BALANCEADOS;materia_prima;Grasas de pescado;4,612.124;4,735.245;;;Toneladas;2025 INGRESO Y UTILIZACION DE MATERIA PRIMA SEGÚN ACTIVIDAD PRODUCTIVA(1).xlsx
2025;4;Abril;PROCESAMIENTO DE ALIMENTOS BALANCEADOS;materia_prima;Harina de Pescado;3,203.971;3,241.996;;;Toneladas;2025 INGRESO Y UTILIZACION DE MATERIA PRIMA SEGÚN ACTIVIDAD PRODUCTIVA(1).xlsx
2025;4;Abril;PROCESAMIENTO DE ALIMENTOS BALANCEADOS;materia_prima;Maiz amarillo Duro;212,432.572;225,103.645;;;Toneladas;2025 INGRESO Y UTILIZACION DE MATERIA PRIMA SEGÚN ACTIVIDAD PRODUCTIVA(1).xlsx
2025;4;Abril;PROCESAMIENTO DE ALIMENTOS BALANCEADOS;materia_prima;Melaza;108.120;182.245;;;Toneladas;2025 INGRESO Y UTILIZACION DE MATERIA PRIMA SEGÚN ACTIVIDAD PRODUCTIVA(1).xlsx
2025;4;Abril;PROCESAMIENTO DE ALIMENTOS BALANCEADOS;materia_prima;Otros;27,577.988;25,809.963;;;Toneladas;2025 INGRESO Y UTILIZACION DE MATERIA PRIMA SEGÚN ACTIVIDAD PRODUCTIVA(1).xlsx
2025;4;Abril;PROCESAMIENTO DE ALIMENTOS BALANCEADOS;materia_prima;Polvillo de arroz;7,405.508;7,110.001;;;Toneladas;2025 INGRESO Y UTILIZACION DE MATERIA PRIMA SEGÚN ACTIVIDAD PRODUCTIVA(1).xlsx
2025;4;Abril;PROCESAMIENTO DE ALIMENTOS BALANCEADOS;materia_prima;Soya en grano;10.000;3,360.257;;;Toneladas;2025 INGRESO Y UTILIZACION DE MATERIA PRIMA SEGÚN ACTIVIDAD PRODUCTIVA(1).xlsx
2025;4;Abril;PROCESAMIENTO DE ALIMENTOS BALANCEADOS;materia_prima;Sub producto de trigo;10,220.174;9,109.247;;;Toneladas;2025 INGRESO Y UTILIZACION DE MATERIA PRIMA SEGÚN ACTIVIDAD PRODUCTIVA(1).xlsx
2025;4;Abril;PROCESAMIENTO DE ALIMENTOS BALANCEADOS;materia_prima;Torta de algodón;77.100;68.900;;;Toneladas;2025 INGRESO Y UTILIZACION DE MATERIA PRIMA SEGÚN ACTIVIDAD PRODUCTIVA(1).xlsx
2025;4;Abril;PROCESAMIENTO DE ALIMENTOS BALANCEADOS;materia_prima;Torta de soya;93,005.044;96,337.968;;;Toneladas;2025 INGRESO Y UTILIZACION DE MATERIA PRIMA SEGÚN ACTIVIDAD PRODUCTIVA(1).xlsx
2025;4;Abril;PROCESAMIENTO DE ALIMENTOS BALANCEADOS;producto;Alimento balanceado para aves carne;;;207,555.720;206,753.964;Toneladas;2025 PRODUCCIÓN Y VENTA DE LA  ACTIVIDAD PRODUCTIVA.xlsx
2025;4;Abril;PROCESAMIENTO DE ALIMENTOS BALANCEADOS;producto;Alimento balanceado para aves postura/reproductora;;;71,909.066;72,441.813;Toneladas;2025 PRODUCCIÓN Y VENTA DE LA  ACTIVIDAD PRODUCTIVA.xlsx
2025;4;Abril;PROCESAMIENTO DE ALIMENTOS BALANCEADOS;producto;Alimento balanceado para pavos y patos;;;4,320.578;4,497.976;Toneladas;2025 PRODUCCIÓN Y VENTA DE LA  ACTIVIDAD PRODUCTIVA.xlsx
2025;4;Abril;PROCESAMIENTO DE ALIMENTOS BALANCEADOS;producto;Alimento balanceado para porcinos;;;26,384.432;26,297.889;Toneladas;2025 PRODUCCIÓN Y VENTA DE LA  ACTIVIDAD PRODUCTIVA.xlsx
2025;4;Abril;PROCESAMIENTO DE ALIMENTOS BALANCEADOS;producto;Alimento balanceado para vacunos;;;8,513.558;8,669.147;Toneladas;2025 PRODUCCIÓN Y VENTA DE LA  ACTIVIDAD PRODUCTIVA.xlsx
2025;4;Abril;PROCESAMIENTO DE ALIMENTOS BALANCEADOS;producto;Otros animales 1/;;;35,665.456;35,098.306;Toneladas;2025 PRODUCCIÓN Y VENTA DE LA  ACTIVIDAD PRODUCTIVA.xlsx
2025;4;Abril;PROCESAMIENTO DE AVENA;materia_prima;Avena;10,002.590;3,956.267;;;Toneladas;2025 INGRESO Y UTILIZACION DE MATERIA PRIMA SEGÚN ACTIVIDAD PRODUCTIVA(1).xlsx
2025;4;Abril;PROCESAMIENTO DE AVENA;materia_prima;Azúcar;2.965;3.396;;;Toneladas;2025 INGRESO Y UTILIZACION DE MATERIA PRIMA SEGÚN ACTIVIDAD PRODUCTIVA(1).xlsx
2025;4;Abril;PROCESAMIENTO DE AVENA;materia_prima;Cebada;0.740;0.340;;;Toneladas;2025 INGRESO Y UTILIZACION DE MATERIA PRIMA SEGÚN ACTIVIDAD PRODUCTIVA(1).xlsx
2025;4;Abril;PROCESAMIENTO DE AVENA;materia_prima;Kiwicha;18.355;28.709;;;Toneladas;2025 INGRESO Y UTILIZACION DE MATERIA PRIMA SEGÚN ACTIVIDAD PRODUCTIVA(1).xlsx
2025;4;Abril;PROCESAMIENTO DE AVENA;materia_prima;Leche en Polvo;1.958;1.493;;;Toneladas;2025 INGRESO Y UTILIZACION DE MATERIA PRIMA SEGÚN ACTIVIDAD PRODUCTIVA(1).xlsx
2025;4;Abril;PROCESAMIENTO DE AVENA;materia_prima;Maca;5.941;4.987;;;Toneladas;2025 INGRESO Y UTILIZACION DE MATERIA PRIMA SEGÚN ACTIVIDAD PRODUCTIVA(1).xlsx
2025;4;Abril;PROCESAMIENTO DE AVENA;materia_prima;Quinua;24.656;27.681;;;Toneladas;2025 INGRESO Y UTILIZACION DE MATERIA PRIMA SEGÚN ACTIVIDAD PRODUCTIVA(1).xlsx
2025;4;Abril;PROCESAMIENTO DE AVENA;materia_prima;Soya;2.350;1.791;;;Toneladas;2025 INGRESO Y UTILIZACION DE MATERIA PRIMA SEGÚN ACTIVIDAD PRODUCTIVA(1).xlsx
2025;4;Abril;PROCESAMIENTO DE AVENA;materia_prima;Trigo;0.848;1.016;;;Toneladas;2025 INGRESO Y UTILIZACION DE MATERIA PRIMA SEGÚN ACTIVIDAD PRODUCTIVA(1).xlsx
2025;4;Abril;PROCESAMIENTO DE AVENA;producto;Avena;;;3,934.994;3,622.428;Toneladas;2025 PRODUCCIÓN Y VENTA DE LA  ACTIVIDAD PRODUCTIVA.xlsx
2025;4;Abril;PROCESAMIENTO DE AVENA;producto;Enriquecido de cereales;;;571.002;522.516;Toneladas;2025 PRODUCCIÓN Y VENTA DE LA  ACTIVIDAD PRODUCTIVA.xlsx
2025;4;Abril;PROCESAMIENTO DE AZUCAR;materia_prima;Caña de Azúcar;547,051.840;547,051.840;;;Toneladas;2025 INGRESO Y UTILIZACION DE MATERIA PRIMA SEGÚN ACTIVIDAD PRODUCTIVA(1).xlsx
2025;4;Abril;PROCESAMIENTO DE AZUCAR;producto;Azúcar;;;55,837.740;55,837.740;Toneladas;2025 PRODUCCIÓN Y VENTA DE LA  ACTIVIDAD PRODUCTIVA.xlsx
2025;4;Abril;PROCESAMIENTO DE DERIVADOS LACTEOS;producto;Cremas;;;707.945;698.439;Toneladas;2025 PRODUCCIÓN Y VENTA DE LA  ACTIVIDAD PRODUCTIVA.xlsx
2025;4;Abril;PROCESAMIENTO DE DERIVADOS LACTEOS;producto;Manjar blanco;;;567.694;595.541;Toneladas;2025 PRODUCCIÓN Y VENTA DE LA  ACTIVIDAD PRODUCTIVA.xlsx
2025;4;Abril;PROCESAMIENTO DE DERIVADOS LACTEOS;producto;Mantequilla;;;469.861;422.683;Toneladas;2025 PRODUCCIÓN Y VENTA DE LA  ACTIVIDAD PRODUCTIVA.xlsx
2025;4;Abril;PROCESAMIENTO DE DERIVADOS LACTEOS;producto;Queso Mantecoso;;;28.240;28.240;Toneladas;2025 PRODUCCIÓN Y VENTA DE LA  ACTIVIDAD PRODUCTIVA.xlsx
2025;4;Abril;PROCESAMIENTO DE DERIVADOS LACTEOS;producto;Quesos Frescos;;;379.885;367.414;Toneladas;2025 PRODUCCIÓN Y VENTA DE LA  ACTIVIDAD PRODUCTIVA.xlsx
2025;4;Abril;PROCESAMIENTO DE DERIVADOS LACTEOS;producto;Quesos Madurados;;;1,137.459;1,149.422;Toneladas;2025 PRODUCCIÓN Y VENTA DE LA  ACTIVIDAD PRODUCTIVA.xlsx
2025;4;Abril;PROCESAMIENTO DE DERIVADOS LACTEOS;producto;Yogurt;;;11,905.066;12,452.762;Toneladas;2025 PRODUCCIÓN Y VENTA DE LA  ACTIVIDAD PRODUCTIVA.xlsx
2025;4;Abril;PROCESAMIENTO DE DERIVADOS LACTEOS, LECHES Y MEZCLAS LACTEAS;materia_prima;Grasa anhidra de leche (GAL);1,162.560;315.234;;;Toneladas;2025 INGRESO Y UTILIZACION DE MATERIA PRIMA SEGÚN ACTIVIDAD PRODUCTIVA(1).xlsx
2025;4;Abril;PROCESAMIENTO DE DERIVADOS LACTEOS, LECHES Y MEZCLAS LACTEAS;materia_prima;Leche en polvo descremada (LPD);3,228.802;1,732.745;;;Toneladas;2025 INGRESO Y UTILIZACION DE MATERIA PRIMA SEGÚN ACTIVIDAD PRODUCTIVA(1).xlsx
2025;4;Abril;PROCESAMIENTO DE DERIVADOS LACTEOS, LECHES Y MEZCLAS LACTEAS;materia_prima;Leche en polvo entera (LEP);4,087.099;3,173.450;;;Toneladas;2025 INGRESO Y UTILIZACION DE MATERIA PRIMA SEGÚN ACTIVIDAD PRODUCTIVA(1).xlsx
2025;4;Abril;PROCESAMIENTO DE DERIVADOS LACTEOS, LECHES Y MEZCLAS LACTEAS;materia_prima;Leche fresca;59,795.151;60,155.545;;;Toneladas;2025 INGRESO Y UTILIZACION DE MATERIA PRIMA SEGÚN ACTIVIDAD PRODUCTIVA(1).xlsx
2025;4;Abril;PROCESAMIENTO DE EMBUTIDOS Y CARNES PREPARADAS;materia_prima;Carne Industrial;897.197;960.501;;;Toneladas;2025 INGRESO Y UTILIZACION DE MATERIA PRIMA SEGÚN ACTIVIDAD PRODUCTIVA(1).xlsx
2025;4;Abril;PROCESAMIENTO DE EMBUTIDOS Y CARNES PREPARADAS;materia_prima;Carne de Cerdo;2,170.993;2,138.103;;;Toneladas;2025 INGRESO Y UTILIZACION DE MATERIA PRIMA SEGÚN ACTIVIDAD PRODUCTIVA(1).xlsx
2025;4;Abril;PROCESAMIENTO DE EMBUTIDOS Y CARNES PREPARADAS;materia_prima;Carne de ave;550.511;495.608;;;Toneladas;2025 INGRESO Y UTILIZACION DE MATERIA PRIMA SEGÚN ACTIVIDAD PRODUCTIVA(1).xlsx
2025;4;Abril;PROCESAMIENTO DE EMBUTIDOS Y CARNES PREPARADAS;materia_prima;Maizena;297.254;285.910;;;Toneladas;2025 INGRESO Y UTILIZACION DE MATERIA PRIMA SEGÚN ACTIVIDAD PRODUCTIVA(1).xlsx
2025;4;Abril;PROCESAMIENTO DE EMBUTIDOS Y CARNES PREPARADAS;materia_prima;Otros;136.360;134.988;;;Toneladas;2025 INGRESO Y UTILIZACION DE MATERIA PRIMA SEGÚN ACTIVIDAD PRODUCTIVA(1).xlsx
2025;4;Abril;PROCESAMIENTO DE EMBUTIDOS Y CARNES PREPARADAS;materia_prima;Sal;62.045;59.929;;;Toneladas;2025 INGRESO Y UTILIZACION DE MATERIA PRIMA SEGÚN ACTIVIDAD PRODUCTIVA(1).xlsx
2025;4;Abril;PROCESAMIENTO DE EMBUTIDOS Y CARNES PREPARADAS;producto;Ahumado;;;302.837;294.150;Toneladas;2025 PRODUCCIÓN Y VENTA DE LA  ACTIVIDAD PRODUCTIVA.xlsx
2025;4;Abril;PROCESAMIENTO DE EMBUTIDOS Y CARNES PREPARADAS;producto;Carne preparada-cocidos especiales;;;307.139;298.114;Toneladas;2025 PRODUCCIÓN Y VENTA DE LA  ACTIVIDAD PRODUCTIVA.xlsx
2025;4;Abril;PROCESAMIENTO DE EMBUTIDOS Y CARNES PREPARADAS;producto;Chicharrón de Prensa;;;144.800;106.779;Toneladas;2025 PRODUCCIÓN Y VENTA DE LA  ACTIVIDAD PRODUCTIVA.xlsx
2025;4;Abril;PROCESAMIENTO DE EMBUTIDOS Y CARNES PREPARADAS;producto;Chorizo;;;720.739;737.981;Toneladas;2025 PRODUCCIÓN Y VENTA DE LA  ACTIVIDAD PRODUCTIVA.xlsx
2025;4;Abril;PROCESAMIENTO DE EMBUTIDOS Y CARNES PREPARADAS;producto;Hamburguesa;;;652.856;648.112;Toneladas;2025 PRODUCCIÓN Y VENTA DE LA  ACTIVIDAD PRODUCTIVA.xlsx
2025;4;Abril;PROCESAMIENTO DE EMBUTIDOS Y CARNES PREPARADAS;producto;Hot Dog y/o Salchicha;;;2,944.611;2,758.676;Toneladas;2025 PRODUCCIÓN Y VENTA DE LA  ACTIVIDAD PRODUCTIVA.xlsx
2025;4;Abril;PROCESAMIENTO DE EMBUTIDOS Y CARNES PREPARADAS;producto;Jamonada;;;1,090.900;1,031.806;Toneladas;2025 PRODUCCIÓN Y VENTA DE LA  ACTIVIDAD PRODUCTIVA.xlsx
2025;4;Abril;PROCESAMIENTO DE EMBUTIDOS Y CARNES PREPARADAS;producto;Jamón;;;1,033.470;986.316;Toneladas;2025 PRODUCCIÓN Y VENTA DE LA  ACTIVIDAD PRODUCTIVA.xlsx
2025;4;Abril;PROCESAMIENTO DE EMBUTIDOS Y CARNES PREPARADAS;producto;Mortadela;;;212.369;207.025;Toneladas;2025 PRODUCCIÓN Y VENTA DE LA  ACTIVIDAD PRODUCTIVA.xlsx
2025;4;Abril;PROCESAMIENTO DE EMBUTIDOS Y CARNES PREPARADAS;producto;Otros;;;233.966;243.785;Toneladas;2025 PRODUCCIÓN Y VENTA DE LA  ACTIVIDAD PRODUCTIVA.xlsx
2025;4;Abril;PROCESAMIENTO DE EMBUTIDOS Y CARNES PREPARADAS;producto;Pastel;;;5.423;4.922;Toneladas;2025 PRODUCCIÓN Y VENTA DE LA  ACTIVIDAD PRODUCTIVA.xlsx
2025;4;Abril;PROCESAMIENTO DE EMBUTIDOS Y CARNES PREPARADAS;producto;Paté;;;88.659;89.146;Toneladas;2025 PRODUCCIÓN Y VENTA DE LA  ACTIVIDAD PRODUCTIVA.xlsx
2025;4;Abril;PROCESAMIENTO DE EMBUTIDOS Y CARNES PREPARADAS;producto;Queso de Chancho;;;4.135;5.666;Toneladas;2025 PRODUCCIÓN Y VENTA DE LA  ACTIVIDAD PRODUCTIVA.xlsx
2025;4;Abril;PROCESAMIENTO DE EMBUTIDOS Y CARNES PREPARADAS;producto;Salame;;;11.700;11.500;Toneladas;2025 PRODUCCIÓN Y VENTA DE LA  ACTIVIDAD PRODUCTIVA.xlsx
2025;4;Abril;PROCESAMIENTO DE FIDEO;materia_prima;Harina de Trigo;36,438.044;36,396.551;;;Toneladas;2025 INGRESO Y UTILIZACION DE MATERIA PRIMA SEGÚN ACTIVIDAD PRODUCTIVA(1).xlsx
2025;4;Abril;PROCESAMIENTO DE FIDEO;producto;Fideo corriente a granel;;;1,271.960;1,414.790;Toneladas;2025 PRODUCCIÓN Y VENTA DE LA  ACTIVIDAD PRODUCTIVA.xlsx
2025;4;Abril;PROCESAMIENTO DE FIDEO;producto;Fideo envasado;;;35,993.434;35,150.289;Toneladas;2025 PRODUCCIÓN Y VENTA DE LA  ACTIVIDAD PRODUCTIVA.xlsx
2025;4;Abril;PROCESAMIENTO DE HARINA DE TRIGO;materia_prima;Trigo entero;128,616.095;136,172.635;;;Toneladas;2025 INGRESO Y UTILIZACION DE MATERIA PRIMA SEGÚN ACTIVIDAD PRODUCTIVA(1).xlsx
2025;4;Abril;PROCESAMIENTO DE HARINA DE TRIGO;producto;Harina de Trigo;;;134,200.070;135,548.003;Toneladas;2025 PRODUCCIÓN Y VENTA DE LA  ACTIVIDAD PRODUCTIVA.xlsx
2025;4;Abril;PROCESAMIENTO DE HARINA DE TRIGO;producto;Sub producto de trigo;;;27,673.534;28,417.020;Toneladas;2025 PRODUCCIÓN Y VENTA DE LA  ACTIVIDAD PRODUCTIVA.xlsx
2025;4;Abril;PROCESAMIENTO DE HARINA DE TRIGO;producto;Sémola;;;501.263;539.590;Toneladas;2025 PRODUCCIÓN Y VENTA DE LA  ACTIVIDAD PRODUCTIVA.xlsx
2025;4;Abril;PROCESAMIENTO DE MALTA;materia_prima;Cebada;10,173.960;10,307.970;;;Toneladas;2025 INGRESO Y UTILIZACION DE MATERIA PRIMA SEGÚN ACTIVIDAD PRODUCTIVA(1).xlsx
2025;4;Abril;PROCESAMIENTO DE MALTA;producto;Malta de cebada;;;7,610.500;7,297.201;Toneladas;2025 PRODUCCIÓN Y VENTA DE LA  ACTIVIDAD PRODUCTIVA.xlsx
2025;4;Abril;PROCESAMIENTO DEL CACAO;materia_prima;Cacao Grano;4,005.633;5,175.217;;;Toneladas;2025 INGRESO Y UTILIZACION DE MATERIA PRIMA SEGÚN ACTIVIDAD PRODUCTIVA(1).xlsx
2025;4;Abril;PROCESAMIENTO DEL CACAO;materia_prima;Cocoa;2.150;1.540;;;Toneladas;2025 INGRESO Y UTILIZACION DE MATERIA PRIMA SEGÚN ACTIVIDAD PRODUCTIVA(1).xlsx
2025;4;Abril;PROCESAMIENTO DEL CACAO;materia_prima;Licor de Cacao;3.560;2.450;;;Toneladas;2025 INGRESO Y UTILIZACION DE MATERIA PRIMA SEGÚN ACTIVIDAD PRODUCTIVA(1).xlsx
2025;4;Abril;PROCESAMIENTO DEL CACAO;materia_prima;Manteca de Cacao;0.750;1.320;;;Toneladas;2025 INGRESO Y UTILIZACION DE MATERIA PRIMA SEGÚN ACTIVIDAD PRODUCTIVA(1).xlsx
2025;4;Abril;PROCESAMIENTO DEL CACAO;materia_prima;Torta de Cacao;1.280;0.790;;;Toneladas;2025 INGRESO Y UTILIZACION DE MATERIA PRIMA SEGÚN ACTIVIDAD PRODUCTIVA(1).xlsx
2025;4;Abril;PROCESAMIENTO DEL CACAO;producto;Cacao Grano;;;386.779;393.859;Toneladas;2025 PRODUCCIÓN Y VENTA DE LA  ACTIVIDAD PRODUCTIVA.xlsx
2025;4;Abril;PROCESAMIENTO DEL CACAO;producto;Chocolate y cobertura;;;3.120;2.490;Toneladas;2025 PRODUCCIÓN Y VENTA DE LA  ACTIVIDAD PRODUCTIVA.xlsx
2025;4;Abril;PROCESAMIENTO DEL CACAO;producto;Cocoa;;;375.860;312.560;Toneladas;2025 PRODUCCIÓN Y VENTA DE LA  ACTIVIDAD PRODUCTIVA.xlsx
2025;4;Abril;PROCESAMIENTO DEL CACAO;producto;Licor de cacao;;;916.830;1,061.872;Toneladas;2025 PRODUCCIÓN Y VENTA DE LA  ACTIVIDAD PRODUCTIVA.xlsx
2025;4;Abril;PROCESAMIENTO DEL CACAO;producto;Manteca de cacao;;;1,343.602;1,139.670;Toneladas;2025 PRODUCCIÓN Y VENTA DE LA  ACTIVIDAD PRODUCTIVA.xlsx
2025;4;Abril;PROCESAMIENTO DEL CACAO;producto;Polvo de Cacao;;;831.086;1,017.730;Toneladas;2025 PRODUCCIÓN Y VENTA DE LA  ACTIVIDAD PRODUCTIVA.xlsx
2025;4;Abril;PROCESAMIENTO DEL CACAO;producto;Torta de cacao;;;1,173.793;1,320.163;Toneladas;2025 PRODUCCIÓN Y VENTA DE LA  ACTIVIDAD PRODUCTIVA.xlsx
2025;4;Abril;PROCESAMIENTO DEL ESPARRAGO;materia_prima;Espárrago Fresco;5,716.381;5,674.608;;;Toneladas;2025 INGRESO Y UTILIZACION DE MATERIA PRIMA SEGÚN ACTIVIDAD PRODUCTIVA(1).xlsx
2025;4;Abril;PROCESAMIENTO DEL ESPARRAGO;producto;Congelado;;;928.894;529.534;Toneladas;2025 PRODUCCIÓN Y VENTA DE LA  ACTIVIDAD PRODUCTIVA.xlsx
2025;4;Abril;PROCESAMIENTO DEL ESPARRAGO;producto;Conserva;;;1,119.901;1,193.123;Toneladas;2025 PRODUCCIÓN Y VENTA DE LA  ACTIVIDAD PRODUCTIVA.xlsx
2025;4;Abril;PROCESAMIENTO DEL ESPARRAGO;producto;Fresco;;;2,546.831;2,544.851;Toneladas;2025 PRODUCCIÓN Y VENTA DE LA  ACTIVIDAD PRODUCTIVA.xlsx
2025;5;Mayo;ACEITE ESENCIAL DE LIMÓN;materia_prima;Limón;2,827.570;2,827.570;;;Toneladas;2025 INGRESO Y UTILIZACION DE MATERIA PRIMA SEGÚN ACTIVIDAD PRODUCTIVA(1).xlsx
2025;5;Mayo;ACEITE ESENCIAL DE LIMÓN;producto;Aceite Esencial de Limón;;;26.148;37.000;Toneladas;2025 PRODUCCIÓN Y VENTA DE LA  ACTIVIDAD PRODUCTIVA.xlsx
2025;5;Mayo;ACEITE ESENCIAL DE LIMÓN;producto;Cáscara de Limón;;;221.100;212.520;Toneladas;2025 PRODUCCIÓN Y VENTA DE LA  ACTIVIDAD PRODUCTIVA.xlsx
2025;5;Mayo;LECHES Y MEZCLAS LACTEAS;producto;Condensada;;;1,960.053;1,785.286;Toneladas;2025 PRODUCCIÓN Y VENTA DE LA  ACTIVIDAD PRODUCTIVA.xlsx
2025;5;Mayo;LECHES Y MEZCLAS LACTEAS;producto;Evaporadas;;;29,591.183;31,357.553;Toneladas;2025 PRODUCCIÓN Y VENTA DE LA  ACTIVIDAD PRODUCTIVA.xlsx
2025;5;Mayo;LECHES Y MEZCLAS LACTEAS;producto;Leche evaporada*;;;4,711.844;4,361.480;Toneladas;2025 PRODUCCIÓN Y VENTA DE LA  ACTIVIDAD PRODUCTIVA.xlsx
2025;5;Mayo;LECHES Y MEZCLAS LACTEAS;producto;Mezclas lácteas*;;;24,879.339;26,996.073;Toneladas;2025 PRODUCCIÓN Y VENTA DE LA  ACTIVIDAD PRODUCTIVA.xlsx
2025;5;Mayo;LECHES Y MEZCLAS LACTEAS;producto;Pasteurizada;;;16,126.954;16,907.273;Toneladas;2025 PRODUCCIÓN Y VENTA DE LA  ACTIVIDAD PRODUCTIVA.xlsx
2025;5;Mayo;PROCESAMIENTO DE ACEITES Y GRASAS;materia_prima;Crudo de Girasol;1,500.000;1,500.000;;;Toneladas;2025 INGRESO Y UTILIZACION DE MATERIA PRIMA SEGÚN ACTIVIDAD PRODUCTIVA(1).xlsx
2025;5;Mayo;PROCESAMIENTO DE ACEITES Y GRASAS;materia_prima;Crudo de Palma;21,649.000;21,649.000;;;Toneladas;2025 INGRESO Y UTILIZACION DE MATERIA PRIMA SEGÚN ACTIVIDAD PRODUCTIVA(1).xlsx
2025;5;Mayo;PROCESAMIENTO DE ACEITES Y GRASAS;materia_prima;Crudo de Palmiste;324.000;324.000;;;Toneladas;2025 INGRESO Y UTILIZACION DE MATERIA PRIMA SEGÚN ACTIVIDAD PRODUCTIVA(1).xlsx
2025;5;Mayo;PROCESAMIENTO DE ACEITES Y GRASAS;materia_prima;Crudo de Soya;16,403.000;16,403.000;;;Toneladas;2025 INGRESO Y UTILIZACION DE MATERIA PRIMA SEGÚN ACTIVIDAD PRODUCTIVA(1).xlsx
2025;5;Mayo;PROCESAMIENTO DE ACEITES Y GRASAS;materia_prima;Crudo de algodón;25.000;25.000;;;Toneladas;2025 INGRESO Y UTILIZACION DE MATERIA PRIMA SEGÚN ACTIVIDAD PRODUCTIVA(1).xlsx
2025;5;Mayo;PROCESAMIENTO DE ACEITES Y GRASAS;materia_prima;Fruto de palma;28,604.000;28,604.000;;;Toneladas;2025 INGRESO Y UTILIZACION DE MATERIA PRIMA SEGÚN ACTIVIDAD PRODUCTIVA(1).xlsx
2025;5;Mayo;PROCESAMIENTO DE ACEITES Y GRASAS;materia_prima;Maiz Amarillo Duro;4,500.000;4,500.000;;;Toneladas;2025 INGRESO Y UTILIZACION DE MATERIA PRIMA SEGÚN ACTIVIDAD PRODUCTIVA(1).xlsx
2025;5;Mayo;PROCESAMIENTO DE ACEITES Y GRASAS;materia_prima;Refinado de Soya;1,000.000;1,000.000;;;Toneladas;2025 INGRESO Y UTILIZACION DE MATERIA PRIMA SEGÚN ACTIVIDAD PRODUCTIVA(1).xlsx
2025;5;Mayo;PROCESAMIENTO DE ACEITES Y GRASAS;materia_prima;refinado de Palma;0.000;0.000;;;Toneladas;2025 INGRESO Y UTILIZACION DE MATERIA PRIMA SEGÚN ACTIVIDAD PRODUCTIVA(1).xlsx
2025;5;Mayo;PROCESAMIENTO DE ACEITES Y GRASAS;producto;Aceite Vegetal;;;22,625.706;22,582.183;Toneladas;2025 PRODUCCIÓN Y VENTA DE LA  ACTIVIDAD PRODUCTIVA.xlsx
2025;5;Mayo;PROCESAMIENTO DE ACEITES Y GRASAS;producto;Manteca Vegetal;;;6,470.526;5,531.632;Toneladas;2025 PRODUCCIÓN Y VENTA DE LA  ACTIVIDAD PRODUCTIVA.xlsx
2025;5;Mayo;PROCESAMIENTO DE ACEITES Y GRASAS;producto;Margarina;;;1,650.000;1,650.000;Toneladas;2025 PRODUCCIÓN Y VENTA DE LA  ACTIVIDAD PRODUCTIVA.xlsx
2025;5;Mayo;PROCESAMIENTO DE ALIMENTOS BALANCEADOS;materia_prima;Carbonato de calcio;4,215.473;4,215.473;;;Toneladas;2025 INGRESO Y UTILIZACION DE MATERIA PRIMA SEGÚN ACTIVIDAD PRODUCTIVA(1).xlsx
2025;5;Mayo;PROCESAMIENTO DE ALIMENTOS BALANCEADOS;materia_prima;Grasas de pescado;5,213.387;5,213.387;;;Toneladas;2025 INGRESO Y UTILIZACION DE MATERIA PRIMA SEGÚN ACTIVIDAD PRODUCTIVA(1).xlsx
2025;5;Mayo;PROCESAMIENTO DE ALIMENTOS BALANCEADOS;materia_prima;Harina de Pescado;2,965.680;2,965.680;;;Toneladas;2025 INGRESO Y UTILIZACION DE MATERIA PRIMA SEGÚN ACTIVIDAD PRODUCTIVA(1).xlsx
2025;5;Mayo;PROCESAMIENTO DE ALIMENTOS BALANCEADOS;materia_prima;Maiz amarillo Duro;159,228.334;159,228.334;;;Toneladas;2025 INGRESO Y UTILIZACION DE MATERIA PRIMA SEGÚN ACTIVIDAD PRODUCTIVA(1).xlsx
2025;5;Mayo;PROCESAMIENTO DE ALIMENTOS BALANCEADOS;materia_prima;Melaza;138.500;138.500;;;Toneladas;2025 INGRESO Y UTILIZACION DE MATERIA PRIMA SEGÚN ACTIVIDAD PRODUCTIVA(1).xlsx
2025;5;Mayo;PROCESAMIENTO DE ALIMENTOS BALANCEADOS;materia_prima;Otros;26,683.998;26,683.998;;;Toneladas;2025 INGRESO Y UTILIZACION DE MATERIA PRIMA SEGÚN ACTIVIDAD PRODUCTIVA(1).xlsx
2025;5;Mayo;PROCESAMIENTO DE ALIMENTOS BALANCEADOS;materia_prima;Polvillo de arroz;3,945.512;3,945.512;;;Toneladas;2025 INGRESO Y UTILIZACION DE MATERIA PRIMA SEGÚN ACTIVIDAD PRODUCTIVA(1).xlsx
2025;5;Mayo;PROCESAMIENTO DE ALIMENTOS BALANCEADOS;materia_prima;Soya en grano;5,546.960;5,546.960;;;Toneladas;2025 INGRESO Y UTILIZACION DE MATERIA PRIMA SEGÚN ACTIVIDAD PRODUCTIVA(1).xlsx
2025;5;Mayo;PROCESAMIENTO DE ALIMENTOS BALANCEADOS;materia_prima;Sub producto de trigo;10,532.080;10,532.080;;;Toneladas;2025 INGRESO Y UTILIZACION DE MATERIA PRIMA SEGÚN ACTIVIDAD PRODUCTIVA(1).xlsx
2025;5;Mayo;PROCESAMIENTO DE ALIMENTOS BALANCEADOS;materia_prima;Torta de algodón;78.100;78.100;;;Toneladas;2025 INGRESO Y UTILIZACION DE MATERIA PRIMA SEGÚN ACTIVIDAD PRODUCTIVA(1).xlsx
2025;5;Mayo;PROCESAMIENTO DE ALIMENTOS BALANCEADOS;materia_prima;Torta de soya;112,688.289;112,688.289;;;Toneladas;2025 INGRESO Y UTILIZACION DE MATERIA PRIMA SEGÚN ACTIVIDAD PRODUCTIVA(1).xlsx
2025;5;Mayo;PROCESAMIENTO DE ALIMENTOS BALANCEADOS;producto;Alimento balanceado para aves carne;;;220,369.678;220,658.561;Toneladas;2025 PRODUCCIÓN Y VENTA DE LA  ACTIVIDAD PRODUCTIVA.xlsx
2025;5;Mayo;PROCESAMIENTO DE ALIMENTOS BALANCEADOS;producto;Alimento balanceado para aves postura/reproductora;;;75,480.672;75,353.545;Toneladas;2025 PRODUCCIÓN Y VENTA DE LA  ACTIVIDAD PRODUCTIVA.xlsx
2025;5;Mayo;PROCESAMIENTO DE ALIMENTOS BALANCEADOS;producto;Alimento balanceado para pavos y patos;;;4,559.324;4,486.912;Toneladas;2025 PRODUCCIÓN Y VENTA DE LA  ACTIVIDAD PRODUCTIVA.xlsx
2025;5;Mayo;PROCESAMIENTO DE ALIMENTOS BALANCEADOS;producto;Alimento balanceado para porcinos;;;27,064.307;27,401.915;Toneladas;2025 PRODUCCIÓN Y VENTA DE LA  ACTIVIDAD PRODUCTIVA.xlsx
2025;5;Mayo;PROCESAMIENTO DE ALIMENTOS BALANCEADOS;producto;Alimento balanceado para vacunos;;;9,323.514;8,834.697;Toneladas;2025 PRODUCCIÓN Y VENTA DE LA  ACTIVIDAD PRODUCTIVA.xlsx
2025;5;Mayo;PROCESAMIENTO DE ALIMENTOS BALANCEADOS;producto;Otros animales 1/;;;35,445.420;36,484.475;Toneladas;2025 PRODUCCIÓN Y VENTA DE LA  ACTIVIDAD PRODUCTIVA.xlsx
2025;5;Mayo;PROCESAMIENTO DE AVENA;materia_prima;Avena;9,132.154;9,132.154;;;Toneladas;2025 INGRESO Y UTILIZACION DE MATERIA PRIMA SEGÚN ACTIVIDAD PRODUCTIVA(1).xlsx
2025;5;Mayo;PROCESAMIENTO DE AVENA;materia_prima;Azúcar;0.951;0.951;;;Toneladas;2025 INGRESO Y UTILIZACION DE MATERIA PRIMA SEGÚN ACTIVIDAD PRODUCTIVA(1).xlsx
2025;5;Mayo;PROCESAMIENTO DE AVENA;materia_prima;Cebada;0.550;0.550;;;Toneladas;2025 INGRESO Y UTILIZACION DE MATERIA PRIMA SEGÚN ACTIVIDAD PRODUCTIVA(1).xlsx
2025;5;Mayo;PROCESAMIENTO DE AVENA;materia_prima;Kiwicha;14.790;14.790;;;Toneladas;2025 INGRESO Y UTILIZACION DE MATERIA PRIMA SEGÚN ACTIVIDAD PRODUCTIVA(1).xlsx
2025;5;Mayo;PROCESAMIENTO DE AVENA;materia_prima;Leche en Polvo;1.206;1.206;;;Toneladas;2025 INGRESO Y UTILIZACION DE MATERIA PRIMA SEGÚN ACTIVIDAD PRODUCTIVA(1).xlsx
2025;5;Mayo;PROCESAMIENTO DE AVENA;materia_prima;Maca;2.545;2.545;;;Toneladas;2025 INGRESO Y UTILIZACION DE MATERIA PRIMA SEGÚN ACTIVIDAD PRODUCTIVA(1).xlsx
2025;5;Mayo;PROCESAMIENTO DE AVENA;materia_prima;Quinua;19.612;19.612;;;Toneladas;2025 INGRESO Y UTILIZACION DE MATERIA PRIMA SEGÚN ACTIVIDAD PRODUCTIVA(1).xlsx
2025;5;Mayo;PROCESAMIENTO DE AVENA;materia_prima;Soya;1.058;1.058;;;Toneladas;2025 INGRESO Y UTILIZACION DE MATERIA PRIMA SEGÚN ACTIVIDAD PRODUCTIVA(1).xlsx
2025;5;Mayo;PROCESAMIENTO DE AVENA;materia_prima;Trigo;0.723;0.723;;;Toneladas;2025 INGRESO Y UTILIZACION DE MATERIA PRIMA SEGÚN ACTIVIDAD PRODUCTIVA(1).xlsx
2025;5;Mayo;PROCESAMIENTO DE AVENA;producto;Avena;;;3,697.145;3,445.144;Toneladas;2025 PRODUCCIÓN Y VENTA DE LA  ACTIVIDAD PRODUCTIVA.xlsx
2025;5;Mayo;PROCESAMIENTO DE AVENA;producto;Enriquecido de cereales;;;606.845;614.574;Toneladas;2025 PRODUCCIÓN Y VENTA DE LA  ACTIVIDAD PRODUCTIVA.xlsx
2025;5;Mayo;PROCESAMIENTO DE AZUCAR;materia_prima;Caña de Azúcar;613,268.339;613,268.339;;;Toneladas;2025 INGRESO Y UTILIZACION DE MATERIA PRIMA SEGÚN ACTIVIDAD PRODUCTIVA(1).xlsx
2025;5;Mayo;PROCESAMIENTO DE AZUCAR;producto;Azúcar;;;62,969.631;62,969.631;Toneladas;2025 PRODUCCIÓN Y VENTA DE LA  ACTIVIDAD PRODUCTIVA.xlsx
2025;5;Mayo;PROCESAMIENTO DE DERIVADOS LACTEOS;producto;Cremas;;;427.312;656.839;Toneladas;2025 PRODUCCIÓN Y VENTA DE LA  ACTIVIDAD PRODUCTIVA.xlsx
2025;5;Mayo;PROCESAMIENTO DE DERIVADOS LACTEOS;producto;Manjar blanco;;;707.628;723.150;Toneladas;2025 PRODUCCIÓN Y VENTA DE LA  ACTIVIDAD PRODUCTIVA.xlsx
2025;5;Mayo;PROCESAMIENTO DE DERIVADOS LACTEOS;producto;Mantequilla;;;617.635;525.855;Toneladas;2025 PRODUCCIÓN Y VENTA DE LA  ACTIVIDAD PRODUCTIVA.xlsx
2025;5;Mayo;PROCESAMIENTO DE DERIVADOS LACTEOS;producto;Queso Mantecoso;;;29.100;10.100;Toneladas;2025 PRODUCCIÓN Y VENTA DE LA  ACTIVIDAD PRODUCTIVA.xlsx
2025;5;Mayo;PROCESAMIENTO DE DERIVADOS LACTEOS;producto;Quesos Frescos;;;351.780;354.034;Toneladas;2025 PRODUCCIÓN Y VENTA DE LA  ACTIVIDAD PRODUCTIVA.xlsx
2025;5;Mayo;PROCESAMIENTO DE DERIVADOS LACTEOS;producto;Quesos Madurados;;;1,137.459;1,221.204;Toneladas;2025 PRODUCCIÓN Y VENTA DE LA  ACTIVIDAD PRODUCTIVA.xlsx
2025;5;Mayo;PROCESAMIENTO DE DERIVADOS LACTEOS;producto;Yogurt;;;13,498.983;11,956.933;Toneladas;2025 PRODUCCIÓN Y VENTA DE LA  ACTIVIDAD PRODUCTIVA.xlsx
2025;5;Mayo;PROCESAMIENTO DE DERIVADOS LACTEOS, LECHES Y MEZCLAS LACTEAS;materia_prima;Grasa anhidra de leche (GAL);554.190;335.393;;;Toneladas;2025 INGRESO Y UTILIZACION DE MATERIA PRIMA SEGÚN ACTIVIDAD PRODUCTIVA(1).xlsx
2025;5;Mayo;PROCESAMIENTO DE DERIVADOS LACTEOS, LECHES Y MEZCLAS LACTEAS;materia_prima;Leche en polvo descremada (LPD);1,767.504;1,533.021;;;Toneladas;2025 INGRESO Y UTILIZACION DE MATERIA PRIMA SEGÚN ACTIVIDAD PRODUCTIVA(1).xlsx
2025;5;Mayo;PROCESAMIENTO DE DERIVADOS LACTEOS, LECHES Y MEZCLAS LACTEAS;materia_prima;Leche en polvo entera (LEP);1,819.287;3,192.293;;;Toneladas;2025 INGRESO Y UTILIZACION DE MATERIA PRIMA SEGÚN ACTIVIDAD PRODUCTIVA(1).xlsx
2025;5;Mayo;PROCESAMIENTO DE DERIVADOS LACTEOS, LECHES Y MEZCLAS LACTEAS;materia_prima;Leche fresca;66,581.670;59,616.023;;;Toneladas;2025 INGRESO Y UTILIZACION DE MATERIA PRIMA SEGÚN ACTIVIDAD PRODUCTIVA(1).xlsx
2025;5;Mayo;PROCESAMIENTO DE EMBUTIDOS Y CARNES PREPARADAS;materia_prima;Carne Industrial;1,090.280;1,090.280;;;Toneladas;2025 INGRESO Y UTILIZACION DE MATERIA PRIMA SEGÚN ACTIVIDAD PRODUCTIVA(1).xlsx
2025;5;Mayo;PROCESAMIENTO DE EMBUTIDOS Y CARNES PREPARADAS;materia_prima;Carne de Cerdo;2,022.006;2,022.006;;;Toneladas;2025 INGRESO Y UTILIZACION DE MATERIA PRIMA SEGÚN ACTIVIDAD PRODUCTIVA(1).xlsx
2025;5;Mayo;PROCESAMIENTO DE EMBUTIDOS Y CARNES PREPARADAS;materia_prima;Carne de ave;729.524;729.524;;;Toneladas;2025 INGRESO Y UTILIZACION DE MATERIA PRIMA SEGÚN ACTIVIDAD PRODUCTIVA(1).xlsx
2025;5;Mayo;PROCESAMIENTO DE EMBUTIDOS Y CARNES PREPARADAS;materia_prima;Maizena;332.375;332.375;;;Toneladas;2025 INGRESO Y UTILIZACION DE MATERIA PRIMA SEGÚN ACTIVIDAD PRODUCTIVA(1).xlsx
2025;5;Mayo;PROCESAMIENTO DE EMBUTIDOS Y CARNES PREPARADAS;materia_prima;Otros;146.735;146.735;;;Toneladas;2025 INGRESO Y UTILIZACION DE MATERIA PRIMA SEGÚN ACTIVIDAD PRODUCTIVA(1).xlsx
2025;5;Mayo;PROCESAMIENTO DE EMBUTIDOS Y CARNES PREPARADAS;materia_prima;Sal;52.808;52.808;;;Toneladas;2025 INGRESO Y UTILIZACION DE MATERIA PRIMA SEGÚN ACTIVIDAD PRODUCTIVA(1).xlsx
2025;5;Mayo;PROCESAMIENTO DE EMBUTIDOS Y CARNES PREPARADAS;producto;Ahumado;;;179.962;178.892;Toneladas;2025 PRODUCCIÓN Y VENTA DE LA  ACTIVIDAD PRODUCTIVA.xlsx
2025;5;Mayo;PROCESAMIENTO DE EMBUTIDOS Y CARNES PREPARADAS;producto;Carne preparada-cocidos especiales;;;338.741;342.405;Toneladas;2025 PRODUCCIÓN Y VENTA DE LA  ACTIVIDAD PRODUCTIVA.xlsx
2025;5;Mayo;PROCESAMIENTO DE EMBUTIDOS Y CARNES PREPARADAS;producto;Chicharrón de Prensa;;;50.795;117.020;Toneladas;2025 PRODUCCIÓN Y VENTA DE LA  ACTIVIDAD PRODUCTIVA.xlsx
2025;5;Mayo;PROCESAMIENTO DE EMBUTIDOS Y CARNES PREPARADAS;producto;Chorizo;;;871.123;883.656;Toneladas;2025 PRODUCCIÓN Y VENTA DE LA  ACTIVIDAD PRODUCTIVA.xlsx
2025;5;Mayo;PROCESAMIENTO DE EMBUTIDOS Y CARNES PREPARADAS;producto;Hamburguesa;;;831.163;825.267;Toneladas;2025 PRODUCCIÓN Y VENTA DE LA  ACTIVIDAD PRODUCTIVA.xlsx
2025;5;Mayo;PROCESAMIENTO DE EMBUTIDOS Y CARNES PREPARADAS;producto;Hot Dog y/o Salchicha;;;2,968.802;3,060.414;Toneladas;2025 PRODUCCIÓN Y VENTA DE LA  ACTIVIDAD PRODUCTIVA.xlsx
2025;5;Mayo;PROCESAMIENTO DE EMBUTIDOS Y CARNES PREPARADAS;producto;Jamonada;;;771.733;836.995;Toneladas;2025 PRODUCCIÓN Y VENTA DE LA  ACTIVIDAD PRODUCTIVA.xlsx
2025;5;Mayo;PROCESAMIENTO DE EMBUTIDOS Y CARNES PREPARADAS;producto;Jamón;;;1,078.645;1,088.813;Toneladas;2025 PRODUCCIÓN Y VENTA DE LA  ACTIVIDAD PRODUCTIVA.xlsx
2025;5;Mayo;PROCESAMIENTO DE EMBUTIDOS Y CARNES PREPARADAS;producto;Mortadela;;;108.549;119.867;Toneladas;2025 PRODUCCIÓN Y VENTA DE LA  ACTIVIDAD PRODUCTIVA.xlsx
2025;5;Mayo;PROCESAMIENTO DE EMBUTIDOS Y CARNES PREPARADAS;producto;Otros;;;174.395;178.602;Toneladas;2025 PRODUCCIÓN Y VENTA DE LA  ACTIVIDAD PRODUCTIVA.xlsx
2025;5;Mayo;PROCESAMIENTO DE EMBUTIDOS Y CARNES PREPARADAS;producto;Pastel;;;4.651;5.058;Toneladas;2025 PRODUCCIÓN Y VENTA DE LA  ACTIVIDAD PRODUCTIVA.xlsx
2025;5;Mayo;PROCESAMIENTO DE EMBUTIDOS Y CARNES PREPARADAS;producto;Paté;;;47.477;46.981;Toneladas;2025 PRODUCCIÓN Y VENTA DE LA  ACTIVIDAD PRODUCTIVA.xlsx
2025;5;Mayo;PROCESAMIENTO DE EMBUTIDOS Y CARNES PREPARADAS;producto;Queso de Chancho;;;5.966;5.866;Toneladas;2025 PRODUCCIÓN Y VENTA DE LA  ACTIVIDAD PRODUCTIVA.xlsx
2025;5;Mayo;PROCESAMIENTO DE EMBUTIDOS Y CARNES PREPARADAS;producto;Salame;;;7.303;6.891;Toneladas;2025 PRODUCCIÓN Y VENTA DE LA  ACTIVIDAD PRODUCTIVA.xlsx
2025;5;Mayo;PROCESAMIENTO DE FIDEO;materia_prima;Harina de Trigo;36,163.592;36,163.592;;;Toneladas;2025 INGRESO Y UTILIZACION DE MATERIA PRIMA SEGÚN ACTIVIDAD PRODUCTIVA(1).xlsx
2025;5;Mayo;PROCESAMIENTO DE FIDEO;producto;Fideo corriente a granel;;;1,358.070;1,442.350;Toneladas;2025 PRODUCCIÓN Y VENTA DE LA  ACTIVIDAD PRODUCTIVA.xlsx
2025;5;Mayo;PROCESAMIENTO DE FIDEO;producto;Fideo envasado;;;35,073.322;35,500.002;Toneladas;2025 PRODUCCIÓN Y VENTA DE LA  ACTIVIDAD PRODUCTIVA.xlsx
2025;5;Mayo;PROCESAMIENTO DE HARINA DE TRIGO;materia_prima;Trigo entero;215,603.838;215,603.838;;;Toneladas;2025 INGRESO Y UTILIZACION DE MATERIA PRIMA SEGÚN ACTIVIDAD PRODUCTIVA(1).xlsx
2025;5;Mayo;PROCESAMIENTO DE HARINA DE TRIGO;producto;Harina de Trigo;;;133,456.827;133,560.584;Toneladas;2025 PRODUCCIÓN Y VENTA DE LA  ACTIVIDAD PRODUCTIVA.xlsx
2025;5;Mayo;PROCESAMIENTO DE HARINA DE TRIGO;producto;Sub producto de trigo;;;26,389.248;26,369.303;Toneladas;2025 PRODUCCIÓN Y VENTA DE LA  ACTIVIDAD PRODUCTIVA.xlsx
2025;5;Mayo;PROCESAMIENTO DE HARINA DE TRIGO;producto;Sémola;;;534.149;521.340;Toneladas;2025 PRODUCCIÓN Y VENTA DE LA  ACTIVIDAD PRODUCTIVA.xlsx
2025;5;Mayo;PROCESAMIENTO DE MALTA;materia_prima;Cebada;10,200.000;10,200.000;;;Toneladas;2025 INGRESO Y UTILIZACION DE MATERIA PRIMA SEGÚN ACTIVIDAD PRODUCTIVA(1).xlsx
2025;5;Mayo;PROCESAMIENTO DE MALTA;producto;Malta de cebada;;;7,650.000;8,500.000;Toneladas;2025 PRODUCCIÓN Y VENTA DE LA  ACTIVIDAD PRODUCTIVA.xlsx
2025;5;Mayo;PROCESAMIENTO DEL CACAO;materia_prima;Cacao Grano;8,413.843;8,413.843;;;Toneladas;2025 INGRESO Y UTILIZACION DE MATERIA PRIMA SEGÚN ACTIVIDAD PRODUCTIVA(1).xlsx
2025;5;Mayo;PROCESAMIENTO DEL CACAO;materia_prima;Cocoa;3.420;3.420;;;Toneladas;2025 INGRESO Y UTILIZACION DE MATERIA PRIMA SEGÚN ACTIVIDAD PRODUCTIVA(1).xlsx
2025;5;Mayo;PROCESAMIENTO DEL CACAO;materia_prima;Licor de Cacao;3.210;3.210;;;Toneladas;2025 INGRESO Y UTILIZACION DE MATERIA PRIMA SEGÚN ACTIVIDAD PRODUCTIVA(1).xlsx
2025;5;Mayo;PROCESAMIENTO DEL CACAO;materia_prima;Manteca de Cacao;0.820;0.820;;;Toneladas;2025 INGRESO Y UTILIZACION DE MATERIA PRIMA SEGÚN ACTIVIDAD PRODUCTIVA(1).xlsx
2025;5;Mayo;PROCESAMIENTO DEL CACAO;materia_prima;Torta de Cacao;1.370;1.370;;;Toneladas;2025 INGRESO Y UTILIZACION DE MATERIA PRIMA SEGÚN ACTIVIDAD PRODUCTIVA(1).xlsx
2025;5;Mayo;PROCESAMIENTO DEL CACAO;producto;Cacao Grano;;;237.520;291.595;Toneladas;2025 PRODUCCIÓN Y VENTA DE LA  ACTIVIDAD PRODUCTIVA.xlsx
2025;5;Mayo;PROCESAMIENTO DEL CACAO;producto;Chocolate y cobertura;;;3.850;3.570;Toneladas;2025 PRODUCCIÓN Y VENTA DE LA  ACTIVIDAD PRODUCTIVA.xlsx
2025;5;Mayo;PROCESAMIENTO DEL CACAO;producto;Cocoa;;;415.890;325.890;Toneladas;2025 PRODUCCIÓN Y VENTA DE LA  ACTIVIDAD PRODUCTIVA.xlsx
2025;5;Mayo;PROCESAMIENTO DEL CACAO;producto;Licor de cacao;;;1,228.365;1,394.026;Toneladas;2025 PRODUCCIÓN Y VENTA DE LA  ACTIVIDAD PRODUCTIVA.xlsx
2025;5;Mayo;PROCESAMIENTO DEL CACAO;producto;Manteca de cacao;;;1,501.740;1,448.957;Toneladas;2025 PRODUCCIÓN Y VENTA DE LA  ACTIVIDAD PRODUCTIVA.xlsx
2025;5;Mayo;PROCESAMIENTO DEL CACAO;producto;Polvo de Cacao;;;1,222.004;1,544.960;Toneladas;2025 PRODUCCIÓN Y VENTA DE LA  ACTIVIDAD PRODUCTIVA.xlsx
2025;5;Mayo;PROCESAMIENTO DEL CACAO;producto;Torta de cacao;;;1,359.271;1,944.974;Toneladas;2025 PRODUCCIÓN Y VENTA DE LA  ACTIVIDAD PRODUCTIVA.xlsx
2025;5;Mayo;PROCESAMIENTO DEL ESPARRAGO;materia_prima;Espárrago Fresco;4,486.731;4,486.731;;;Toneladas;2025 INGRESO Y UTILIZACION DE MATERIA PRIMA SEGÚN ACTIVIDAD PRODUCTIVA(1).xlsx
2025;5;Mayo;PROCESAMIENTO DEL ESPARRAGO;producto;Congelado;;;739.561;380.000;Toneladas;2025 PRODUCCIÓN Y VENTA DE LA  ACTIVIDAD PRODUCTIVA.xlsx
2025;5;Mayo;PROCESAMIENTO DEL ESPARRAGO;producto;Conserva;;;957.656;1,038.829;Toneladas;2025 PRODUCCIÓN Y VENTA DE LA  ACTIVIDAD PRODUCTIVA.xlsx
2025;5;Mayo;PROCESAMIENTO DEL ESPARRAGO;producto;Fresco;;;2,043.852;2,027.784;Toneladas;2025 PRODUCCIÓN Y VENTA DE LA  ACTIVIDAD PRODUCTIVA.xlsx
2025;6;Junio;ACEITE ESENCIAL DE LIMÓN;materia_prima;Limón;3,058.482;3,058.482;;;Toneladas;2025 INGRESO Y UTILIZACION DE MATERIA PRIMA SEGÚN ACTIVIDAD PRODUCTIVA(1).xlsx
2025;6;Junio;ACEITE ESENCIAL DE LIMÓN;producto;Aceite Esencial de Limón;;;21.672;21.672;Toneladas;2025 PRODUCCIÓN Y VENTA DE LA  ACTIVIDAD PRODUCTIVA.xlsx
2025;6;Junio;ACEITE ESENCIAL DE LIMÓN;producto;Cáscara de Limón;;;193.130;193.130;Toneladas;2025 PRODUCCIÓN Y VENTA DE LA  ACTIVIDAD PRODUCTIVA.xlsx
2025;6;Junio;LECHES Y MEZCLAS LACTEAS;producto;Condensada;;;1,811.216;1,823.358;Toneladas;2025 PRODUCCIÓN Y VENTA DE LA  ACTIVIDAD PRODUCTIVA.xlsx
2025;6;Junio;LECHES Y MEZCLAS LACTEAS;producto;Evaporadas;;;29,015.746;32,307.878;Toneladas;2025 PRODUCCIÓN Y VENTA DE LA  ACTIVIDAD PRODUCTIVA.xlsx
2025;6;Junio;LECHES Y MEZCLAS LACTEAS;producto;Leche evaporada*;;;4,286.048;5,014.389;Toneladas;2025 PRODUCCIÓN Y VENTA DE LA  ACTIVIDAD PRODUCTIVA.xlsx
2025;6;Junio;LECHES Y MEZCLAS LACTEAS;producto;Mezclas lácteas*;;;24,729.698;27,293.488;Toneladas;2025 PRODUCCIÓN Y VENTA DE LA  ACTIVIDAD PRODUCTIVA.xlsx
2025;6;Junio;LECHES Y MEZCLAS LACTEAS;producto;Pasteurizada;;;15,567.352;16,852.584;Toneladas;2025 PRODUCCIÓN Y VENTA DE LA  ACTIVIDAD PRODUCTIVA.xlsx
2025;6;Junio;PROCESAMIENTO DE ACEITES Y GRASAS;materia_prima;Crudo de Girasol;1,430.000;740.000;;;Toneladas;2025 INGRESO Y UTILIZACION DE MATERIA PRIMA SEGÚN ACTIVIDAD PRODUCTIVA(1).xlsx
2025;6;Junio;PROCESAMIENTO DE ACEITES Y GRASAS;materia_prima;Crudo de Palma;9,012.000;9,012.000;;;Toneladas;2025 INGRESO Y UTILIZACION DE MATERIA PRIMA SEGÚN ACTIVIDAD PRODUCTIVA(1).xlsx
2025;6;Junio;PROCESAMIENTO DE ACEITES Y GRASAS;materia_prima;Crudo de Palmiste;145.000;92.000;;;Toneladas;2025 INGRESO Y UTILIZACION DE MATERIA PRIMA SEGÚN ACTIVIDAD PRODUCTIVA(1).xlsx
2025;6;Junio;PROCESAMIENTO DE ACEITES Y GRASAS;materia_prima;Crudo de Soya;19,220.000;19,220.000;;;Toneladas;2025 INGRESO Y UTILIZACION DE MATERIA PRIMA SEGÚN ACTIVIDAD PRODUCTIVA(1).xlsx
2025;6;Junio;PROCESAMIENTO DE ACEITES Y GRASAS;materia_prima;Crudo de algodón;26.000;26.000;;;Toneladas;2025 INGRESO Y UTILIZACION DE MATERIA PRIMA SEGÚN ACTIVIDAD PRODUCTIVA(1).xlsx
2025;6;Junio;PROCESAMIENTO DE ACEITES Y GRASAS;materia_prima;Fruto de palma;27,850.000;27,850.000;;;Toneladas;2025 INGRESO Y UTILIZACION DE MATERIA PRIMA SEGÚN ACTIVIDAD PRODUCTIVA(1).xlsx
2025;6;Junio;PROCESAMIENTO DE ACEITES Y GRASAS;materia_prima;Maiz Amarillo Duro;4,785.000;4,785.000;;;Toneladas;2025 INGRESO Y UTILIZACION DE MATERIA PRIMA SEGÚN ACTIVIDAD PRODUCTIVA(1).xlsx
2025;6;Junio;PROCESAMIENTO DE ACEITES Y GRASAS;materia_prima;Refinado de Soya;500.000;700.000;;;Toneladas;2025 INGRESO Y UTILIZACION DE MATERIA PRIMA SEGÚN ACTIVIDAD PRODUCTIVA(1).xlsx
2025;6;Junio;PROCESAMIENTO DE ACEITES Y GRASAS;materia_prima;refinado de Palma;0.000;0.000;;;Toneladas;2025 INGRESO Y UTILIZACION DE MATERIA PRIMA SEGÚN ACTIVIDAD PRODUCTIVA(1).xlsx
2025;6;Junio;PROCESAMIENTO DE ACEITES Y GRASAS;producto;Aceite Vegetal;;;23,026.000;22,996.000;Toneladas;2025 PRODUCCIÓN Y VENTA DE LA  ACTIVIDAD PRODUCTIVA.xlsx
2025;6;Junio;PROCESAMIENTO DE ACEITES Y GRASAS;producto;Manteca Vegetal;;;6,576.000;6,576.000;Toneladas;2025 PRODUCCIÓN Y VENTA DE LA  ACTIVIDAD PRODUCTIVA.xlsx
2025;6;Junio;PROCESAMIENTO DE ACEITES Y GRASAS;producto;Margarina;;;1,745.000;1,745.000;Toneladas;2025 PRODUCCIÓN Y VENTA DE LA  ACTIVIDAD PRODUCTIVA.xlsx
2025;6;Junio;PROCESAMIENTO DE ALIMENTOS BALANCEADOS;materia_prima;Carbonato de calcio;5,027.179;4,669.782;;;Toneladas;2025 INGRESO Y UTILIZACION DE MATERIA PRIMA SEGÚN ACTIVIDAD PRODUCTIVA(1).xlsx
2025;6;Junio;PROCESAMIENTO DE ALIMENTOS BALANCEADOS;materia_prima;Grasas de pescado;4,000.189;4,357.836;;;Toneladas;2025 INGRESO Y UTILIZACION DE MATERIA PRIMA SEGÚN ACTIVIDAD PRODUCTIVA(1).xlsx
2025;6;Junio;PROCESAMIENTO DE ALIMENTOS BALANCEADOS;materia_prima;Harina de Pescado;3,300.353;3,376.943;;;Toneladas;2025 INGRESO Y UTILIZACION DE MATERIA PRIMA SEGÚN ACTIVIDAD PRODUCTIVA(1).xlsx
2025;6;Junio;PROCESAMIENTO DE ALIMENTOS BALANCEADOS;materia_prima;Maiz amarillo Duro;204,254.570;219,025.294;;;Toneladas;2025 INGRESO Y UTILIZACION DE MATERIA PRIMA SEGÚN ACTIVIDAD PRODUCTIVA(1).xlsx
2025;6;Junio;PROCESAMIENTO DE ALIMENTOS BALANCEADOS;materia_prima;Melaza;171.010;216.437;;;Toneladas;2025 INGRESO Y UTILIZACION DE MATERIA PRIMA SEGÚN ACTIVIDAD PRODUCTIVA(1).xlsx
2025;6;Junio;PROCESAMIENTO DE ALIMENTOS BALANCEADOS;materia_prima;Otros;25,417.229;25,412.966;;;Toneladas;2025 INGRESO Y UTILIZACION DE MATERIA PRIMA SEGÚN ACTIVIDAD PRODUCTIVA(1).xlsx
2025;6;Junio;PROCESAMIENTO DE ALIMENTOS BALANCEADOS;materia_prima;Polvillo de arroz;5,545.900;5,754.047;;;Toneladas;2025 INGRESO Y UTILIZACION DE MATERIA PRIMA SEGÚN ACTIVIDAD PRODUCTIVA(1).xlsx
2025;6;Junio;PROCESAMIENTO DE ALIMENTOS BALANCEADOS;materia_prima;Soya en grano;6,797.570;3,480.395;;;Toneladas;2025 INGRESO Y UTILIZACION DE MATERIA PRIMA SEGÚN ACTIVIDAD PRODUCTIVA(1).xlsx
2025;6;Junio;PROCESAMIENTO DE ALIMENTOS BALANCEADOS;materia_prima;Sub producto de trigo;15,832.150;14,822.333;;;Toneladas;2025 INGRESO Y UTILIZACION DE MATERIA PRIMA SEGÚN ACTIVIDAD PRODUCTIVA(1).xlsx
2025;6;Junio;PROCESAMIENTO DE ALIMENTOS BALANCEADOS;materia_prima;Torta de algodón;81.900;66.900;;;Toneladas;2025 INGRESO Y UTILIZACION DE MATERIA PRIMA SEGÚN ACTIVIDAD PRODUCTIVA(1).xlsx
2025;6;Junio;PROCESAMIENTO DE ALIMENTOS BALANCEADOS;materia_prima;Torta de soya;87,162.580;99,355.369;;;Toneladas;2025 INGRESO Y UTILIZACION DE MATERIA PRIMA SEGÚN ACTIVIDAD PRODUCTIVA(1).xlsx
2025;6;Junio;PROCESAMIENTO DE ALIMENTOS BALANCEADOS;producto;Alimento balanceado para aves carne;;;216,409.225;215,666.680;Toneladas;2025 PRODUCCIÓN Y VENTA DE LA  ACTIVIDAD PRODUCTIVA.xlsx
2025;6;Junio;PROCESAMIENTO DE ALIMENTOS BALANCEADOS;producto;Alimento balanceado para aves postura/reproductora;;;73,512.122;73,599.240;Toneladas;2025 PRODUCCIÓN Y VENTA DE LA  ACTIVIDAD PRODUCTIVA.xlsx
2025;6;Junio;PROCESAMIENTO DE ALIMENTOS BALANCEADOS;producto;Alimento balanceado para pavos y patos;;;4,911.683;4,964.839;Toneladas;2025 PRODUCCIÓN Y VENTA DE LA  ACTIVIDAD PRODUCTIVA.xlsx
2025;6;Junio;PROCESAMIENTO DE ALIMENTOS BALANCEADOS;producto;Alimento balanceado para porcinos;;;27,202.653;26,989.368;Toneladas;2025 PRODUCCIÓN Y VENTA DE LA  ACTIVIDAD PRODUCTIVA.xlsx
2025;6;Junio;PROCESAMIENTO DE ALIMENTOS BALANCEADOS;producto;Alimento balanceado para vacunos;;;8,162.298;7,985.583;Toneladas;2025 PRODUCCIÓN Y VENTA DE LA  ACTIVIDAD PRODUCTIVA.xlsx
2025;6;Junio;PROCESAMIENTO DE ALIMENTOS BALANCEADOS;producto;Otros animales 1/;;;36,560.510;35,786.059;Toneladas;2025 PRODUCCIÓN Y VENTA DE LA  ACTIVIDAD PRODUCTIVA.xlsx
2025;6;Junio;PROCESAMIENTO DE AVENA;materia_prima;Avena;1,142.700;4,091.096;;;Toneladas;2025 INGRESO Y UTILIZACION DE MATERIA PRIMA SEGÚN ACTIVIDAD PRODUCTIVA(1).xlsx
2025;6;Junio;PROCESAMIENTO DE AVENA;materia_prima;Azúcar;1.100;1.530;;;Toneladas;2025 INGRESO Y UTILIZACION DE MATERIA PRIMA SEGÚN ACTIVIDAD PRODUCTIVA(1).xlsx
2025;6;Junio;PROCESAMIENTO DE AVENA;materia_prima;Cebada;0.590;0.780;;;Toneladas;2025 INGRESO Y UTILIZACION DE MATERIA PRIMA SEGÚN ACTIVIDAD PRODUCTIVA(1).xlsx
2025;6;Junio;PROCESAMIENTO DE AVENA;materia_prima;Kiwicha;13.090;21.430;;;Toneladas;2025 INGRESO Y UTILIZACION DE MATERIA PRIMA SEGÚN ACTIVIDAD PRODUCTIVA(1).xlsx
2025;6;Junio;PROCESAMIENTO DE AVENA;materia_prima;Leche en Polvo;0.960;1.960;;;Toneladas;2025 INGRESO Y UTILIZACION DE MATERIA PRIMA SEGÚN ACTIVIDAD PRODUCTIVA(1).xlsx
2025;6;Junio;PROCESAMIENTO DE AVENA;materia_prima;Maca;4.840;2.060;;;Toneladas;2025 INGRESO Y UTILIZACION DE MATERIA PRIMA SEGÚN ACTIVIDAD PRODUCTIVA(1).xlsx
2025;6;Junio;PROCESAMIENTO DE AVENA;materia_prima;Quinua;18.800;16.750;;;Toneladas;2025 INGRESO Y UTILIZACION DE MATERIA PRIMA SEGÚN ACTIVIDAD PRODUCTIVA(1).xlsx
2025;6;Junio;PROCESAMIENTO DE AVENA;materia_prima;Soya;1.120;1.370;;;Toneladas;2025 INGRESO Y UTILIZACION DE MATERIA PRIMA SEGÚN ACTIVIDAD PRODUCTIVA(1).xlsx
2025;6;Junio;PROCESAMIENTO DE AVENA;materia_prima;Trigo;0.590;0.880;;;Toneladas;2025 INGRESO Y UTILIZACION DE MATERIA PRIMA SEGÚN ACTIVIDAD PRODUCTIVA(1).xlsx
2025;6;Junio;PROCESAMIENTO DE AVENA;producto;Avena;;;3,191.737;3,015.631;Toneladas;2025 PRODUCCIÓN Y VENTA DE LA  ACTIVIDAD PRODUCTIVA.xlsx
2025;6;Junio;PROCESAMIENTO DE AVENA;producto;Enriquecido de cereales;;;549.638;548.044;Toneladas;2025 PRODUCCIÓN Y VENTA DE LA  ACTIVIDAD PRODUCTIVA.xlsx
2025;6;Junio;PROCESAMIENTO DE AZUCAR;materia_prima;Caña de Azúcar;809,967.201;809,967.201;;;Toneladas;2025 INGRESO Y UTILIZACION DE MATERIA PRIMA SEGÚN ACTIVIDAD PRODUCTIVA(1).xlsx
2025;6;Junio;PROCESAMIENTO DE AZUCAR;producto;Azúcar;;;82,322.043;;Toneladas;2025 PRODUCCIÓN Y VENTA DE LA  ACTIVIDAD PRODUCTIVA.xlsx
2025;6;Junio;PROCESAMIENTO DE DERIVADOS LACTEOS;producto;Cremas;;;612.390;563.126;Toneladas;2025 PRODUCCIÓN Y VENTA DE LA  ACTIVIDAD PRODUCTIVA.xlsx
2025;6;Junio;PROCESAMIENTO DE DERIVADOS LACTEOS;producto;Manjar blanco;;;703.795;711.612;Toneladas;2025 PRODUCCIÓN Y VENTA DE LA  ACTIVIDAD PRODUCTIVA.xlsx
2025;6;Junio;PROCESAMIENTO DE DERIVADOS LACTEOS;producto;Mantequilla;;;537.163;531.177;Toneladas;2025 PRODUCCIÓN Y VENTA DE LA  ACTIVIDAD PRODUCTIVA.xlsx
2025;6;Junio;PROCESAMIENTO DE DERIVADOS LACTEOS;producto;Queso Mantecoso;;;9.930;9.930;Toneladas;2025 PRODUCCIÓN Y VENTA DE LA  ACTIVIDAD PRODUCTIVA.xlsx
2025;6;Junio;PROCESAMIENTO DE DERIVADOS LACTEOS;producto;Quesos Frescos;;;308.082;310.668;Toneladas;2025 PRODUCCIÓN Y VENTA DE LA  ACTIVIDAD PRODUCTIVA.xlsx
2025;6;Junio;PROCESAMIENTO DE DERIVADOS LACTEOS;producto;Quesos Madurados;;;1,137.459;820.082;Toneladas;2025 PRODUCCIÓN Y VENTA DE LA  ACTIVIDAD PRODUCTIVA.xlsx
2025;6;Junio;PROCESAMIENTO DE DERIVADOS LACTEOS;producto;Yogurt;;;10,847.997;11,438.747;Toneladas;2025 PRODUCCIÓN Y VENTA DE LA  ACTIVIDAD PRODUCTIVA.xlsx
2025;6;Junio;PROCESAMIENTO DE DERIVADOS LACTEOS, LECHES Y MEZCLAS LACTEAS;materia_prima;Grasa anhidra de leche (GAL);527.800;353.566;;;Toneladas;2025 INGRESO Y UTILIZACION DE MATERIA PRIMA SEGÚN ACTIVIDAD PRODUCTIVA(1).xlsx
2025;6;Junio;PROCESAMIENTO DE DERIVADOS LACTEOS, LECHES Y MEZCLAS LACTEAS;materia_prima;Leche en polvo descremada (LPD);983.598;1,686.363;;;Toneladas;2025 INGRESO Y UTILIZACION DE MATERIA PRIMA SEGÚN ACTIVIDAD PRODUCTIVA(1).xlsx
2025;6;Junio;PROCESAMIENTO DE DERIVADOS LACTEOS, LECHES Y MEZCLAS LACTEAS;materia_prima;Leche en polvo entera (LEP);3,446.948;2,596.770;;;Toneladas;2025 INGRESO Y UTILIZACION DE MATERIA PRIMA SEGÚN ACTIVIDAD PRODUCTIVA(1).xlsx
2025;6;Junio;PROCESAMIENTO DE DERIVADOS LACTEOS, LECHES Y MEZCLAS LACTEAS;materia_prima;Leche fresca;65,537.735;64,669.282;;;Toneladas;2025 INGRESO Y UTILIZACION DE MATERIA PRIMA SEGÚN ACTIVIDAD PRODUCTIVA(1).xlsx
2025;6;Junio;PROCESAMIENTO DE EMBUTIDOS Y CARNES PREPARADAS;materia_prima;Carne Industrial;959.779;954.601;;;Toneladas;2025 INGRESO Y UTILIZACION DE MATERIA PRIMA SEGÚN ACTIVIDAD PRODUCTIVA(1).xlsx
2025;6;Junio;PROCESAMIENTO DE EMBUTIDOS Y CARNES PREPARADAS;materia_prima;Carne de Cerdo;1,821.232;1,645.182;;;Toneladas;2025 INGRESO Y UTILIZACION DE MATERIA PRIMA SEGÚN ACTIVIDAD PRODUCTIVA(1).xlsx
2025;6;Junio;PROCESAMIENTO DE EMBUTIDOS Y CARNES PREPARADAS;materia_prima;Carne de ave;826.770;770.287;;;Toneladas;2025 INGRESO Y UTILIZACION DE MATERIA PRIMA SEGÚN ACTIVIDAD PRODUCTIVA(1).xlsx
2025;6;Junio;PROCESAMIENTO DE EMBUTIDOS Y CARNES PREPARADAS;materia_prima;Maizena;251.844;263.421;;;Toneladas;2025 INGRESO Y UTILIZACION DE MATERIA PRIMA SEGÚN ACTIVIDAD PRODUCTIVA(1).xlsx
2025;6;Junio;PROCESAMIENTO DE EMBUTIDOS Y CARNES PREPARADAS;materia_prima;Otros;140.272;137.671;;;Toneladas;2025 INGRESO Y UTILIZACION DE MATERIA PRIMA SEGÚN ACTIVIDAD PRODUCTIVA(1).xlsx
2025;6;Junio;PROCESAMIENTO DE EMBUTIDOS Y CARNES PREPARADAS;materia_prima;Sal;51.743;51.077;;;Toneladas;2025 INGRESO Y UTILIZACION DE MATERIA PRIMA SEGÚN ACTIVIDAD PRODUCTIVA(1).xlsx
2025;6;Junio;PROCESAMIENTO DE EMBUTIDOS Y CARNES PREPARADAS;producto;Ahumado;;;140.423;140.006;Toneladas;2025 PRODUCCIÓN Y VENTA DE LA  ACTIVIDAD PRODUCTIVA.xlsx
2025;6;Junio;PROCESAMIENTO DE EMBUTIDOS Y CARNES PREPARADAS;producto;Carne preparada-cocidos especiales;;;471.720;481.009;Toneladas;2025 PRODUCCIÓN Y VENTA DE LA  ACTIVIDAD PRODUCTIVA.xlsx
2025;6;Junio;PROCESAMIENTO DE EMBUTIDOS Y CARNES PREPARADAS;producto;Chicharrón de Prensa;;;111.856;106.372;Toneladas;2025 PRODUCCIÓN Y VENTA DE LA  ACTIVIDAD PRODUCTIVA.xlsx
2025;6;Junio;PROCESAMIENTO DE EMBUTIDOS Y CARNES PREPARADAS;producto;Chorizo;;;717.609;703.268;Toneladas;2025 PRODUCCIÓN Y VENTA DE LA  ACTIVIDAD PRODUCTIVA.xlsx
2025;6;Junio;PROCESAMIENTO DE EMBUTIDOS Y CARNES PREPARADAS;producto;Hamburguesa;;;705.336;726.372;Toneladas;2025 PRODUCCIÓN Y VENTA DE LA  ACTIVIDAD PRODUCTIVA.xlsx
2025;6;Junio;PROCESAMIENTO DE EMBUTIDOS Y CARNES PREPARADAS;producto;Hot Dog y/o Salchicha;;;2,685.040;2,678.406;Toneladas;2025 PRODUCCIÓN Y VENTA DE LA  ACTIVIDAD PRODUCTIVA.xlsx
2025;6;Junio;PROCESAMIENTO DE EMBUTIDOS Y CARNES PREPARADAS;producto;Jamonada;;;901.107;913.939;Toneladas;2025 PRODUCCIÓN Y VENTA DE LA  ACTIVIDAD PRODUCTIVA.xlsx
2025;6;Junio;PROCESAMIENTO DE EMBUTIDOS Y CARNES PREPARADAS;producto;Jamón;;;909.192;935.786;Toneladas;2025 PRODUCCIÓN Y VENTA DE LA  ACTIVIDAD PRODUCTIVA.xlsx
2025;6;Junio;PROCESAMIENTO DE EMBUTIDOS Y CARNES PREPARADAS;producto;Mortadela;;;102.893;114.811;Toneladas;2025 PRODUCCIÓN Y VENTA DE LA  ACTIVIDAD PRODUCTIVA.xlsx
2025;6;Junio;PROCESAMIENTO DE EMBUTIDOS Y CARNES PREPARADAS;producto;Otros;;;192.603;194.924;Toneladas;2025 PRODUCCIÓN Y VENTA DE LA  ACTIVIDAD PRODUCTIVA.xlsx
2025;6;Junio;PROCESAMIENTO DE EMBUTIDOS Y CARNES PREPARADAS;producto;Pastel;;;5.633;4.838;Toneladas;2025 PRODUCCIÓN Y VENTA DE LA  ACTIVIDAD PRODUCTIVA.xlsx
2025;6;Junio;PROCESAMIENTO DE EMBUTIDOS Y CARNES PREPARADAS;producto;Paté;;;48.531;47.027;Toneladas;2025 PRODUCCIÓN Y VENTA DE LA  ACTIVIDAD PRODUCTIVA.xlsx
2025;6;Junio;PROCESAMIENTO DE EMBUTIDOS Y CARNES PREPARADAS;producto;Queso de Chancho;;;5.900;5.800;Toneladas;2025 PRODUCCIÓN Y VENTA DE LA  ACTIVIDAD PRODUCTIVA.xlsx
2025;6;Junio;PROCESAMIENTO DE EMBUTIDOS Y CARNES PREPARADAS;producto;Salame;;;13.900;21.800;Toneladas;2025 PRODUCCIÓN Y VENTA DE LA  ACTIVIDAD PRODUCTIVA.xlsx
2025;6;Junio;PROCESAMIENTO DE FIDEO;materia_prima;Harina de Trigo;37,173.700;37,273.608;;;Toneladas;2025 INGRESO Y UTILIZACION DE MATERIA PRIMA SEGÚN ACTIVIDAD PRODUCTIVA(1).xlsx
2025;6;Junio;PROCESAMIENTO DE FIDEO;producto;Fideo corriente a granel;;;1,648.850;1,506.650;Toneladas;2025 PRODUCCIÓN Y VENTA DE LA  ACTIVIDAD PRODUCTIVA.xlsx
2025;6;Junio;PROCESAMIENTO DE FIDEO;producto;Fideo envasado;;;34,871.714;35,206.859;Toneladas;2025 PRODUCCIÓN Y VENTA DE LA  ACTIVIDAD PRODUCTIVA.xlsx
2025;6;Junio;PROCESAMIENTO DE HARINA DE TRIGO;materia_prima;Trigo entero;235,407.744;236,381.742;;;Toneladas;2025 INGRESO Y UTILIZACION DE MATERIA PRIMA SEGÚN ACTIVIDAD PRODUCTIVA(1).xlsx
2025;6;Junio;PROCESAMIENTO DE HARINA DE TRIGO;producto;Harina de Trigo;;;136,289.283;134,866.178;Toneladas;2025 PRODUCCIÓN Y VENTA DE LA  ACTIVIDAD PRODUCTIVA.xlsx
2025;6;Junio;PROCESAMIENTO DE HARINA DE TRIGO;producto;Sub producto de trigo;;;16,630.089;26,999.690;Toneladas;2025 PRODUCCIÓN Y VENTA DE LA  ACTIVIDAD PRODUCTIVA.xlsx
2025;6;Junio;PROCESAMIENTO DE HARINA DE TRIGO;producto;Sémola;;;580.050;542.417;Toneladas;2025 PRODUCCIÓN Y VENTA DE LA  ACTIVIDAD PRODUCTIVA.xlsx
2025;6;Junio;PROCESAMIENTO DE MALTA;materia_prima;Cebada;8,544.140;9,941.600;;;Toneladas;2025 INGRESO Y UTILIZACION DE MATERIA PRIMA SEGÚN ACTIVIDAD PRODUCTIVA(1).xlsx
2025;6;Junio;PROCESAMIENTO DE MALTA;producto;Malta de cebada;;;9,618.800;9,246.355;Toneladas;2025 PRODUCCIÓN Y VENTA DE LA  ACTIVIDAD PRODUCTIVA.xlsx
2025;6;Junio;PROCESAMIENTO DEL CACAO;materia_prima;Cacao Grano;13,693.582;6,789.164;;;Toneladas;2025 INGRESO Y UTILIZACION DE MATERIA PRIMA SEGÚN ACTIVIDAD PRODUCTIVA(1).xlsx
2025;6;Junio;PROCESAMIENTO DEL CACAO;materia_prima;Cocoa;2.560;1.080;;;Toneladas;2025 INGRESO Y UTILIZACION DE MATERIA PRIMA SEGÚN ACTIVIDAD PRODUCTIVA(1).xlsx
2025;6;Junio;PROCESAMIENTO DEL CACAO;materia_prima;Licor de Cacao;2.560;2.450;;;Toneladas;2025 INGRESO Y UTILIZACION DE MATERIA PRIMA SEGÚN ACTIVIDAD PRODUCTIVA(1).xlsx
2025;6;Junio;PROCESAMIENTO DEL CACAO;materia_prima;Manteca de Cacao;0.915;0.535;;;Toneladas;2025 INGRESO Y UTILIZACION DE MATERIA PRIMA SEGÚN ACTIVIDAD PRODUCTIVA(1).xlsx
2025;6;Junio;PROCESAMIENTO DEL CACAO;materia_prima;Torta de Cacao;1.135;0.925;;;Toneladas;2025 INGRESO Y UTILIZACION DE MATERIA PRIMA SEGÚN ACTIVIDAD PRODUCTIVA(1).xlsx
2025;6;Junio;PROCESAMIENTO DEL CACAO;producto;Cacao Grano;;;1,024.108;990.738;Toneladas;2025 PRODUCCIÓN Y VENTA DE LA  ACTIVIDAD PRODUCTIVA.xlsx
2025;6;Junio;PROCESAMIENTO DEL CACAO;producto;Chocolate y cobertura;;;2.740;3.790;Toneladas;2025 PRODUCCIÓN Y VENTA DE LA  ACTIVIDAD PRODUCTIVA.xlsx
2025;6;Junio;PROCESAMIENTO DEL CACAO;producto;Cocoa;;;482.000;438.000;Toneladas;2025 PRODUCCIÓN Y VENTA DE LA  ACTIVIDAD PRODUCTIVA.xlsx
2025;6;Junio;PROCESAMIENTO DEL CACAO;producto;Licor de cacao;;;1,072.665;1,538.318;Toneladas;2025 PRODUCCIÓN Y VENTA DE LA  ACTIVIDAD PRODUCTIVA.xlsx
2025;6;Junio;PROCESAMIENTO DEL CACAO;producto;Manteca de cacao;;;1,698.670;1,902.347;Toneladas;2025 PRODUCCIÓN Y VENTA DE LA  ACTIVIDAD PRODUCTIVA.xlsx
2025;6;Junio;PROCESAMIENTO DEL CACAO;producto;Polvo de Cacao;;;1,238.935;1,416.217;Toneladas;2025 PRODUCCIÓN Y VENTA DE LA  ACTIVIDAD PRODUCTIVA.xlsx
2025;6;Junio;PROCESAMIENTO DEL CACAO;producto;Torta de cacao;;;1,204.154;1,518.391;Toneladas;2025 PRODUCCIÓN Y VENTA DE LA  ACTIVIDAD PRODUCTIVA.xlsx
2025;6;Junio;PROCESAMIENTO DEL ESPARRAGO;materia_prima;Espárrago Fresco;5,648.758;5,514.440;;;Toneladas;2025 INGRESO Y UTILIZACION DE MATERIA PRIMA SEGÚN ACTIVIDAD PRODUCTIVA(1).xlsx
2025;6;Junio;PROCESAMIENTO DEL ESPARRAGO;producto;Congelado;;;340.710;285.000;Toneladas;2025 PRODUCCIÓN Y VENTA DE LA  ACTIVIDAD PRODUCTIVA.xlsx
2025;6;Junio;PROCESAMIENTO DEL ESPARRAGO;producto;Conserva;;;1,079.250;1,141.136;Toneladas;2025 PRODUCCIÓN Y VENTA DE LA  ACTIVIDAD PRODUCTIVA.xlsx
2025;6;Junio;PROCESAMIENTO DEL ESPARRAGO;producto;Fresco;;;2,899.481;2,835.498;Toneladas;2025 PRODUCCIÓN Y VENTA DE LA  ACTIVIDAD PRODUCTIVA.xlsx
2025;7;Julio;ACEITE ESENCIAL DE LIMÓN;materia_prima;Limón;2,868.000;2,868.000;;;Toneladas;2025 INGRESO Y UTILIZACION DE MATERIA PRIMA SEGÚN ACTIVIDAD PRODUCTIVA(1).xlsx
2025;7;Julio;ACEITE ESENCIAL DE LIMÓN;producto;Aceite Esencial de Limón;;;19.400;4.200;Toneladas;2025 PRODUCCIÓN Y VENTA DE LA  ACTIVIDAD PRODUCTIVA.xlsx
2025;7;Julio;ACEITE ESENCIAL DE LIMÓN;producto;Cáscara de Limón;;;205.000;205.000;Toneladas;2025 PRODUCCIÓN Y VENTA DE LA  ACTIVIDAD PRODUCTIVA.xlsx
2025;7;Julio;LECHES Y MEZCLAS LACTEAS;producto;Condensada;;;1,903.104;1,999.847;Toneladas;2025 PRODUCCIÓN Y VENTA DE LA  ACTIVIDAD PRODUCTIVA.xlsx
2025;7;Julio;LECHES Y MEZCLAS LACTEAS;producto;Evaporadas;;;32,125.637;32,415.269;Toneladas;2025 PRODUCCIÓN Y VENTA DE LA  ACTIVIDAD PRODUCTIVA.xlsx
2025;7;Julio;LECHES Y MEZCLAS LACTEAS;producto;Leche evaporada*;;;3,978.012;4,675.765;Toneladas;2025 PRODUCCIÓN Y VENTA DE LA  ACTIVIDAD PRODUCTIVA.xlsx
2025;7;Julio;LECHES Y MEZCLAS LACTEAS;producto;Mezclas lácteas*;;;28,147.625;27,739.504;Toneladas;2025 PRODUCCIÓN Y VENTA DE LA  ACTIVIDAD PRODUCTIVA.xlsx
2025;7;Julio;LECHES Y MEZCLAS LACTEAS;producto;Pasteurizada;;;16,983.135;15,130.268;Toneladas;2025 PRODUCCIÓN Y VENTA DE LA  ACTIVIDAD PRODUCTIVA.xlsx
2025;7;Julio;PROCESAMIENTO DE ACEITES Y GRASAS;materia_prima;Crudo de Girasol;1,342.000;1,342.000;;;Toneladas;2025 INGRESO Y UTILIZACION DE MATERIA PRIMA SEGÚN ACTIVIDAD PRODUCTIVA(1).xlsx
2025;7;Julio;PROCESAMIENTO DE ACEITES Y GRASAS;materia_prima;Crudo de Palma;19,833.000;19,851.000;;;Toneladas;2025 INGRESO Y UTILIZACION DE MATERIA PRIMA SEGÚN ACTIVIDAD PRODUCTIVA(1).xlsx
2025;7;Julio;PROCESAMIENTO DE ACEITES Y GRASAS;materia_prima;Crudo de Palmiste;182.000;94.000;;;Toneladas;2025 INGRESO Y UTILIZACION DE MATERIA PRIMA SEGÚN ACTIVIDAD PRODUCTIVA(1).xlsx
2025;7;Julio;PROCESAMIENTO DE ACEITES Y GRASAS;materia_prima;Crudo de Soya;5,701.000;5,063.000;;;Toneladas;2025 INGRESO Y UTILIZACION DE MATERIA PRIMA SEGÚN ACTIVIDAD PRODUCTIVA(1).xlsx
2025;7;Julio;PROCESAMIENTO DE ACEITES Y GRASAS;materia_prima;Crudo de algodón;60.000;9.000;;;Toneladas;2025 INGRESO Y UTILIZACION DE MATERIA PRIMA SEGÚN ACTIVIDAD PRODUCTIVA(1).xlsx
2025;7;Julio;PROCESAMIENTO DE ACEITES Y GRASAS;materia_prima;Fruto de palma;27,450.000;27,450.000;;;Toneladas;2025 INGRESO Y UTILIZACION DE MATERIA PRIMA SEGÚN ACTIVIDAD PRODUCTIVA(1).xlsx
2025;7;Julio;PROCESAMIENTO DE ACEITES Y GRASAS;materia_prima;Maiz Amarillo Duro;4,621.000;4,621.000;;;Toneladas;2025 INGRESO Y UTILIZACION DE MATERIA PRIMA SEGÚN ACTIVIDAD PRODUCTIVA(1).xlsx
2025;7;Julio;PROCESAMIENTO DE ACEITES Y GRASAS;materia_prima;Refinado de Soya;500.000;620.000;;;Toneladas;2025 INGRESO Y UTILIZACION DE MATERIA PRIMA SEGÚN ACTIVIDAD PRODUCTIVA(1).xlsx
2025;7;Julio;PROCESAMIENTO DE ACEITES Y GRASAS;materia_prima;refinado de Palma;0.000;0.000;;;Toneladas;2025 INGRESO Y UTILIZACION DE MATERIA PRIMA SEGÚN ACTIVIDAD PRODUCTIVA(1).xlsx
2025;7;Julio;PROCESAMIENTO DE ACEITES Y GRASAS;producto;Aceite Vegetal;;;23,155.000;22,508.000;Toneladas;2025 PRODUCCIÓN Y VENTA DE LA  ACTIVIDAD PRODUCTIVA.xlsx
2025;7;Julio;PROCESAMIENTO DE ACEITES Y GRASAS;producto;Manteca Vegetal;;;5,905.370;5,921.750;Toneladas;2025 PRODUCCIÓN Y VENTA DE LA  ACTIVIDAD PRODUCTIVA.xlsx
2025;7;Julio;PROCESAMIENTO DE ACEITES Y GRASAS;producto;Margarina;;;1,543.000;1,543.000;Toneladas;2025 PRODUCCIÓN Y VENTA DE LA  ACTIVIDAD PRODUCTIVA.xlsx
2025;7;Julio;PROCESAMIENTO DE ALIMENTOS BALANCEADOS;materia_prima;Carbonato de calcio;4,775.897;4,558.273;;;Toneladas;2025 INGRESO Y UTILIZACION DE MATERIA PRIMA SEGÚN ACTIVIDAD PRODUCTIVA(1).xlsx
2025;7;Julio;PROCESAMIENTO DE ALIMENTOS BALANCEADOS;materia_prima;Grasas de pescado;4,475.406;4,503.442;;;Toneladas;2025 INGRESO Y UTILIZACION DE MATERIA PRIMA SEGÚN ACTIVIDAD PRODUCTIVA(1).xlsx
2025;7;Julio;PROCESAMIENTO DE ALIMENTOS BALANCEADOS;materia_prima;Harina de Pescado;3,477.137;3,404.491;;;Toneladas;2025 INGRESO Y UTILIZACION DE MATERIA PRIMA SEGÚN ACTIVIDAD PRODUCTIVA(1).xlsx
2025;7;Julio;PROCESAMIENTO DE ALIMENTOS BALANCEADOS;materia_prima;Maiz amarillo Duro;211,002.718;218,751.927;;;Toneladas;2025 INGRESO Y UTILIZACION DE MATERIA PRIMA SEGÚN ACTIVIDAD PRODUCTIVA(1).xlsx
2025;7;Julio;PROCESAMIENTO DE ALIMENTOS BALANCEADOS;materia_prima;Melaza;91.400;234.196;;;Toneladas;2025 INGRESO Y UTILIZACION DE MATERIA PRIMA SEGÚN ACTIVIDAD PRODUCTIVA(1).xlsx
2025;7;Julio;PROCESAMIENTO DE ALIMENTOS BALANCEADOS;materia_prima;Otros;25,551.779;25,314.236;;;Toneladas;2025 INGRESO Y UTILIZACION DE MATERIA PRIMA SEGÚN ACTIVIDAD PRODUCTIVA(1).xlsx
2025;7;Julio;PROCESAMIENTO DE ALIMENTOS BALANCEADOS;materia_prima;Polvillo de arroz;5,480.866;6,148.413;;;Toneladas;2025 INGRESO Y UTILIZACION DE MATERIA PRIMA SEGÚN ACTIVIDAD PRODUCTIVA(1).xlsx
2025;7;Julio;PROCESAMIENTO DE ALIMENTOS BALANCEADOS;materia_prima;Soya en grano;1,570.030;2,713.963;;;Toneladas;2025 INGRESO Y UTILIZACION DE MATERIA PRIMA SEGÚN ACTIVIDAD PRODUCTIVA(1).xlsx
2025;7;Julio;PROCESAMIENTO DE ALIMENTOS BALANCEADOS;materia_prima;Sub producto de trigo;11,751.004;12,685.436;;;Toneladas;2025 INGRESO Y UTILIZACION DE MATERIA PRIMA SEGÚN ACTIVIDAD PRODUCTIVA(1).xlsx
2025;7;Julio;PROCESAMIENTO DE ALIMENTOS BALANCEADOS;materia_prima;Torta de algodón;79.000;65.200;;;Toneladas;2025 INGRESO Y UTILIZACION DE MATERIA PRIMA SEGÚN ACTIVIDAD PRODUCTIVA(1).xlsx
2025;7;Julio;PROCESAMIENTO DE ALIMENTOS BALANCEADOS;materia_prima;Torta de soya;111,176.423;102,542.386;;;Toneladas;2025 INGRESO Y UTILIZACION DE MATERIA PRIMA SEGÚN ACTIVIDAD PRODUCTIVA(1).xlsx
2025;7;Julio;PROCESAMIENTO DE ALIMENTOS BALANCEADOS;producto;Alimento balanceado para aves carne;;;217,803.196;217,833.983;Toneladas;2025 PRODUCCIÓN Y VENTA DE LA  ACTIVIDAD PRODUCTIVA.xlsx
2025;7;Julio;PROCESAMIENTO DE ALIMENTOS BALANCEADOS;producto;Alimento balanceado para aves postura/reproductora;;;76,398.977;76,198.342;Toneladas;2025 PRODUCCIÓN Y VENTA DE LA  ACTIVIDAD PRODUCTIVA.xlsx
2025;7;Julio;PROCESAMIENTO DE ALIMENTOS BALANCEADOS;producto;Alimento balanceado para pavos y patos;;;5,478.636;5,405.179;Toneladas;2025 PRODUCCIÓN Y VENTA DE LA  ACTIVIDAD PRODUCTIVA.xlsx
2025;7;Julio;PROCESAMIENTO DE ALIMENTOS BALANCEADOS;producto;Alimento balanceado para porcinos;;;25,955.906;25,966.955;Toneladas;2025 PRODUCCIÓN Y VENTA DE LA  ACTIVIDAD PRODUCTIVA.xlsx
2025;7;Julio;PROCESAMIENTO DE ALIMENTOS BALANCEADOS;producto;Alimento balanceado para vacunos;;;8,161.704;8,407.704;Toneladas;2025 PRODUCCIÓN Y VENTA DE LA  ACTIVIDAD PRODUCTIVA.xlsx
2025;7;Julio;PROCESAMIENTO DE ALIMENTOS BALANCEADOS;producto;Otros animales 1/;;;31,935.799;32,844.524;Toneladas;2025 PRODUCCIÓN Y VENTA DE LA  ACTIVIDAD PRODUCTIVA.xlsx
2025;7;Julio;PROCESAMIENTO DE AVENA;materia_prima;Avena;1,079.577;3,968.643;;;Toneladas;2025 INGRESO Y UTILIZACION DE MATERIA PRIMA SEGÚN ACTIVIDAD PRODUCTIVA(1).xlsx
2025;7;Julio;PROCESAMIENTO DE AVENA;materia_prima;Azúcar;0.872;1.516;;;Toneladas;2025 INGRESO Y UTILIZACION DE MATERIA PRIMA SEGÚN ACTIVIDAD PRODUCTIVA(1).xlsx
2025;7;Julio;PROCESAMIENTO DE AVENA;materia_prima;Cebada;0.280;0.300;;;Toneladas;2025 INGRESO Y UTILIZACION DE MATERIA PRIMA SEGÚN ACTIVIDAD PRODUCTIVA(1).xlsx
2025;7;Julio;PROCESAMIENTO DE AVENA;materia_prima;Kiwicha;13.979;13.917;;;Toneladas;2025 INGRESO Y UTILIZACION DE MATERIA PRIMA SEGÚN ACTIVIDAD PRODUCTIVA(1).xlsx
2025;7;Julio;PROCESAMIENTO DE AVENA;materia_prima;Leche en Polvo;0.915;0.870;;;Toneladas;2025 INGRESO Y UTILIZACION DE MATERIA PRIMA SEGÚN ACTIVIDAD PRODUCTIVA(1).xlsx
2025;7;Julio;PROCESAMIENTO DE AVENA;materia_prima;Maca;3.800;4.031;;;Toneladas;2025 INGRESO Y UTILIZACION DE MATERIA PRIMA SEGÚN ACTIVIDAD PRODUCTIVA(1).xlsx
2025;7;Julio;PROCESAMIENTO DE AVENA;materia_prima;Quinua;18.368;17.876;;;Toneladas;2025 INGRESO Y UTILIZACION DE MATERIA PRIMA SEGÚN ACTIVIDAD PRODUCTIVA(1).xlsx
2025;7;Julio;PROCESAMIENTO DE AVENA;materia_prima;Soya;1.107;1.801;;;Toneladas;2025 INGRESO Y UTILIZACION DE MATERIA PRIMA SEGÚN ACTIVIDAD PRODUCTIVA(1).xlsx
2025;7;Julio;PROCESAMIENTO DE AVENA;materia_prima;Trigo;0.000;0.687;;;Toneladas;2025 INGRESO Y UTILIZACION DE MATERIA PRIMA SEGÚN ACTIVIDAD PRODUCTIVA(1).xlsx
2025;7;Julio;PROCESAMIENTO DE AVENA;producto;Avena;;;3,200.350;2,726.780;Toneladas;2025 PRODUCCIÓN Y VENTA DE LA  ACTIVIDAD PRODUCTIVA.xlsx
2025;7;Julio;PROCESAMIENTO DE AVENA;producto;Enriquecido de cereales;;;680.459;544.702;Toneladas;2025 PRODUCCIÓN Y VENTA DE LA  ACTIVIDAD PRODUCTIVA.xlsx
2025;7;Julio;PROCESAMIENTO DE AZUCAR;materia_prima;Caña de Azúcar;952,751.500;952,751.500;;;Toneladas;2025 INGRESO Y UTILIZACION DE MATERIA PRIMA SEGÚN ACTIVIDAD PRODUCTIVA(1).xlsx
2025;7;Julio;PROCESAMIENTO DE AZUCAR;producto;Azúcar;;;99,904.081;99,904.081;Toneladas;2025 PRODUCCIÓN Y VENTA DE LA  ACTIVIDAD PRODUCTIVA.xlsx
2025;7;Julio;PROCESAMIENTO DE DERIVADOS LACTEOS;producto;Cremas;;;643.711;660.169;Toneladas;2025 PRODUCCIÓN Y VENTA DE LA  ACTIVIDAD PRODUCTIVA.xlsx
2025;7;Julio;PROCESAMIENTO DE DERIVADOS LACTEOS;producto;Manjar blanco;;;825.881;660.756;Toneladas;2025 PRODUCCIÓN Y VENTA DE LA  ACTIVIDAD PRODUCTIVA.xlsx
2025;7;Julio;PROCESAMIENTO DE DERIVADOS LACTEOS;producto;Mantequilla;;;512.214;542.201;Toneladas;2025 PRODUCCIÓN Y VENTA DE LA  ACTIVIDAD PRODUCTIVA.xlsx
2025;7;Julio;PROCESAMIENTO DE DERIVADOS LACTEOS;producto;Queso Mantecoso;;;9.800;18.440;Toneladas;2025 PRODUCCIÓN Y VENTA DE LA  ACTIVIDAD PRODUCTIVA.xlsx
2025;7;Julio;PROCESAMIENTO DE DERIVADOS LACTEOS;producto;Quesos Frescos;;;304.576;304.656;Toneladas;2025 PRODUCCIÓN Y VENTA DE LA  ACTIVIDAD PRODUCTIVA.xlsx
2025;7;Julio;PROCESAMIENTO DE DERIVADOS LACTEOS;producto;Quesos Madurados;;;1,137.459;932.541;Toneladas;2025 PRODUCCIÓN Y VENTA DE LA  ACTIVIDAD PRODUCTIVA.xlsx
2025;7;Julio;PROCESAMIENTO DE DERIVADOS LACTEOS;producto;Yogurt;;;11,732.139;11,714.722;Toneladas;2025 PRODUCCIÓN Y VENTA DE LA  ACTIVIDAD PRODUCTIVA.xlsx
2025;7;Julio;PROCESAMIENTO DE DERIVADOS LACTEOS, LECHES Y MEZCLAS LACTEAS;materia_prima;Grasa anhidra de leche (GAL);692.061;408.610;;;Toneladas;2025 INGRESO Y UTILIZACION DE MATERIA PRIMA SEGÚN ACTIVIDAD PRODUCTIVA(1).xlsx
2025;7;Julio;PROCESAMIENTO DE DERIVADOS LACTEOS, LECHES Y MEZCLAS LACTEAS;materia_prima;Leche en polvo descremada (LPD);1,539.158;1,803.790;;;Toneladas;2025 INGRESO Y UTILIZACION DE MATERIA PRIMA SEGÚN ACTIVIDAD PRODUCTIVA(1).xlsx
2025;7;Julio;PROCESAMIENTO DE DERIVADOS LACTEOS, LECHES Y MEZCLAS LACTEAS;materia_prima;Leche en polvo entera (LEP);3,714.950;3,077.542;;;Toneladas;2025 INGRESO Y UTILIZACION DE MATERIA PRIMA SEGÚN ACTIVIDAD PRODUCTIVA(1).xlsx
2025;7;Julio;PROCESAMIENTO DE DERIVADOS LACTEOS, LECHES Y MEZCLAS LACTEAS;materia_prima;Leche fresca;68,687.951;69,494.553;;;Toneladas;2025 INGRESO Y UTILIZACION DE MATERIA PRIMA SEGÚN ACTIVIDAD PRODUCTIVA(1).xlsx
2025;7;Julio;PROCESAMIENTO DE EMBUTIDOS Y CARNES PREPARADAS;materia_prima;Carne Industrial;922.189;999.193;;;Toneladas;2025 INGRESO Y UTILIZACION DE MATERIA PRIMA SEGÚN ACTIVIDAD PRODUCTIVA(1).xlsx
2025;7;Julio;PROCESAMIENTO DE EMBUTIDOS Y CARNES PREPARADAS;materia_prima;Carne de Cerdo;2,044.913;1,962.768;;;Toneladas;2025 INGRESO Y UTILIZACION DE MATERIA PRIMA SEGÚN ACTIVIDAD PRODUCTIVA(1).xlsx
2025;7;Julio;PROCESAMIENTO DE EMBUTIDOS Y CARNES PREPARADAS;materia_prima;Carne de ave;816.542;702.085;;;Toneladas;2025 INGRESO Y UTILIZACION DE MATERIA PRIMA SEGÚN ACTIVIDAD PRODUCTIVA(1).xlsx
2025;7;Julio;PROCESAMIENTO DE EMBUTIDOS Y CARNES PREPARADAS;materia_prima;Maizena;325.740;288.504;;;Toneladas;2025 INGRESO Y UTILIZACION DE MATERIA PRIMA SEGÚN ACTIVIDAD PRODUCTIVA(1).xlsx
2025;7;Julio;PROCESAMIENTO DE EMBUTIDOS Y CARNES PREPARADAS;materia_prima;Otros;148.160;138.900;;;Toneladas;2025 INGRESO Y UTILIZACION DE MATERIA PRIMA SEGÚN ACTIVIDAD PRODUCTIVA(1).xlsx
2025;7;Julio;PROCESAMIENTO DE EMBUTIDOS Y CARNES PREPARADAS;materia_prima;Sal;49.394;54.338;;;Toneladas;2025 INGRESO Y UTILIZACION DE MATERIA PRIMA SEGÚN ACTIVIDAD PRODUCTIVA(1).xlsx
2025;7;Julio;PROCESAMIENTO DE EMBUTIDOS Y CARNES PREPARADAS;producto;Ahumado;;;202.442;272.180;Toneladas;2025 PRODUCCIÓN Y VENTA DE LA  ACTIVIDAD PRODUCTIVA.xlsx
2025;7;Julio;PROCESAMIENTO DE EMBUTIDOS Y CARNES PREPARADAS;producto;Carne preparada-cocidos especiales;;;266.599;269.082;Toneladas;2025 PRODUCCIÓN Y VENTA DE LA  ACTIVIDAD PRODUCTIVA.xlsx
2025;7;Julio;PROCESAMIENTO DE EMBUTIDOS Y CARNES PREPARADAS;producto;Chicharrón de Prensa;;;118.399;105.376;Toneladas;2025 PRODUCCIÓN Y VENTA DE LA  ACTIVIDAD PRODUCTIVA.xlsx
2025;7;Julio;PROCESAMIENTO DE EMBUTIDOS Y CARNES PREPARADAS;producto;Chorizo;;;859.890;867.933;Toneladas;2025 PRODUCCIÓN Y VENTA DE LA  ACTIVIDAD PRODUCTIVA.xlsx
2025;7;Julio;PROCESAMIENTO DE EMBUTIDOS Y CARNES PREPARADAS;producto;Hamburguesa;;;681.086;1,110.211;Toneladas;2025 PRODUCCIÓN Y VENTA DE LA  ACTIVIDAD PRODUCTIVA.xlsx
2025;7;Julio;PROCESAMIENTO DE EMBUTIDOS Y CARNES PREPARADAS;producto;Hot Dog y/o Salchicha;;;2,771.446;2,731.478;Toneladas;2025 PRODUCCIÓN Y VENTA DE LA  ACTIVIDAD PRODUCTIVA.xlsx
2025;7;Julio;PROCESAMIENTO DE EMBUTIDOS Y CARNES PREPARADAS;producto;Jamonada;;;964.785;950.364;Toneladas;2025 PRODUCCIÓN Y VENTA DE LA  ACTIVIDAD PRODUCTIVA.xlsx
2025;7;Julio;PROCESAMIENTO DE EMBUTIDOS Y CARNES PREPARADAS;producto;Jamón;;;894.189;948.254;Toneladas;2025 PRODUCCIÓN Y VENTA DE LA  ACTIVIDAD PRODUCTIVA.xlsx
2025;7;Julio;PROCESAMIENTO DE EMBUTIDOS Y CARNES PREPARADAS;producto;Mortadela;;;92.244;122.740;Toneladas;2025 PRODUCCIÓN Y VENTA DE LA  ACTIVIDAD PRODUCTIVA.xlsx
2025;7;Julio;PROCESAMIENTO DE EMBUTIDOS Y CARNES PREPARADAS;producto;Otros;;;199.986;194.028;Toneladas;2025 PRODUCCIÓN Y VENTA DE LA  ACTIVIDAD PRODUCTIVA.xlsx
2025;7;Julio;PROCESAMIENTO DE EMBUTIDOS Y CARNES PREPARADAS;producto;Pastel;;;6.185;5.100;Toneladas;2025 PRODUCCIÓN Y VENTA DE LA  ACTIVIDAD PRODUCTIVA.xlsx
2025;7;Julio;PROCESAMIENTO DE EMBUTIDOS Y CARNES PREPARADAS;producto;Paté;;;39.564;38.910;Toneladas;2025 PRODUCCIÓN Y VENTA DE LA  ACTIVIDAD PRODUCTIVA.xlsx
2025;7;Julio;PROCESAMIENTO DE EMBUTIDOS Y CARNES PREPARADAS;producto;Queso de Chancho;;;6.200;6.700;Toneladas;2025 PRODUCCIÓN Y VENTA DE LA  ACTIVIDAD PRODUCTIVA.xlsx
2025;7;Julio;PROCESAMIENTO DE EMBUTIDOS Y CARNES PREPARADAS;producto;Salame;;;8.000;7.700;Toneladas;2025 PRODUCCIÓN Y VENTA DE LA  ACTIVIDAD PRODUCTIVA.xlsx
2025;7;Julio;PROCESAMIENTO DE FIDEO;materia_prima;Harina de Trigo;37,123.453;37,285.823;;;Toneladas;2025 INGRESO Y UTILIZACION DE MATERIA PRIMA SEGÚN ACTIVIDAD PRODUCTIVA(1).xlsx
2025;7;Julio;PROCESAMIENTO DE FIDEO;producto;Fideo corriente a granel;;;1,680.270;1,514.360;Toneladas;2025 PRODUCCIÓN Y VENTA DE LA  ACTIVIDAD PRODUCTIVA.xlsx
2025;7;Julio;PROCESAMIENTO DE FIDEO;producto;Fideo envasado;;;34,735.120;34,833.190;Toneladas;2025 PRODUCCIÓN Y VENTA DE LA  ACTIVIDAD PRODUCTIVA.xlsx
2025;7;Julio;PROCESAMIENTO DE HARINA DE TRIGO;materia_prima;Trigo entero;217,953.830;229,863.247;;;Toneladas;2025 INGRESO Y UTILIZACION DE MATERIA PRIMA SEGÚN ACTIVIDAD PRODUCTIVA(1).xlsx
2025;7;Julio;PROCESAMIENTO DE HARINA DE TRIGO;producto;Harina de Trigo;;;134,249.319;135,714.029;Toneladas;2025 PRODUCCIÓN Y VENTA DE LA  ACTIVIDAD PRODUCTIVA.xlsx
2025;7;Julio;PROCESAMIENTO DE HARINA DE TRIGO;producto;Sub producto de trigo;;;16,511.490;26,659.350;Toneladas;2025 PRODUCCIÓN Y VENTA DE LA  ACTIVIDAD PRODUCTIVA.xlsx
2025;7;Julio;PROCESAMIENTO DE HARINA DE TRIGO;producto;Sémola;;;556.020;516.610;Toneladas;2025 PRODUCCIÓN Y VENTA DE LA  ACTIVIDAD PRODUCTIVA.xlsx
2025;7;Julio;PROCESAMIENTO DE MALTA;materia_prima;Cebada;9,884.960;10,544.410;;;Toneladas;2025 INGRESO Y UTILIZACION DE MATERIA PRIMA SEGÚN ACTIVIDAD PRODUCTIVA(1).xlsx
2025;7;Julio;PROCESAMIENTO DE MALTA;producto;Malta de cebada;;;8,309.800;8,299.508;Toneladas;2025 PRODUCCIÓN Y VENTA DE LA  ACTIVIDAD PRODUCTIVA.xlsx
2025;7;Julio;PROCESAMIENTO DEL CACAO;materia_prima;Cacao Grano;14,851.114;6,546.280;;;Toneladas;2025 INGRESO Y UTILIZACION DE MATERIA PRIMA SEGÚN ACTIVIDAD PRODUCTIVA(1).xlsx
2025;7;Julio;PROCESAMIENTO DEL CACAO;materia_prima;Cocoa;0.000;0.000;;;Toneladas;2025 INGRESO Y UTILIZACION DE MATERIA PRIMA SEGÚN ACTIVIDAD PRODUCTIVA(1).xlsx
2025;7;Julio;PROCESAMIENTO DEL CACAO;materia_prima;Licor de Cacao;0.000;0.000;;;Toneladas;2025 INGRESO Y UTILIZACION DE MATERIA PRIMA SEGÚN ACTIVIDAD PRODUCTIVA(1).xlsx
2025;7;Julio;PROCESAMIENTO DEL CACAO;materia_prima;Manteca de Cacao;0.170;0.120;;;Toneladas;2025 INGRESO Y UTILIZACION DE MATERIA PRIMA SEGÚN ACTIVIDAD PRODUCTIVA(1).xlsx
2025;7;Julio;PROCESAMIENTO DEL CACAO;materia_prima;Torta de Cacao;1.080;0.840;;;Toneladas;2025 INGRESO Y UTILIZACION DE MATERIA PRIMA SEGÚN ACTIVIDAD PRODUCTIVA(1).xlsx
2025;7;Julio;PROCESAMIENTO DEL CACAO;producto;Cacao Grano;;;156.290;123.660;Toneladas;2025 PRODUCCIÓN Y VENTA DE LA  ACTIVIDAD PRODUCTIVA.xlsx
2025;7;Julio;PROCESAMIENTO DEL CACAO;producto;Chocolate y cobertura;;;1.430;1.200;Toneladas;2025 PRODUCCIÓN Y VENTA DE LA  ACTIVIDAD PRODUCTIVA.xlsx
2025;7;Julio;PROCESAMIENTO DEL CACAO;producto;Cocoa;;;504.000;552.000;Toneladas;2025 PRODUCCIÓN Y VENTA DE LA  ACTIVIDAD PRODUCTIVA.xlsx
2025;7;Julio;PROCESAMIENTO DEL CACAO;producto;Licor de cacao;;;943.735;1,132.789;Toneladas;2025 PRODUCCIÓN Y VENTA DE LA  ACTIVIDAD PRODUCTIVA.xlsx
2025;7;Julio;PROCESAMIENTO DEL CACAO;producto;Manteca de cacao;;;1,784.655;1,483.850;Toneladas;2025 PRODUCCIÓN Y VENTA DE LA  ACTIVIDAD PRODUCTIVA.xlsx
2025;7;Julio;PROCESAMIENTO DEL CACAO;producto;Polvo de Cacao;;;1,490.294;1,514.215;Toneladas;2025 PRODUCCIÓN Y VENTA DE LA  ACTIVIDAD PRODUCTIVA.xlsx
2025;7;Julio;PROCESAMIENTO DEL CACAO;producto;Torta de cacao;;;1,344.741;1,964.671;Toneladas;2025 PRODUCCIÓN Y VENTA DE LA  ACTIVIDAD PRODUCTIVA.xlsx
2025;7;Julio;PROCESAMIENTO DEL ESPARRAGO;materia_prima;Espárrago Fresco;5,313.609;5,246.733;;;Toneladas;2025 INGRESO Y UTILIZACION DE MATERIA PRIMA SEGÚN ACTIVIDAD PRODUCTIVA(1).xlsx
2025;7;Julio;PROCESAMIENTO DEL ESPARRAGO;producto;Congelado;;;120.630;65.617;Toneladas;2025 PRODUCCIÓN Y VENTA DE LA  ACTIVIDAD PRODUCTIVA.xlsx
2025;7;Julio;PROCESAMIENTO DEL ESPARRAGO;producto;Conserva;;;939.853;1,072.363;Toneladas;2025 PRODUCCIÓN Y VENTA DE LA  ACTIVIDAD PRODUCTIVA.xlsx
2025;7;Julio;PROCESAMIENTO DEL ESPARRAGO;producto;Fresco;;;2,752.785;2,719.614;Toneladas;2025 PRODUCCIÓN Y VENTA DE LA  ACTIVIDAD PRODUCTIVA.xlsx
2025;8;Agosto;ACEITE ESENCIAL DE LIMÓN;materia_prima;Limón;1,870.000;1,870.000;;;Toneladas;2025 INGRESO Y UTILIZACION DE MATERIA PRIMA SEGÚN ACTIVIDAD PRODUCTIVA(1).xlsx
2025;8;Agosto;ACEITE ESENCIAL DE LIMÓN;producto;Aceite Esencial de Limón;;;21.200;21.000;Toneladas;2025 PRODUCCIÓN Y VENTA DE LA  ACTIVIDAD PRODUCTIVA.xlsx
2025;8;Agosto;ACEITE ESENCIAL DE LIMÓN;producto;Cáscara de Limón;;;164.000;164.000;Toneladas;2025 PRODUCCIÓN Y VENTA DE LA  ACTIVIDAD PRODUCTIVA.xlsx
2025;8;Agosto;LECHES Y MEZCLAS LACTEAS;producto;Condensada;;;1,682.753;1,806.323;Toneladas;2025 PRODUCCIÓN Y VENTA DE LA  ACTIVIDAD PRODUCTIVA.xlsx
2025;8;Agosto;LECHES Y MEZCLAS LACTEAS;producto;Evaporadas;;;31,947.661;33,270.957;Toneladas;2025 PRODUCCIÓN Y VENTA DE LA  ACTIVIDAD PRODUCTIVA.xlsx
2025;8;Agosto;LECHES Y MEZCLAS LACTEAS;producto;Leche evaporada*;;;5,833.997;6,039.611;Toneladas;2025 PRODUCCIÓN Y VENTA DE LA  ACTIVIDAD PRODUCTIVA.xlsx
2025;8;Agosto;LECHES Y MEZCLAS LACTEAS;producto;Mezclas lácteas*;;;26,113.664;27,231.346;Toneladas;2025 PRODUCCIÓN Y VENTA DE LA  ACTIVIDAD PRODUCTIVA.xlsx
2025;8;Agosto;LECHES Y MEZCLAS LACTEAS;producto;Pasteurizada;;;15,685.757;15,672.306;Toneladas;2025 PRODUCCIÓN Y VENTA DE LA  ACTIVIDAD PRODUCTIVA.xlsx
2025;8;Agosto;PROCESAMIENTO DE ACEITES Y GRASAS;materia_prima;Crudo de Girasol;1,350.000;1,350.000;;;Toneladas;2025 INGRESO Y UTILIZACION DE MATERIA PRIMA SEGÚN ACTIVIDAD PRODUCTIVA(1).xlsx
2025;8;Agosto;PROCESAMIENTO DE ACEITES Y GRASAS;materia_prima;Crudo de Palma;24,172.000;23,232.000;;;Toneladas;2025 INGRESO Y UTILIZACION DE MATERIA PRIMA SEGÚN ACTIVIDAD PRODUCTIVA(1).xlsx
2025;8;Agosto;PROCESAMIENTO DE ACEITES Y GRASAS;materia_prima;Crudo de Palmiste;155.000;96.000;;;Toneladas;2025 INGRESO Y UTILIZACION DE MATERIA PRIMA SEGÚN ACTIVIDAD PRODUCTIVA(1).xlsx
2025;8;Agosto;PROCESAMIENTO DE ACEITES Y GRASAS;materia_prima;Crudo de Soya;5,395.000;5,339.000;;;Toneladas;2025 INGRESO Y UTILIZACION DE MATERIA PRIMA SEGÚN ACTIVIDAD PRODUCTIVA(1).xlsx
2025;8;Agosto;PROCESAMIENTO DE ACEITES Y GRASAS;materia_prima;Crudo de algodón;65.000;10.000;;;Toneladas;2025 INGRESO Y UTILIZACION DE MATERIA PRIMA SEGÚN ACTIVIDAD PRODUCTIVA(1).xlsx
2025;8;Agosto;PROCESAMIENTO DE ACEITES Y GRASAS;materia_prima;Fruto de palma;25,315.000;25,784.000;;;Toneladas;2025 INGRESO Y UTILIZACION DE MATERIA PRIMA SEGÚN ACTIVIDAD PRODUCTIVA(1).xlsx
2025;8;Agosto;PROCESAMIENTO DE ACEITES Y GRASAS;materia_prima;Maiz Amarillo Duro;4,625.000;4,625.000;;;Toneladas;2025 INGRESO Y UTILIZACION DE MATERIA PRIMA SEGÚN ACTIVIDAD PRODUCTIVA(1).xlsx
2025;8;Agosto;PROCESAMIENTO DE ACEITES Y GRASAS;materia_prima;Refinado de Soya;1,300.000;750.000;;;Toneladas;2025 INGRESO Y UTILIZACION DE MATERIA PRIMA SEGÚN ACTIVIDAD PRODUCTIVA(1).xlsx
2025;8;Agosto;PROCESAMIENTO DE ACEITES Y GRASAS;materia_prima;refinado de Palma;0.000;0.000;;;Toneladas;2025 INGRESO Y UTILIZACION DE MATERIA PRIMA SEGÚN ACTIVIDAD PRODUCTIVA(1).xlsx
2025;8;Agosto;PROCESAMIENTO DE ACEITES Y GRASAS;producto;Aceite Vegetal;;;21,840.509;22,903.150;Toneladas;2025 PRODUCCIÓN Y VENTA DE LA  ACTIVIDAD PRODUCTIVA.xlsx
2025;8;Agosto;PROCESAMIENTO DE ACEITES Y GRASAS;producto;Manteca Vegetal;;;6,598.862;5,888.940;Toneladas;2025 PRODUCCIÓN Y VENTA DE LA  ACTIVIDAD PRODUCTIVA.xlsx
2025;8;Agosto;PROCESAMIENTO DE ACEITES Y GRASAS;producto;Margarina;;;1,550.000;1,550.000;Toneladas;2025 PRODUCCIÓN Y VENTA DE LA  ACTIVIDAD PRODUCTIVA.xlsx
2025;8;Agosto;PROCESAMIENTO DE ALIMENTOS BALANCEADOS;materia_prima;Carbonato de calcio;5,032.530;4,964.616;;;Toneladas;2025 INGRESO Y UTILIZACION DE MATERIA PRIMA SEGÚN ACTIVIDAD PRODUCTIVA(1).xlsx
2025;8;Agosto;PROCESAMIENTO DE ALIMENTOS BALANCEADOS;materia_prima;Grasas de pescado;3,816.266;4,283.724;;;Toneladas;2025 INGRESO Y UTILIZACION DE MATERIA PRIMA SEGÚN ACTIVIDAD PRODUCTIVA(1).xlsx
2025;8;Agosto;PROCESAMIENTO DE ALIMENTOS BALANCEADOS;materia_prima;Harina de Pescado;3,418.349;3,432.959;;;Toneladas;2025 INGRESO Y UTILIZACION DE MATERIA PRIMA SEGÚN ACTIVIDAD PRODUCTIVA(1).xlsx
2025;8;Agosto;PROCESAMIENTO DE ALIMENTOS BALANCEADOS;materia_prima;Maiz amarillo Duro;193,491.914;220,139.125;;;Toneladas;2025 INGRESO Y UTILIZACION DE MATERIA PRIMA SEGÚN ACTIVIDAD PRODUCTIVA(1).xlsx
2025;8;Agosto;PROCESAMIENTO DE ALIMENTOS BALANCEADOS;materia_prima;Melaza;124.720;221.000;;;Toneladas;2025 INGRESO Y UTILIZACION DE MATERIA PRIMA SEGÚN ACTIVIDAD PRODUCTIVA(1).xlsx
2025;8;Agosto;PROCESAMIENTO DE ALIMENTOS BALANCEADOS;materia_prima;Otros;23,587.913;24,273.616;;;Toneladas;2025 INGRESO Y UTILIZACION DE MATERIA PRIMA SEGÚN ACTIVIDAD PRODUCTIVA(1).xlsx
2025;8;Agosto;PROCESAMIENTO DE ALIMENTOS BALANCEADOS;materia_prima;Polvillo de arroz;5,392.800;6,190.232;;;Toneladas;2025 INGRESO Y UTILIZACION DE MATERIA PRIMA SEGÚN ACTIVIDAD PRODUCTIVA(1).xlsx
2025;8;Agosto;PROCESAMIENTO DE ALIMENTOS BALANCEADOS;materia_prima;Soya en grano;4,806.620;798.747;;;Toneladas;2025 INGRESO Y UTILIZACION DE MATERIA PRIMA SEGÚN ACTIVIDAD PRODUCTIVA(1).xlsx
2025;8;Agosto;PROCESAMIENTO DE ALIMENTOS BALANCEADOS;materia_prima;Sub producto de trigo;10,909.890;12,010.301;;;Toneladas;2025 INGRESO Y UTILIZACION DE MATERIA PRIMA SEGÚN ACTIVIDAD PRODUCTIVA(1).xlsx
2025;8;Agosto;PROCESAMIENTO DE ALIMENTOS BALANCEADOS;materia_prima;Torta de algodón;46.100;69.100;;;Toneladas;2025 INGRESO Y UTILIZACION DE MATERIA PRIMA SEGÚN ACTIVIDAD PRODUCTIVA(1).xlsx
2025;8;Agosto;PROCESAMIENTO DE ALIMENTOS BALANCEADOS;materia_prima;Torta de soya;106,161.923;95,643.906;;;Toneladas;2025 INGRESO Y UTILIZACION DE MATERIA PRIMA SEGÚN ACTIVIDAD PRODUCTIVA(1).xlsx
2025;8;Agosto;PROCESAMIENTO DE ALIMENTOS BALANCEADOS;producto;Alimento balanceado para aves carne;;;227,224.996;236,384.681;Toneladas;2025 PRODUCCIÓN Y VENTA DE LA  ACTIVIDAD PRODUCTIVA.xlsx
2025;8;Agosto;PROCESAMIENTO DE ALIMENTOS BALANCEADOS;producto;Alimento balanceado para aves postura/reproductora;;;79,068.011;77,263.720;Toneladas;2025 PRODUCCIÓN Y VENTA DE LA  ACTIVIDAD PRODUCTIVA.xlsx
2025;8;Agosto;PROCESAMIENTO DE ALIMENTOS BALANCEADOS;producto;Alimento balanceado para pavos y patos;;;7,583.770;7,443.815;Toneladas;2025 PRODUCCIÓN Y VENTA DE LA  ACTIVIDAD PRODUCTIVA.xlsx
2025;8;Agosto;PROCESAMIENTO DE ALIMENTOS BALANCEADOS;producto;Alimento balanceado para porcinos;;;28,766.245;27,527.055;Toneladas;2025 PRODUCCIÓN Y VENTA DE LA  ACTIVIDAD PRODUCTIVA.xlsx
2025;8;Agosto;PROCESAMIENTO DE ALIMENTOS BALANCEADOS;producto;Alimento balanceado para vacunos;;;7,556.035;8,000.128;Toneladas;2025 PRODUCCIÓN Y VENTA DE LA  ACTIVIDAD PRODUCTIVA.xlsx
2025;8;Agosto;PROCESAMIENTO DE ALIMENTOS BALANCEADOS;producto;Otros animales 1/;;;31,786.498;32,750.903;Toneladas;2025 PRODUCCIÓN Y VENTA DE LA  ACTIVIDAD PRODUCTIVA.xlsx
2025;8;Agosto;PROCESAMIENTO DE AVENA;materia_prima;Avena;1,277.771;4,250.502;;;Toneladas;2025 INGRESO Y UTILIZACION DE MATERIA PRIMA SEGÚN ACTIVIDAD PRODUCTIVA(1).xlsx
2025;8;Agosto;PROCESAMIENTO DE AVENA;materia_prima;Azúcar;2.827;3.232;;;Toneladas;2025 INGRESO Y UTILIZACION DE MATERIA PRIMA SEGÚN ACTIVIDAD PRODUCTIVA(1).xlsx
2025;8;Agosto;PROCESAMIENTO DE AVENA;materia_prima;Cebada;0.390;0.340;;;Toneladas;2025 INGRESO Y UTILIZACION DE MATERIA PRIMA SEGÚN ACTIVIDAD PRODUCTIVA(1).xlsx
2025;8;Agosto;PROCESAMIENTO DE AVENA;materia_prima;Kiwicha;38.621;27.279;;;Toneladas;2025 INGRESO Y UTILIZACION DE MATERIA PRIMA SEGÚN ACTIVIDAD PRODUCTIVA(1).xlsx
2025;8;Agosto;PROCESAMIENTO DE AVENA;materia_prima;Leche en Polvo;1.461;0.665;;;Toneladas;2025 INGRESO Y UTILIZACION DE MATERIA PRIMA SEGÚN ACTIVIDAD PRODUCTIVA(1).xlsx
2025;8;Agosto;PROCESAMIENTO DE AVENA;materia_prima;Maca;5.401;4.907;;;Toneladas;2025 INGRESO Y UTILIZACION DE MATERIA PRIMA SEGÚN ACTIVIDAD PRODUCTIVA(1).xlsx
2025;8;Agosto;PROCESAMIENTO DE AVENA;materia_prima;Quinua;46.292;30.993;;;Toneladas;2025 INGRESO Y UTILIZACION DE MATERIA PRIMA SEGÚN ACTIVIDAD PRODUCTIVA(1).xlsx
2025;8;Agosto;PROCESAMIENTO DE AVENA;materia_prima;Soya;1.995;1.427;;;Toneladas;2025 INGRESO Y UTILIZACION DE MATERIA PRIMA SEGÚN ACTIVIDAD PRODUCTIVA(1).xlsx
2025;8;Agosto;PROCESAMIENTO DE AVENA;materia_prima;Trigo;0.423;0.391;;;Toneladas;2025 INGRESO Y UTILIZACION DE MATERIA PRIMA SEGÚN ACTIVIDAD PRODUCTIVA(1).xlsx
2025;8;Agosto;PROCESAMIENTO DE AVENA;producto;Avena;;;3,250.290;2,904.330;Toneladas;2025 PRODUCCIÓN Y VENTA DE LA  ACTIVIDAD PRODUCTIVA.xlsx
2025;8;Agosto;PROCESAMIENTO DE AVENA;producto;Enriquecido de cereales;;;641.328;581.932;Toneladas;2025 PRODUCCIÓN Y VENTA DE LA  ACTIVIDAD PRODUCTIVA.xlsx
2025;8;Agosto;PROCESAMIENTO DE AZUCAR;materia_prima;Caña de Azúcar;1,052,830.818;1,052,830.818;;;Toneladas;2025 INGRESO Y UTILIZACION DE MATERIA PRIMA SEGÚN ACTIVIDAD PRODUCTIVA(1).xlsx
2025;8;Agosto;PROCESAMIENTO DE AZUCAR;producto;Azúcar;;;99,957.000;99,957.000;Toneladas;2025 PRODUCCIÓN Y VENTA DE LA  ACTIVIDAD PRODUCTIVA.xlsx
2025;8;Agosto;PROCESAMIENTO DE DERIVADOS LACTEOS;producto;Cremas;;;706.596;704.097;Toneladas;2025 PRODUCCIÓN Y VENTA DE LA  ACTIVIDAD PRODUCTIVA.xlsx
2025;8;Agosto;PROCESAMIENTO DE DERIVADOS LACTEOS;producto;Manjar blanco;;;716.084;680.865;Toneladas;2025 PRODUCCIÓN Y VENTA DE LA  ACTIVIDAD PRODUCTIVA.xlsx
2025;8;Agosto;PROCESAMIENTO DE DERIVADOS LACTEOS;producto;Mantequilla;;;520.608;552.135;Toneladas;2025 PRODUCCIÓN Y VENTA DE LA  ACTIVIDAD PRODUCTIVA.xlsx
2025;8;Agosto;PROCESAMIENTO DE DERIVADOS LACTEOS;producto;Queso Mantecoso;;;9.265;9.265;Toneladas;2025 PRODUCCIÓN Y VENTA DE LA  ACTIVIDAD PRODUCTIVA.xlsx
2025;8;Agosto;PROCESAMIENTO DE DERIVADOS LACTEOS;producto;Quesos Frescos;;;301.269;295.958;Toneladas;2025 PRODUCCIÓN Y VENTA DE LA  ACTIVIDAD PRODUCTIVA.xlsx
2025;8;Agosto;PROCESAMIENTO DE DERIVADOS LACTEOS;producto;Quesos Madurados;;;1,137.459;1,047.577;Toneladas;2025 PRODUCCIÓN Y VENTA DE LA  ACTIVIDAD PRODUCTIVA.xlsx
2025;8;Agosto;PROCESAMIENTO DE DERIVADOS LACTEOS;producto;Yogurt;;;12,991.335;12,853.583;Toneladas;2025 PRODUCCIÓN Y VENTA DE LA  ACTIVIDAD PRODUCTIVA.xlsx
2025;8;Agosto;PROCESAMIENTO DE DERIVADOS LACTEOS, LECHES Y MEZCLAS LACTEAS;materia_prima;Grasa anhidra de leche (GAL);487.200;283.206;;;Toneladas;2025 INGRESO Y UTILIZACION DE MATERIA PRIMA SEGÚN ACTIVIDAD PRODUCTIVA(1).xlsx
2025;8;Agosto;PROCESAMIENTO DE DERIVADOS LACTEOS, LECHES Y MEZCLAS LACTEAS;materia_prima;Leche en polvo descremada (LPD);1,708.505;1,635.145;;;Toneladas;2025 INGRESO Y UTILIZACION DE MATERIA PRIMA SEGÚN ACTIVIDAD PRODUCTIVA(1).xlsx
2025;8;Agosto;PROCESAMIENTO DE DERIVADOS LACTEOS, LECHES Y MEZCLAS LACTEAS;materia_prima;Leche en polvo entera (LEP);3,206.391;2,344.023;;;Toneladas;2025 INGRESO Y UTILIZACION DE MATERIA PRIMA SEGÚN ACTIVIDAD PRODUCTIVA(1).xlsx
2025;8;Agosto;PROCESAMIENTO DE DERIVADOS LACTEOS, LECHES Y MEZCLAS LACTEAS;materia_prima;Leche fresca;71,143.313;70,429.656;;;Toneladas;2025 INGRESO Y UTILIZACION DE MATERIA PRIMA SEGÚN ACTIVIDAD PRODUCTIVA(1).xlsx
2025;8;Agosto;PROCESAMIENTO DE EMBUTIDOS Y CARNES PREPARADAS;materia_prima;Carne Industrial;1,020.814;1,092.273;;;Toneladas;2025 INGRESO Y UTILIZACION DE MATERIA PRIMA SEGÚN ACTIVIDAD PRODUCTIVA(1).xlsx
2025;8;Agosto;PROCESAMIENTO DE EMBUTIDOS Y CARNES PREPARADAS;materia_prima;Carne de Cerdo;1,844.267;1,805.585;;;Toneladas;2025 INGRESO Y UTILIZACION DE MATERIA PRIMA SEGÚN ACTIVIDAD PRODUCTIVA(1).xlsx
2025;8;Agosto;PROCESAMIENTO DE EMBUTIDOS Y CARNES PREPARADAS;materia_prima;Carne de ave;834.260;747.268;;;Toneladas;2025 INGRESO Y UTILIZACION DE MATERIA PRIMA SEGÚN ACTIVIDAD PRODUCTIVA(1).xlsx
2025;8;Agosto;PROCESAMIENTO DE EMBUTIDOS Y CARNES PREPARADAS;materia_prima;Maizena;237.025;278.172;;;Toneladas;2025 INGRESO Y UTILIZACION DE MATERIA PRIMA SEGÚN ACTIVIDAD PRODUCTIVA(1).xlsx
2025;8;Agosto;PROCESAMIENTO DE EMBUTIDOS Y CARNES PREPARADAS;materia_prima;Otros;129.497;126.669;;;Toneladas;2025 INGRESO Y UTILIZACION DE MATERIA PRIMA SEGÚN ACTIVIDAD PRODUCTIVA(1).xlsx
2025;8;Agosto;PROCESAMIENTO DE EMBUTIDOS Y CARNES PREPARADAS;materia_prima;Sal;48.100;60.115;;;Toneladas;2025 INGRESO Y UTILIZACION DE MATERIA PRIMA SEGÚN ACTIVIDAD PRODUCTIVA(1).xlsx
2025;8;Agosto;PROCESAMIENTO DE EMBUTIDOS Y CARNES PREPARADAS;producto;Ahumado;;;263.123;258.815;Toneladas;2025 PRODUCCIÓN Y VENTA DE LA  ACTIVIDAD PRODUCTIVA.xlsx
2025;8;Agosto;PROCESAMIENTO DE EMBUTIDOS Y CARNES PREPARADAS;producto;Carne preparada-cocidos especiales;;;323.470;324.387;Toneladas;2025 PRODUCCIÓN Y VENTA DE LA  ACTIVIDAD PRODUCTIVA.xlsx
2025;8;Agosto;PROCESAMIENTO DE EMBUTIDOS Y CARNES PREPARADAS;producto;Chicharrón de Prensa;;;95.634;116.373;Toneladas;2025 PRODUCCIÓN Y VENTA DE LA  ACTIVIDAD PRODUCTIVA.xlsx
2025;8;Agosto;PROCESAMIENTO DE EMBUTIDOS Y CARNES PREPARADAS;producto;Chorizo;;;1,147.908;1,162.316;Toneladas;2025 PRODUCCIÓN Y VENTA DE LA  ACTIVIDAD PRODUCTIVA.xlsx
2025;8;Agosto;PROCESAMIENTO DE EMBUTIDOS Y CARNES PREPARADAS;producto;Hamburguesa;;;808.618;831.801;Toneladas;2025 PRODUCCIÓN Y VENTA DE LA  ACTIVIDAD PRODUCTIVA.xlsx
2025;8;Agosto;PROCESAMIENTO DE EMBUTIDOS Y CARNES PREPARADAS;producto;Hot Dog y/o Salchicha;;;3,012.932;3,126.490;Toneladas;2025 PRODUCCIÓN Y VENTA DE LA  ACTIVIDAD PRODUCTIVA.xlsx
2025;8;Agosto;PROCESAMIENTO DE EMBUTIDOS Y CARNES PREPARADAS;producto;Jamonada;;;975.832;1,029.776;Toneladas;2025 PRODUCCIÓN Y VENTA DE LA  ACTIVIDAD PRODUCTIVA.xlsx
2025;8;Agosto;PROCESAMIENTO DE EMBUTIDOS Y CARNES PREPARADAS;producto;Jamón;;;1,056.609;1,029.022;Toneladas;2025 PRODUCCIÓN Y VENTA DE LA  ACTIVIDAD PRODUCTIVA.xlsx
2025;8;Agosto;PROCESAMIENTO DE EMBUTIDOS Y CARNES PREPARADAS;producto;Mortadela;;;177.865;178.268;Toneladas;2025 PRODUCCIÓN Y VENTA DE LA  ACTIVIDAD PRODUCTIVA.xlsx
2025;8;Agosto;PROCESAMIENTO DE EMBUTIDOS Y CARNES PREPARADAS;producto;Otros;;;195.217;181.134;Toneladas;2025 PRODUCCIÓN Y VENTA DE LA  ACTIVIDAD PRODUCTIVA.xlsx
2025;8;Agosto;PROCESAMIENTO DE EMBUTIDOS Y CARNES PREPARADAS;producto;Pastel;;;5.180;5.214;Toneladas;2025 PRODUCCIÓN Y VENTA DE LA  ACTIVIDAD PRODUCTIVA.xlsx
2025;8;Agosto;PROCESAMIENTO DE EMBUTIDOS Y CARNES PREPARADAS;producto;Paté;;;63.550;51.645;Toneladas;2025 PRODUCCIÓN Y VENTA DE LA  ACTIVIDAD PRODUCTIVA.xlsx
2025;8;Agosto;PROCESAMIENTO DE EMBUTIDOS Y CARNES PREPARADAS;producto;Queso de Chancho;;;12.216;11.665;Toneladas;2025 PRODUCCIÓN Y VENTA DE LA  ACTIVIDAD PRODUCTIVA.xlsx
2025;8;Agosto;PROCESAMIENTO DE EMBUTIDOS Y CARNES PREPARADAS;producto;Salame;;;17.500;17.500;Toneladas;2025 PRODUCCIÓN Y VENTA DE LA  ACTIVIDAD PRODUCTIVA.xlsx
2025;8;Agosto;PROCESAMIENTO DE FIDEO;materia_prima;Harina de Trigo;37,560.611;37,620.611;;;Toneladas;2025 INGRESO Y UTILIZACION DE MATERIA PRIMA SEGÚN ACTIVIDAD PRODUCTIVA(1).xlsx
2025;8;Agosto;PROCESAMIENTO DE FIDEO;producto;Fideo corriente a granel;;;1,586.230;1,496.020;Toneladas;2025 PRODUCCIÓN Y VENTA DE LA  ACTIVIDAD PRODUCTIVA.xlsx
2025;8;Agosto;PROCESAMIENTO DE FIDEO;producto;Fideo envasado;;;34,862.587;35,429.857;Toneladas;2025 PRODUCCIÓN Y VENTA DE LA  ACTIVIDAD PRODUCTIVA.xlsx
2025;8;Agosto;PROCESAMIENTO DE HARINA DE TRIGO;materia_prima;Trigo entero;243,913.736;146,207.292;;;Toneladas;2025 INGRESO Y UTILIZACION DE MATERIA PRIMA SEGÚN ACTIVIDAD PRODUCTIVA(1).xlsx
2025;8;Agosto;PROCESAMIENTO DE HARINA DE TRIGO;producto;Harina de Trigo;;;138,431.163;137,077.888;Toneladas;2025 PRODUCCIÓN Y VENTA DE LA  ACTIVIDAD PRODUCTIVA.xlsx
2025;8;Agosto;PROCESAMIENTO DE HARINA DE TRIGO;producto;Sub producto de trigo;;;16,476.470;26,584.320;Toneladas;2025 PRODUCCIÓN Y VENTA DE LA  ACTIVIDAD PRODUCTIVA.xlsx
2025;8;Agosto;PROCESAMIENTO DE HARINA DE TRIGO;producto;Sémola;;;534.000;463.000;Toneladas;2025 PRODUCCIÓN Y VENTA DE LA  ACTIVIDAD PRODUCTIVA.xlsx
2025;8;Agosto;PROCESAMIENTO DE MALTA;materia_prima;Cebada;9,742.000;9,784.000;;;Toneladas;2025 INGRESO Y UTILIZACION DE MATERIA PRIMA SEGÚN ACTIVIDAD PRODUCTIVA(1).xlsx
2025;8;Agosto;PROCESAMIENTO DE MALTA;producto;Malta de cebada;;;8,495.000;8,264.000;Toneladas;2025 PRODUCCIÓN Y VENTA DE LA  ACTIVIDAD PRODUCTIVA.xlsx
2025;8;Agosto;PROCESAMIENTO DEL CACAO;materia_prima;Cacao Grano;8,371.882;7,016.980;;;Toneladas;2025 INGRESO Y UTILIZACION DE MATERIA PRIMA SEGÚN ACTIVIDAD PRODUCTIVA(1).xlsx
2025;8;Agosto;PROCESAMIENTO DEL CACAO;materia_prima;Cocoa;0.000;0.000;;;Toneladas;2025 INGRESO Y UTILIZACION DE MATERIA PRIMA SEGÚN ACTIVIDAD PRODUCTIVA(1).xlsx
2025;8;Agosto;PROCESAMIENTO DEL CACAO;materia_prima;Licor de Cacao;0.000;0.000;;;Toneladas;2025 INGRESO Y UTILIZACION DE MATERIA PRIMA SEGÚN ACTIVIDAD PRODUCTIVA(1).xlsx
2025;8;Agosto;PROCESAMIENTO DEL CACAO;materia_prima;Manteca de Cacao;0.185;0.478;;;Toneladas;2025 INGRESO Y UTILIZACION DE MATERIA PRIMA SEGÚN ACTIVIDAD PRODUCTIVA(1).xlsx
2025;8;Agosto;PROCESAMIENTO DEL CACAO;materia_prima;Torta de Cacao;1.165;0.285;;;Toneladas;2025 INGRESO Y UTILIZACION DE MATERIA PRIMA SEGÚN ACTIVIDAD PRODUCTIVA(1).xlsx
2025;8;Agosto;PROCESAMIENTO DEL CACAO;producto;Cacao Grano;;;1,119.178;1,145.618;Toneladas;2025 PRODUCCIÓN Y VENTA DE LA  ACTIVIDAD PRODUCTIVA.xlsx
2025;8;Agosto;PROCESAMIENTO DEL CACAO;producto;Chocolate y cobertura;;;1.640;1.620;Toneladas;2025 PRODUCCIÓN Y VENTA DE LA  ACTIVIDAD PRODUCTIVA.xlsx
2025;8;Agosto;PROCESAMIENTO DEL CACAO;producto;Cocoa;;;503.000;423.000;Toneladas;2025 PRODUCCIÓN Y VENTA DE LA  ACTIVIDAD PRODUCTIVA.xlsx
2025;8;Agosto;PROCESAMIENTO DEL CACAO;producto;Licor de cacao;;;1,208.160;1,224.579;Toneladas;2025 PRODUCCIÓN Y VENTA DE LA  ACTIVIDAD PRODUCTIVA.xlsx
2025;8;Agosto;PROCESAMIENTO DEL CACAO;producto;Manteca de cacao;;;1,827.577;2,559.542;Toneladas;2025 PRODUCCIÓN Y VENTA DE LA  ACTIVIDAD PRODUCTIVA.xlsx
2025;8;Agosto;PROCESAMIENTO DEL CACAO;producto;Polvo de Cacao;;;1,343.922;1,136.833;Toneladas;2025 PRODUCCIÓN Y VENTA DE LA  ACTIVIDAD PRODUCTIVA.xlsx
2025;8;Agosto;PROCESAMIENTO DEL CACAO;producto;Torta de cacao;;;1,197.956;1,373.972;Toneladas;2025 PRODUCCIÓN Y VENTA DE LA  ACTIVIDAD PRODUCTIVA.xlsx
2025;8;Agosto;PROCESAMIENTO DEL ESPARRAGO;materia_prima;Espárrago Fresco;4,979.402;4,865.296;;;Toneladas;2025 INGRESO Y UTILIZACION DE MATERIA PRIMA SEGÚN ACTIVIDAD PRODUCTIVA(1).xlsx
2025;8;Agosto;PROCESAMIENTO DEL ESPARRAGO;producto;Congelado;;;108.886;42.704;Toneladas;2025 PRODUCCIÓN Y VENTA DE LA  ACTIVIDAD PRODUCTIVA.xlsx
2025;8;Agosto;PROCESAMIENTO DEL ESPARRAGO;producto;Conserva;;;780.825;902.330;Toneladas;2025 PRODUCCIÓN Y VENTA DE LA  ACTIVIDAD PRODUCTIVA.xlsx
2025;8;Agosto;PROCESAMIENTO DEL ESPARRAGO;producto;Fresco;;;2,911.430;2,640.339;Toneladas;2025 PRODUCCIÓN Y VENTA DE LA  ACTIVIDAD PRODUCTIVA.xlsx
2025;9;Septiembre;ACEITE ESENCIAL DE LIMÓN;materia_prima;Limón;1,753.000;1,753.000;;;Toneladas;2025 INGRESO Y UTILIZACION DE MATERIA PRIMA SEGÚN ACTIVIDAD PRODUCTIVA(1).xlsx
2025;9;Septiembre;ACEITE ESENCIAL DE LIMÓN;producto;Aceite Esencial de Limón;;;17.000;17.000;Toneladas;2025 PRODUCCIÓN Y VENTA DE LA  ACTIVIDAD PRODUCTIVA.xlsx
2025;9;Septiembre;ACEITE ESENCIAL DE LIMÓN;producto;Cáscara de Limón;;;159.000;159.000;Toneladas;2025 PRODUCCIÓN Y VENTA DE LA  ACTIVIDAD PRODUCTIVA.xlsx
2025;9;Septiembre;LECHES Y MEZCLAS LACTEAS;producto;Condensada;;;1,618.633;1,809.630;Toneladas;2025 PRODUCCIÓN Y VENTA DE LA  ACTIVIDAD PRODUCTIVA.xlsx
2025;9;Septiembre;LECHES Y MEZCLAS LACTEAS;producto;Evaporadas;;;33,136.992;30,287.047;Toneladas;2025 PRODUCCIÓN Y VENTA DE LA  ACTIVIDAD PRODUCTIVA.xlsx
2025;9;Septiembre;LECHES Y MEZCLAS LACTEAS;producto;Leche evaporada*;;;6,408.185;5,304.761;Toneladas;2025 PRODUCCIÓN Y VENTA DE LA  ACTIVIDAD PRODUCTIVA.xlsx
2025;9;Septiembre;LECHES Y MEZCLAS LACTEAS;producto;Mezclas lácteas*;;;26,728.807;24,982.286;Toneladas;2025 PRODUCCIÓN Y VENTA DE LA  ACTIVIDAD PRODUCTIVA.xlsx
2025;9;Septiembre;LECHES Y MEZCLAS LACTEAS;producto;Pasteurizada;;;15,741.392;16,233.218;Toneladas;2025 PRODUCCIÓN Y VENTA DE LA  ACTIVIDAD PRODUCTIVA.xlsx
2025;9;Septiembre;PROCESAMIENTO DE ACEITES Y GRASAS;materia_prima;Crudo de Girasol;1,460.000;1,460.000;;;Toneladas;2025 INGRESO Y UTILIZACION DE MATERIA PRIMA SEGÚN ACTIVIDAD PRODUCTIVA(1).xlsx
2025;9;Septiembre;PROCESAMIENTO DE ACEITES Y GRASAS;materia_prima;Crudo de Palma;21,512.000;22,458.000;;;Toneladas;2025 INGRESO Y UTILIZACION DE MATERIA PRIMA SEGÚN ACTIVIDAD PRODUCTIVA(1).xlsx
2025;9;Septiembre;PROCESAMIENTO DE ACEITES Y GRASAS;materia_prima;Crudo de Palmiste;174.000;143.000;;;Toneladas;2025 INGRESO Y UTILIZACION DE MATERIA PRIMA SEGÚN ACTIVIDAD PRODUCTIVA(1).xlsx
2025;9;Septiembre;PROCESAMIENTO DE ACEITES Y GRASAS;materia_prima;Crudo de Soya;16,075.000;16,028.000;;;Toneladas;2025 INGRESO Y UTILIZACION DE MATERIA PRIMA SEGÚN ACTIVIDAD PRODUCTIVA(1).xlsx
2025;9;Septiembre;PROCESAMIENTO DE ACEITES Y GRASAS;materia_prima;Crudo de algodón;58.000;8.000;;;Toneladas;2025 INGRESO Y UTILIZACION DE MATERIA PRIMA SEGÚN ACTIVIDAD PRODUCTIVA(1).xlsx
2025;9;Septiembre;PROCESAMIENTO DE ACEITES Y GRASAS;materia_prima;Fruto de palma;24,693.000;24,382.000;;;Toneladas;2025 INGRESO Y UTILIZACION DE MATERIA PRIMA SEGÚN ACTIVIDAD PRODUCTIVA(1).xlsx
2025;9;Septiembre;PROCESAMIENTO DE ACEITES Y GRASAS;materia_prima;Maiz Amarillo Duro;4,571.000;4,571.000;;;Toneladas;2025 INGRESO Y UTILIZACION DE MATERIA PRIMA SEGÚN ACTIVIDAD PRODUCTIVA(1).xlsx
2025;9;Septiembre;PROCESAMIENTO DE ACEITES Y GRASAS;materia_prima;Refinado de Soya;645.000;820.000;;;Toneladas;2025 INGRESO Y UTILIZACION DE MATERIA PRIMA SEGÚN ACTIVIDAD PRODUCTIVA(1).xlsx
2025;9;Septiembre;PROCESAMIENTO DE ACEITES Y GRASAS;materia_prima;refinado de Palma;0.000;0.000;;;Toneladas;2025 INGRESO Y UTILIZACION DE MATERIA PRIMA SEGÚN ACTIVIDAD PRODUCTIVA(1).xlsx
2025;9;Septiembre;PROCESAMIENTO DE ACEITES Y GRASAS;producto;Aceite Vegetal;;;23,258.543;23,112.848;Toneladas;2025 PRODUCCIÓN Y VENTA DE LA  ACTIVIDAD PRODUCTIVA.xlsx
2025;9;Septiembre;PROCESAMIENTO DE ACEITES Y GRASAS;producto;Manteca Vegetal;;;6,293.257;5,432.593;Toneladas;2025 PRODUCCIÓN Y VENTA DE LA  ACTIVIDAD PRODUCTIVA.xlsx
2025;9;Septiembre;PROCESAMIENTO DE ACEITES Y GRASAS;producto;Margarina;;;1,442.000;1,442.000;Toneladas;2025 PRODUCCIÓN Y VENTA DE LA  ACTIVIDAD PRODUCTIVA.xlsx
2025;9;Septiembre;PROCESAMIENTO DE ALIMENTOS BALANCEADOS;materia_prima;Carbonato de calcio;5,629.475;4,940.501;;;Toneladas;2025 INGRESO Y UTILIZACION DE MATERIA PRIMA SEGÚN ACTIVIDAD PRODUCTIVA(1).xlsx
2025;9;Septiembre;PROCESAMIENTO DE ALIMENTOS BALANCEADOS;materia_prima;Grasas de pescado;4,361.901;4,552.445;;;Toneladas;2025 INGRESO Y UTILIZACION DE MATERIA PRIMA SEGÚN ACTIVIDAD PRODUCTIVA(1).xlsx
2025;9;Septiembre;PROCESAMIENTO DE ALIMENTOS BALANCEADOS;materia_prima;Harina de Pescado;3,780.878;2,846.860;;;Toneladas;2025 INGRESO Y UTILIZACION DE MATERIA PRIMA SEGÚN ACTIVIDAD PRODUCTIVA(1).xlsx
2025;9;Septiembre;PROCESAMIENTO DE ALIMENTOS BALANCEADOS;materia_prima;Maiz amarillo Duro;230,858.426;221,090.717;;;Toneladas;2025 INGRESO Y UTILIZACION DE MATERIA PRIMA SEGÚN ACTIVIDAD PRODUCTIVA(1).xlsx
2025;9;Septiembre;PROCESAMIENTO DE ALIMENTOS BALANCEADOS;materia_prima;Melaza;129.400;254.521;;;Toneladas;2025 INGRESO Y UTILIZACION DE MATERIA PRIMA SEGÚN ACTIVIDAD PRODUCTIVA(1).xlsx
2025;9;Septiembre;PROCESAMIENTO DE ALIMENTOS BALANCEADOS;materia_prima;Otros;24,198.080;25,340.064;;;Toneladas;2025 INGRESO Y UTILIZACION DE MATERIA PRIMA SEGÚN ACTIVIDAD PRODUCTIVA(1).xlsx
2025;9;Septiembre;PROCESAMIENTO DE ALIMENTOS BALANCEADOS;materia_prima;Polvillo de arroz;5,845.849;4,180.062;;;Toneladas;2025 INGRESO Y UTILIZACION DE MATERIA PRIMA SEGÚN ACTIVIDAD PRODUCTIVA(1).xlsx
2025;9;Septiembre;PROCESAMIENTO DE ALIMENTOS BALANCEADOS;materia_prima;Soya en grano;3,909.551;3,433.379;;;Toneladas;2025 INGRESO Y UTILIZACION DE MATERIA PRIMA SEGÚN ACTIVIDAD PRODUCTIVA(1).xlsx
2025;9;Septiembre;PROCESAMIENTO DE ALIMENTOS BALANCEADOS;materia_prima;Sub producto de trigo;9,790.386;12,923.178;;;Toneladas;2025 INGRESO Y UTILIZACION DE MATERIA PRIMA SEGÚN ACTIVIDAD PRODUCTIVA(1).xlsx
2025;9;Septiembre;PROCESAMIENTO DE ALIMENTOS BALANCEADOS;materia_prima;Torta de algodón;62.300;74.300;;;Toneladas;2025 INGRESO Y UTILIZACION DE MATERIA PRIMA SEGÚN ACTIVIDAD PRODUCTIVA(1).xlsx
2025;9;Septiembre;PROCESAMIENTO DE ALIMENTOS BALANCEADOS;materia_prima;Torta de soya;93,389.016;99,374.834;;;Toneladas;2025 INGRESO Y UTILIZACION DE MATERIA PRIMA SEGÚN ACTIVIDAD PRODUCTIVA(1).xlsx
2025;9;Septiembre;PROCESAMIENTO DE ALIMENTOS BALANCEADOS;producto;Alimento balanceado para aves carne;;;228,404.523;227,789.330;Toneladas;2025 PRODUCCIÓN Y VENTA DE LA  ACTIVIDAD PRODUCTIVA.xlsx
2025;9;Septiembre;PROCESAMIENTO DE ALIMENTOS BALANCEADOS;producto;Alimento balanceado para aves postura/reproductora;;;78,173.028;78,297.881;Toneladas;2025 PRODUCCIÓN Y VENTA DE LA  ACTIVIDAD PRODUCTIVA.xlsx
2025;9;Septiembre;PROCESAMIENTO DE ALIMENTOS BALANCEADOS;producto;Alimento balanceado para pavos y patos;;;6,417.486;6,604.488;Toneladas;2025 PRODUCCIÓN Y VENTA DE LA  ACTIVIDAD PRODUCTIVA.xlsx
2025;9;Septiembre;PROCESAMIENTO DE ALIMENTOS BALANCEADOS;producto;Alimento balanceado para porcinos;;;29,396.828;29,532.235;Toneladas;2025 PRODUCCIÓN Y VENTA DE LA  ACTIVIDAD PRODUCTIVA.xlsx
2025;9;Septiembre;PROCESAMIENTO DE ALIMENTOS BALANCEADOS;producto;Alimento balanceado para vacunos;;;8,123.486;8,088.322;Toneladas;2025 PRODUCCIÓN Y VENTA DE LA  ACTIVIDAD PRODUCTIVA.xlsx
2025;9;Septiembre;PROCESAMIENTO DE ALIMENTOS BALANCEADOS;producto;Otros animales 1/;;;31,389.560;29,071.943;Toneladas;2025 PRODUCCIÓN Y VENTA DE LA  ACTIVIDAD PRODUCTIVA.xlsx
2025;9;Septiembre;PROCESAMIENTO DE AVENA;materia_prima;Avena;1,678.062;5,463.901;;;Toneladas;2025 INGRESO Y UTILIZACION DE MATERIA PRIMA SEGÚN ACTIVIDAD PRODUCTIVA(1).xlsx
2025;9;Septiembre;PROCESAMIENTO DE AVENA;materia_prima;Azúcar;1.614;2.388;;;Toneladas;2025 INGRESO Y UTILIZACION DE MATERIA PRIMA SEGÚN ACTIVIDAD PRODUCTIVA(1).xlsx
2025;9;Septiembre;PROCESAMIENTO DE AVENA;materia_prima;Cebada;0.350;0.360;;;Toneladas;2025 INGRESO Y UTILIZACION DE MATERIA PRIMA SEGÚN ACTIVIDAD PRODUCTIVA(1).xlsx
2025;9;Septiembre;PROCESAMIENTO DE AVENA;materia_prima;Kiwicha;39.994;26.721;;;Toneladas;2025 INGRESO Y UTILIZACION DE MATERIA PRIMA SEGÚN ACTIVIDAD PRODUCTIVA(1).xlsx
2025;9;Septiembre;PROCESAMIENTO DE AVENA;materia_prima;Leche en Polvo;1.086;1.041;;;Toneladas;2025 INGRESO Y UTILIZACION DE MATERIA PRIMA SEGÚN ACTIVIDAD PRODUCTIVA(1).xlsx
2025;9;Septiembre;PROCESAMIENTO DE AVENA;materia_prima;Maca;4.855;5.032;;;Toneladas;2025 INGRESO Y UTILIZACION DE MATERIA PRIMA SEGÚN ACTIVIDAD PRODUCTIVA(1).xlsx
2025;9;Septiembre;PROCESAMIENTO DE AVENA;materia_prima;Quinua;46.101;29.748;;;Toneladas;2025 INGRESO Y UTILIZACION DE MATERIA PRIMA SEGÚN ACTIVIDAD PRODUCTIVA(1).xlsx
2025;9;Septiembre;PROCESAMIENTO DE AVENA;materia_prima;Soya;2.928;2.166;;;Toneladas;2025 INGRESO Y UTILIZACION DE MATERIA PRIMA SEGÚN ACTIVIDAD PRODUCTIVA(1).xlsx
2025;9;Septiembre;PROCESAMIENTO DE AVENA;materia_prima;Trigo;1.623;1.198;;;Toneladas;2025 INGRESO Y UTILIZACION DE MATERIA PRIMA SEGÚN ACTIVIDAD PRODUCTIVA(1).xlsx
2025;9;Septiembre;PROCESAMIENTO DE AVENA;producto;Avena;;;3,481.161;3,379.900;Toneladas;2025 PRODUCCIÓN Y VENTA DE LA  ACTIVIDAD PRODUCTIVA.xlsx
2025;9;Septiembre;PROCESAMIENTO DE AVENA;producto;Enriquecido de cereales;;;600.711;541.152;Toneladas;2025 PRODUCCIÓN Y VENTA DE LA  ACTIVIDAD PRODUCTIVA.xlsx
2025;9;Septiembre;PROCESAMIENTO DE AZUCAR;materia_prima;Caña de Azúcar;1,077,137.218;1,077,137.218;;;Toneladas;2025 INGRESO Y UTILIZACION DE MATERIA PRIMA SEGÚN ACTIVIDAD PRODUCTIVA(1).xlsx
2025;9;Septiembre;PROCESAMIENTO DE AZUCAR;producto;Azúcar;;;117,544.645;117,544.645;Toneladas;2025 PRODUCCIÓN Y VENTA DE LA  ACTIVIDAD PRODUCTIVA.xlsx
2025;9;Septiembre;PROCESAMIENTO DE DERIVADOS LACTEOS;producto;Cremas;;;720.810;683.021;Toneladas;2025 PRODUCCIÓN Y VENTA DE LA  ACTIVIDAD PRODUCTIVA.xlsx
2025;9;Septiembre;PROCESAMIENTO DE DERIVADOS LACTEOS;producto;Manjar blanco;;;683.342;716.614;Toneladas;2025 PRODUCCIÓN Y VENTA DE LA  ACTIVIDAD PRODUCTIVA.xlsx
2025;9;Septiembre;PROCESAMIENTO DE DERIVADOS LACTEOS;producto;Mantequilla;;;557.763;567.594;Toneladas;2025 PRODUCCIÓN Y VENTA DE LA  ACTIVIDAD PRODUCTIVA.xlsx
2025;9;Septiembre;PROCESAMIENTO DE DERIVADOS LACTEOS;producto;Queso Mantecoso;;;27.040;27.040;Toneladas;2025 PRODUCCIÓN Y VENTA DE LA  ACTIVIDAD PRODUCTIVA.xlsx
2025;9;Septiembre;PROCESAMIENTO DE DERIVADOS LACTEOS;producto;Quesos Frescos;;;321.303;324.752;Toneladas;2025 PRODUCCIÓN Y VENTA DE LA  ACTIVIDAD PRODUCTIVA.xlsx
2025;9;Septiembre;PROCESAMIENTO DE DERIVADOS LACTEOS;producto;Quesos Madurados;;;1,137.459;1,003.538;Toneladas;2025 PRODUCCIÓN Y VENTA DE LA  ACTIVIDAD PRODUCTIVA.xlsx
2025;9;Septiembre;PROCESAMIENTO DE DERIVADOS LACTEOS;producto;Yogurt;;;12,895.608;13,253.085;Toneladas;2025 PRODUCCIÓN Y VENTA DE LA  ACTIVIDAD PRODUCTIVA.xlsx
2025;9;Septiembre;PROCESAMIENTO DE DERIVADOS LACTEOS, LECHES Y MEZCLAS LACTEAS;materia_prima;Grasa anhidra de leche (GAL);487.200;283.206;;;Toneladas;2025 INGRESO Y UTILIZACION DE MATERIA PRIMA SEGÚN ACTIVIDAD PRODUCTIVA(1).xlsx
2025;9;Septiembre;PROCESAMIENTO DE DERIVADOS LACTEOS, LECHES Y MEZCLAS LACTEAS;materia_prima;Leche en polvo descremada (LPD);1,708.505;1,635.145;;;Toneladas;2025 INGRESO Y UTILIZACION DE MATERIA PRIMA SEGÚN ACTIVIDAD PRODUCTIVA(1).xlsx
2025;9;Septiembre;PROCESAMIENTO DE DERIVADOS LACTEOS, LECHES Y MEZCLAS LACTEAS;materia_prima;Leche en polvo entera (LEP);3,206.391;2,344.023;;;Toneladas;2025 INGRESO Y UTILIZACION DE MATERIA PRIMA SEGÚN ACTIVIDAD PRODUCTIVA(1).xlsx
2025;9;Septiembre;PROCESAMIENTO DE DERIVADOS LACTEOS, LECHES Y MEZCLAS LACTEAS;materia_prima;Leche fresca;71,143.313;70,429.656;;;Toneladas;2025 INGRESO Y UTILIZACION DE MATERIA PRIMA SEGÚN ACTIVIDAD PRODUCTIVA(1).xlsx
2025;9;Septiembre;PROCESAMIENTO DE EMBUTIDOS Y CARNES PREPARADAS;materia_prima;Carne Industrial;556.590;628.556;;;Toneladas;2025 INGRESO Y UTILIZACION DE MATERIA PRIMA SEGÚN ACTIVIDAD PRODUCTIVA(1).xlsx
2025;9;Septiembre;PROCESAMIENTO DE EMBUTIDOS Y CARNES PREPARADAS;materia_prima;Carne de Cerdo;1,995.713;2,131.562;;;Toneladas;2025 INGRESO Y UTILIZACION DE MATERIA PRIMA SEGÚN ACTIVIDAD PRODUCTIVA(1).xlsx
2025;9;Septiembre;PROCESAMIENTO DE EMBUTIDOS Y CARNES PREPARADAS;materia_prima;Carne de ave;948.931;945.049;;;Toneladas;2025 INGRESO Y UTILIZACION DE MATERIA PRIMA SEGÚN ACTIVIDAD PRODUCTIVA(1).xlsx
2025;9;Septiembre;PROCESAMIENTO DE EMBUTIDOS Y CARNES PREPARADAS;materia_prima;Maizena;244.100;284.802;;;Toneladas;2025 INGRESO Y UTILIZACION DE MATERIA PRIMA SEGÚN ACTIVIDAD PRODUCTIVA(1).xlsx
2025;9;Septiembre;PROCESAMIENTO DE EMBUTIDOS Y CARNES PREPARADAS;materia_prima;Otros;126.384;127.697;;;Toneladas;2025 INGRESO Y UTILIZACION DE MATERIA PRIMA SEGÚN ACTIVIDAD PRODUCTIVA(1).xlsx
2025;9;Septiembre;PROCESAMIENTO DE EMBUTIDOS Y CARNES PREPARADAS;materia_prima;Sal;83.720;71.157;;;Toneladas;2025 INGRESO Y UTILIZACION DE MATERIA PRIMA SEGÚN ACTIVIDAD PRODUCTIVA(1).xlsx
2025;9;Septiembre;PROCESAMIENTO DE EMBUTIDOS Y CARNES PREPARADAS;producto;Ahumado;;;203.694;274.352;Toneladas;2025 PRODUCCIÓN Y VENTA DE LA  ACTIVIDAD PRODUCTIVA.xlsx
2025;9;Septiembre;PROCESAMIENTO DE EMBUTIDOS Y CARNES PREPARADAS;producto;Carne preparada-cocidos especiales;;;403.687;422.023;Toneladas;2025 PRODUCCIÓN Y VENTA DE LA  ACTIVIDAD PRODUCTIVA.xlsx
2025;9;Septiembre;PROCESAMIENTO DE EMBUTIDOS Y CARNES PREPARADAS;producto;Chicharrón de Prensa;;;99.831;106.384;Toneladas;2025 PRODUCCIÓN Y VENTA DE LA  ACTIVIDAD PRODUCTIVA.xlsx
2025;9;Septiembre;PROCESAMIENTO DE EMBUTIDOS Y CARNES PREPARADAS;producto;Chorizo;;;815.540;806.382;Toneladas;2025 PRODUCCIÓN Y VENTA DE LA  ACTIVIDAD PRODUCTIVA.xlsx
2025;9;Septiembre;PROCESAMIENTO DE EMBUTIDOS Y CARNES PREPARADAS;producto;Hamburguesa;;;786.856;764.816;Toneladas;2025 PRODUCCIÓN Y VENTA DE LA  ACTIVIDAD PRODUCTIVA.xlsx
2025;9;Septiembre;PROCESAMIENTO DE EMBUTIDOS Y CARNES PREPARADAS;producto;Hot Dog y/o Salchicha;;;2,608.151;2,688.967;Toneladas;2025 PRODUCCIÓN Y VENTA DE LA  ACTIVIDAD PRODUCTIVA.xlsx
2025;9;Septiembre;PROCESAMIENTO DE EMBUTIDOS Y CARNES PREPARADAS;producto;Jamonada;;;1,142.359;982.156;Toneladas;2025 PRODUCCIÓN Y VENTA DE LA  ACTIVIDAD PRODUCTIVA.xlsx
2025;9;Septiembre;PROCESAMIENTO DE EMBUTIDOS Y CARNES PREPARADAS;producto;Jamón;;;1,032.579;1,044.310;Toneladas;2025 PRODUCCIÓN Y VENTA DE LA  ACTIVIDAD PRODUCTIVA.xlsx
2025;9;Septiembre;PROCESAMIENTO DE EMBUTIDOS Y CARNES PREPARADAS;producto;Mortadela;;;115.473;119.353;Toneladas;2025 PRODUCCIÓN Y VENTA DE LA  ACTIVIDAD PRODUCTIVA.xlsx
2025;9;Septiembre;PROCESAMIENTO DE EMBUTIDOS Y CARNES PREPARADAS;producto;Otros;;;170.502;172.617;Toneladas;2025 PRODUCCIÓN Y VENTA DE LA  ACTIVIDAD PRODUCTIVA.xlsx
2025;9;Septiembre;PROCESAMIENTO DE EMBUTIDOS Y CARNES PREPARADAS;producto;Pastel;;;5.136;5.524;Toneladas;2025 PRODUCCIÓN Y VENTA DE LA  ACTIVIDAD PRODUCTIVA.xlsx
2025;9;Septiembre;PROCESAMIENTO DE EMBUTIDOS Y CARNES PREPARADAS;producto;Paté;;;46.036;45.460;Toneladas;2025 PRODUCCIÓN Y VENTA DE LA  ACTIVIDAD PRODUCTIVA.xlsx
2025;9;Septiembre;PROCESAMIENTO DE EMBUTIDOS Y CARNES PREPARADAS;producto;Queso de Chancho;;;7.200;7.500;Toneladas;2025 PRODUCCIÓN Y VENTA DE LA  ACTIVIDAD PRODUCTIVA.xlsx
2025;9;Septiembre;PROCESAMIENTO DE EMBUTIDOS Y CARNES PREPARADAS;producto;Salame;;;18.600;18.700;Toneladas;2025 PRODUCCIÓN Y VENTA DE LA  ACTIVIDAD PRODUCTIVA.xlsx
2025;9;Septiembre;PROCESAMIENTO DE FIDEO;materia_prima;Harina de Trigo;36,437.398;36,253.862;;;Toneladas;2025 INGRESO Y UTILIZACION DE MATERIA PRIMA SEGÚN ACTIVIDAD PRODUCTIVA(1).xlsx
2025;9;Septiembre;PROCESAMIENTO DE FIDEO;producto;Fideo corriente a granel;;;1,378.730;1,479.320;Toneladas;2025 PRODUCCIÓN Y VENTA DE LA  ACTIVIDAD PRODUCTIVA.xlsx
2025;9;Septiembre;PROCESAMIENTO DE FIDEO;producto;Fideo envasado;;;34,718.052;35,182.999;Toneladas;2025 PRODUCCIÓN Y VENTA DE LA  ACTIVIDAD PRODUCTIVA.xlsx
2025;9;Septiembre;PROCESAMIENTO DE HARINA DE TRIGO;materia_prima;Trigo entero;236,870.197;236,572.587;;;Toneladas;2025 INGRESO Y UTILIZACION DE MATERIA PRIMA SEGÚN ACTIVIDAD PRODUCTIVA(1).xlsx
2025;9;Septiembre;PROCESAMIENTO DE HARINA DE TRIGO;producto;Harina de Trigo;;;131,536.183;131,514.962;Toneladas;2025 PRODUCCIÓN Y VENTA DE LA  ACTIVIDAD PRODUCTIVA.xlsx
2025;9;Septiembre;PROCESAMIENTO DE HARINA DE TRIGO;producto;Sub producto de trigo;;;27,037.160;27,199.890;Toneladas;2025 PRODUCCIÓN Y VENTA DE LA  ACTIVIDAD PRODUCTIVA.xlsx
2025;9;Septiembre;PROCESAMIENTO DE HARINA DE TRIGO;producto;Sémola;;;543.000;543.000;Toneladas;2025 PRODUCCIÓN Y VENTA DE LA  ACTIVIDAD PRODUCTIVA.xlsx
2025;9;Septiembre;PROCESAMIENTO DE MALTA;materia_prima;Cebada;9,945.000;9,945.000;;;Toneladas;2025 INGRESO Y UTILIZACION DE MATERIA PRIMA SEGÚN ACTIVIDAD PRODUCTIVA(1).xlsx
2025;9;Septiembre;PROCESAMIENTO DE MALTA;producto;Malta de cebada;;;8,942.000;8,942.000;Toneladas;2025 PRODUCCIÓN Y VENTA DE LA  ACTIVIDAD PRODUCTIVA.xlsx
2025;9;Septiembre;PROCESAMIENTO DEL CACAO;materia_prima;Cacao Grano;8,127.778;7,442.448;;;Toneladas;2025 INGRESO Y UTILIZACION DE MATERIA PRIMA SEGÚN ACTIVIDAD PRODUCTIVA(1).xlsx
2025;9;Septiembre;PROCESAMIENTO DEL CACAO;materia_prima;Cocoa;0.000;0.000;;;Toneladas;2025 INGRESO Y UTILIZACION DE MATERIA PRIMA SEGÚN ACTIVIDAD PRODUCTIVA(1).xlsx
2025;9;Septiembre;PROCESAMIENTO DEL CACAO;materia_prima;Licor de Cacao;0.000;0.000;;;Toneladas;2025 INGRESO Y UTILIZACION DE MATERIA PRIMA SEGÚN ACTIVIDAD PRODUCTIVA(1).xlsx
2025;9;Septiembre;PROCESAMIENTO DEL CACAO;materia_prima;Manteca de Cacao;0.225;0.395;;;Toneladas;2025 INGRESO Y UTILIZACION DE MATERIA PRIMA SEGÚN ACTIVIDAD PRODUCTIVA(1).xlsx
2025;9;Septiembre;PROCESAMIENTO DEL CACAO;materia_prima;Torta de Cacao;2.085;0.215;;;Toneladas;2025 INGRESO Y UTILIZACION DE MATERIA PRIMA SEGÚN ACTIVIDAD PRODUCTIVA(1).xlsx
2025;9;Septiembre;PROCESAMIENTO DEL CACAO;producto;Cacao Grano;;;935.246;189.720;Toneladas;2025 PRODUCCIÓN Y VENTA DE LA  ACTIVIDAD PRODUCTIVA.xlsx
2025;9;Septiembre;PROCESAMIENTO DEL CACAO;producto;Chocolate y cobertura;;;1.500;1.380;Toneladas;2025 PRODUCCIÓN Y VENTA DE LA  ACTIVIDAD PRODUCTIVA.xlsx
2025;9;Septiembre;PROCESAMIENTO DEL CACAO;producto;Cocoa;;;633.000;501.000;Toneladas;2025 PRODUCCIÓN Y VENTA DE LA  ACTIVIDAD PRODUCTIVA.xlsx
2025;9;Septiembre;PROCESAMIENTO DEL CACAO;producto;Licor de cacao;;;932.015;1,428.636;Toneladas;2025 PRODUCCIÓN Y VENTA DE LA  ACTIVIDAD PRODUCTIVA.xlsx
2025;9;Septiembre;PROCESAMIENTO DEL CACAO;producto;Manteca de cacao;;;1,796.035;1,767.024;Toneladas;2025 PRODUCCIÓN Y VENTA DE LA  ACTIVIDAD PRODUCTIVA.xlsx
2025;9;Septiembre;PROCESAMIENTO DEL CACAO;producto;Polvo de Cacao;;;742.612;1,401.634;Toneladas;2025 PRODUCCIÓN Y VENTA DE LA  ACTIVIDAD PRODUCTIVA.xlsx
2025;9;Septiembre;PROCESAMIENTO DEL CACAO;producto;Torta de cacao;;;1,380.497;1,446.555;Toneladas;2025 PRODUCCIÓN Y VENTA DE LA  ACTIVIDAD PRODUCTIVA.xlsx
2025;9;Septiembre;PROCESAMIENTO DEL ESPARRAGO;materia_prima;Espárrago Fresco;6,377.961;6,142.445;;;Toneladas;2025 INGRESO Y UTILIZACION DE MATERIA PRIMA SEGÚN ACTIVIDAD PRODUCTIVA(1).xlsx
2025;9;Septiembre;PROCESAMIENTO DEL ESPARRAGO;producto;Congelado;;;246.940;78.826;Toneladas;2025 PRODUCCIÓN Y VENTA DE LA  ACTIVIDAD PRODUCTIVA.xlsx
2025;9;Septiembre;PROCESAMIENTO DEL ESPARRAGO;producto;Conserva;;;705.000;894.000;Toneladas;2025 PRODUCCIÓN Y VENTA DE LA  ACTIVIDAD PRODUCTIVA.xlsx
2025;9;Septiembre;PROCESAMIENTO DEL ESPARRAGO;producto;Fresco;;;4,185.682;4,133.477;Toneladas;2025 PRODUCCIÓN Y VENTA DE LA  ACTIVIDAD PRODUCTIVA.xlsx
2025;10;Octubre;ACEITE ESENCIAL DE LIMÓN;materia_prima;Limón;1,670.000;1,670.000;;;Toneladas;2025 INGRESO Y UTILIZACION DE MATERIA PRIMA SEGÚN ACTIVIDAD PRODUCTIVA(1).xlsx
2025;10;Octubre;ACEITE ESENCIAL DE LIMÓN;producto;Aceite Esencial de Limón;;;20.000;20.000;Toneladas;2025 PRODUCCIÓN Y VENTA DE LA  ACTIVIDAD PRODUCTIVA.xlsx
2025;10;Octubre;ACEITE ESENCIAL DE LIMÓN;producto;Cáscara de Limón;;;152.000;152.000;Toneladas;2025 PRODUCCIÓN Y VENTA DE LA  ACTIVIDAD PRODUCTIVA.xlsx
2025;10;Octubre;LECHES Y MEZCLAS LACTEAS;producto;Condensada;;;1,931.690;1,665.964;Toneladas;2025 PRODUCCIÓN Y VENTA DE LA  ACTIVIDAD PRODUCTIVA.xlsx
2025;10;Octubre;LECHES Y MEZCLAS LACTEAS;producto;Evaporadas;;;35,158.521;34,125.294;Toneladas;2025 PRODUCCIÓN Y VENTA DE LA  ACTIVIDAD PRODUCTIVA.xlsx
2025;10;Octubre;LECHES Y MEZCLAS LACTEAS;producto;Leche evaporada*;;;5,439.530;5,042.435;Toneladas;2025 PRODUCCIÓN Y VENTA DE LA  ACTIVIDAD PRODUCTIVA.xlsx
2025;10;Octubre;LECHES Y MEZCLAS LACTEAS;producto;Mezclas lácteas*;;;29,718.992;29,082.858;Toneladas;2025 PRODUCCIÓN Y VENTA DE LA  ACTIVIDAD PRODUCTIVA.xlsx
2025;10;Octubre;LECHES Y MEZCLAS LACTEAS;producto;Pasteurizada;;;1,704.176;16,153.977;Toneladas;2025 PRODUCCIÓN Y VENTA DE LA  ACTIVIDAD PRODUCTIVA.xlsx
2025;10;Octubre;PROCESAMIENTO DE ACEITES Y GRASAS;materia_prima;Crudo de Girasol;1,350.000;1,350.000;;;Toneladas;2025 INGRESO Y UTILIZACION DE MATERIA PRIMA SEGÚN ACTIVIDAD PRODUCTIVA(1).xlsx
2025;10;Octubre;PROCESAMIENTO DE ACEITES Y GRASAS;materia_prima;Crudo de Palma;21,486.000;20,515.000;;;Toneladas;2025 INGRESO Y UTILIZACION DE MATERIA PRIMA SEGÚN ACTIVIDAD PRODUCTIVA(1).xlsx
2025;10;Octubre;PROCESAMIENTO DE ACEITES Y GRASAS;materia_prima;Crudo de Palmiste;147.000;147.000;;;Toneladas;2025 INGRESO Y UTILIZACION DE MATERIA PRIMA SEGÚN ACTIVIDAD PRODUCTIVA(1).xlsx
2025;10;Octubre;PROCESAMIENTO DE ACEITES Y GRASAS;materia_prima;Crudo de Soya;15,567.370;14,878.080;;;Toneladas;2025 INGRESO Y UTILIZACION DE MATERIA PRIMA SEGÚN ACTIVIDAD PRODUCTIVA(1).xlsx
2025;10;Octubre;PROCESAMIENTO DE ACEITES Y GRASAS;materia_prima;Crudo de algodón;60.000;40.000;;;Toneladas;2025 INGRESO Y UTILIZACION DE MATERIA PRIMA SEGÚN ACTIVIDAD PRODUCTIVA(1).xlsx
2025;10;Octubre;PROCESAMIENTO DE ACEITES Y GRASAS;materia_prima;Fruto de palma;29,238.000;29,430.000;;;Toneladas;2025 INGRESO Y UTILIZACION DE MATERIA PRIMA SEGÚN ACTIVIDAD PRODUCTIVA(1).xlsx
2025;10;Octubre;PROCESAMIENTO DE ACEITES Y GRASAS;materia_prima;Maiz Amarillo Duro;4,510.000;4,510.000;;;Toneladas;2025 INGRESO Y UTILIZACION DE MATERIA PRIMA SEGÚN ACTIVIDAD PRODUCTIVA(1).xlsx
2025;10;Octubre;PROCESAMIENTO DE ACEITES Y GRASAS;materia_prima;Refinado de Soya;855.000;850.000;;;Toneladas;2025 INGRESO Y UTILIZACION DE MATERIA PRIMA SEGÚN ACTIVIDAD PRODUCTIVA(1).xlsx
2025;10;Octubre;PROCESAMIENTO DE ACEITES Y GRASAS;materia_prima;refinado de Palma;0.000;0.000;;;Toneladas;2025 INGRESO Y UTILIZACION DE MATERIA PRIMA SEGÚN ACTIVIDAD PRODUCTIVA(1).xlsx
2025;10;Octubre;PROCESAMIENTO DE ACEITES Y GRASAS;producto;Aceite Vegetal;;;23,984.898;22,850.837;Toneladas;2025 PRODUCCIÓN Y VENTA DE LA  ACTIVIDAD PRODUCTIVA.xlsx
2025;10;Octubre;PROCESAMIENTO DE ACEITES Y GRASAS;producto;Manteca Vegetal;;;6,345.992;5,292.674;Toneladas;2025 PRODUCCIÓN Y VENTA DE LA  ACTIVIDAD PRODUCTIVA.xlsx
2025;10;Octubre;PROCESAMIENTO DE ACEITES Y GRASAS;producto;Margarina;;;1,430.000;1,430.000;Toneladas;2025 PRODUCCIÓN Y VENTA DE LA  ACTIVIDAD PRODUCTIVA.xlsx
2025;10;Octubre;PROCESAMIENTO DE ALIMENTOS BALANCEADOS;materia_prima;Carbonato de calcio;5,106.055;5,322.448;;;Toneladas;2025 INGRESO Y UTILIZACION DE MATERIA PRIMA SEGÚN ACTIVIDAD PRODUCTIVA(1).xlsx
2025;10;Octubre;PROCESAMIENTO DE ALIMENTOS BALANCEADOS;materia_prima;Grasas de pescado;3,900.274;4,684.944;;;Toneladas;2025 INGRESO Y UTILIZACION DE MATERIA PRIMA SEGÚN ACTIVIDAD PRODUCTIVA(1).xlsx
2025;10;Octubre;PROCESAMIENTO DE ALIMENTOS BALANCEADOS;materia_prima;Harina de Pescado;3,877.760;2,796.475;;;Toneladas;2025 INGRESO Y UTILIZACION DE MATERIA PRIMA SEGÚN ACTIVIDAD PRODUCTIVA(1).xlsx
2025;10;Octubre;PROCESAMIENTO DE ALIMENTOS BALANCEADOS;materia_prima;Maiz amarillo Duro;227,062.320;229,686.502;;;Toneladas;2025 INGRESO Y UTILIZACION DE MATERIA PRIMA SEGÚN ACTIVIDAD PRODUCTIVA(1).xlsx
2025;10;Octubre;PROCESAMIENTO DE ALIMENTOS BALANCEADOS;materia_prima;Melaza;138.040;164.637;;;Toneladas;2025 INGRESO Y UTILIZACION DE MATERIA PRIMA SEGÚN ACTIVIDAD PRODUCTIVA(1).xlsx
2025;10;Octubre;PROCESAMIENTO DE ALIMENTOS BALANCEADOS;materia_prima;Otros;28,695.131;26,387.564;;;Toneladas;2025 INGRESO Y UTILIZACION DE MATERIA PRIMA SEGÚN ACTIVIDAD PRODUCTIVA(1).xlsx
2025;10;Octubre;PROCESAMIENTO DE ALIMENTOS BALANCEADOS;materia_prima;Polvillo de arroz;5,980.498;3,906.822;;;Toneladas;2025 INGRESO Y UTILIZACION DE MATERIA PRIMA SEGÚN ACTIVIDAD PRODUCTIVA(1).xlsx
2025;10;Octubre;PROCESAMIENTO DE ALIMENTOS BALANCEADOS;materia_prima;Soya en grano;3,944.320;3,925.475;;;Toneladas;2025 INGRESO Y UTILIZACION DE MATERIA PRIMA SEGÚN ACTIVIDAD PRODUCTIVA(1).xlsx
2025;10;Octubre;PROCESAMIENTO DE ALIMENTOS BALANCEADOS;materia_prima;Sub producto de trigo;8,750.539;13,323.497;;;Toneladas;2025 INGRESO Y UTILIZACION DE MATERIA PRIMA SEGÚN ACTIVIDAD PRODUCTIVA(1).xlsx
2025;10;Octubre;PROCESAMIENTO DE ALIMENTOS BALANCEADOS;materia_prima;Torta de algodón;49.500;35.650;;;Toneladas;2025 INGRESO Y UTILIZACION DE MATERIA PRIMA SEGÚN ACTIVIDAD PRODUCTIVA(1).xlsx
2025;10;Octubre;PROCESAMIENTO DE ALIMENTOS BALANCEADOS;materia_prima;Torta de soya;84,927.828;94,151.278;;;Toneladas;2025 INGRESO Y UTILIZACION DE MATERIA PRIMA SEGÚN ACTIVIDAD PRODUCTIVA(1).xlsx
2025;10;Octubre;PROCESAMIENTO DE ALIMENTOS BALANCEADOS;producto;Alimento balanceado para aves carne;;;236,395.522;236,677.307;Toneladas;2025 PRODUCCIÓN Y VENTA DE LA  ACTIVIDAD PRODUCTIVA.xlsx
2025;10;Octubre;PROCESAMIENTO DE ALIMENTOS BALANCEADOS;producto;Alimento balanceado para aves postura/reproductora;;;76,617.879;76,712.721;Toneladas;2025 PRODUCCIÓN Y VENTA DE LA  ACTIVIDAD PRODUCTIVA.xlsx
2025;10;Octubre;PROCESAMIENTO DE ALIMENTOS BALANCEADOS;producto;Alimento balanceado para pavos y patos;;;5,603.765;5,593.750;Toneladas;2025 PRODUCCIÓN Y VENTA DE LA  ACTIVIDAD PRODUCTIVA.xlsx
2025;10;Octubre;PROCESAMIENTO DE ALIMENTOS BALANCEADOS;producto;Alimento balanceado para porcinos;;;28,288.852;28,419.078;Toneladas;2025 PRODUCCIÓN Y VENTA DE LA  ACTIVIDAD PRODUCTIVA.xlsx
2025;10;Octubre;PROCESAMIENTO DE ALIMENTOS BALANCEADOS;producto;Alimento balanceado para vacunos;;;7,894.523;8,532.141;Toneladas;2025 PRODUCCIÓN Y VENTA DE LA  ACTIVIDAD PRODUCTIVA.xlsx
2025;10;Octubre;PROCESAMIENTO DE ALIMENTOS BALANCEADOS;producto;Otros animales 1/;;;31,079.330;28,857.856;Toneladas;2025 PRODUCCIÓN Y VENTA DE LA  ACTIVIDAD PRODUCTIVA.xlsx
2025;10;Octubre;PROCESAMIENTO DE AVENA;materia_prima;Avena;1,342.866;4,093.647;;;Toneladas;2025 INGRESO Y UTILIZACION DE MATERIA PRIMA SEGÚN ACTIVIDAD PRODUCTIVA(1).xlsx
2025;10;Octubre;PROCESAMIENTO DE AVENA;materia_prima;Azúcar;2.176;2.725;;;Toneladas;2025 INGRESO Y UTILIZACION DE MATERIA PRIMA SEGÚN ACTIVIDAD PRODUCTIVA(1).xlsx
2025;10;Octubre;PROCESAMIENTO DE AVENA;materia_prima;Cebada;0.240;0.280;;;Toneladas;2025 INGRESO Y UTILIZACION DE MATERIA PRIMA SEGÚN ACTIVIDAD PRODUCTIVA(1).xlsx
2025;10;Octubre;PROCESAMIENTO DE AVENA;materia_prima;Kiwicha;44.591;14.597;;;Toneladas;2025 INGRESO Y UTILIZACION DE MATERIA PRIMA SEGÚN ACTIVIDAD PRODUCTIVA(1).xlsx
2025;10;Octubre;PROCESAMIENTO DE AVENA;materia_prima;Leche en Polvo;1.065;1.033;;;Toneladas;2025 INGRESO Y UTILIZACION DE MATERIA PRIMA SEGÚN ACTIVIDAD PRODUCTIVA(1).xlsx
2025;10;Octubre;PROCESAMIENTO DE AVENA;materia_prima;Maca;5.453;3.969;;;Toneladas;2025 INGRESO Y UTILIZACION DE MATERIA PRIMA SEGÚN ACTIVIDAD PRODUCTIVA(1).xlsx
2025;10;Octubre;PROCESAMIENTO DE AVENA;materia_prima;Quinua;47.419;32.428;;;Toneladas;2025 INGRESO Y UTILIZACION DE MATERIA PRIMA SEGÚN ACTIVIDAD PRODUCTIVA(1).xlsx
2025;10;Octubre;PROCESAMIENTO DE AVENA;materia_prima;Soya;3.145;2.847;;;Toneladas;2025 INGRESO Y UTILIZACION DE MATERIA PRIMA SEGÚN ACTIVIDAD PRODUCTIVA(1).xlsx
2025;10;Octubre;PROCESAMIENTO DE AVENA;materia_prima;Trigo;1.173;1.004;;;Toneladas;2025 INGRESO Y UTILIZACION DE MATERIA PRIMA SEGÚN ACTIVIDAD PRODUCTIVA(1).xlsx
2025;10;Octubre;PROCESAMIENTO DE AVENA;producto;Avena;;;3,020.102;3,027.293;Toneladas;2025 PRODUCCIÓN Y VENTA DE LA  ACTIVIDAD PRODUCTIVA.xlsx
2025;10;Octubre;PROCESAMIENTO DE AVENA;producto;Enriquecido de cereales;;;567.764;582.282;Toneladas;2025 PRODUCCIÓN Y VENTA DE LA  ACTIVIDAD PRODUCTIVA.xlsx
2025;10;Octubre;PROCESAMIENTO DE AZUCAR;materia_prima;Caña de Azúcar;1,067,374.578;1,067,374.578;;;Toneladas;2025 INGRESO Y UTILIZACION DE MATERIA PRIMA SEGÚN ACTIVIDAD PRODUCTIVA(1).xlsx
2025;10;Octubre;PROCESAMIENTO DE AZUCAR;producto;Azúcar;;;114,877.089;114,877.089;Toneladas;2025 PRODUCCIÓN Y VENTA DE LA  ACTIVIDAD PRODUCTIVA.xlsx
2025;10;Octubre;PROCESAMIENTO DE DERIVADOS LACTEOS;producto;Cremas;;;738.576;733.734;Toneladas;2025 PRODUCCIÓN Y VENTA DE LA  ACTIVIDAD PRODUCTIVA.xlsx
2025;10;Octubre;PROCESAMIENTO DE DERIVADOS LACTEOS;producto;Manjar blanco;;;713.437;614.058;Toneladas;2025 PRODUCCIÓN Y VENTA DE LA  ACTIVIDAD PRODUCTIVA.xlsx
2025;10;Octubre;PROCESAMIENTO DE DERIVADOS LACTEOS;producto;Mantequilla;;;650.318;540.488;Toneladas;2025 PRODUCCIÓN Y VENTA DE LA  ACTIVIDAD PRODUCTIVA.xlsx
2025;10;Octubre;PROCESAMIENTO DE DERIVADOS LACTEOS;producto;Queso Mantecoso;;;23.430;23.310;Toneladas;2025 PRODUCCIÓN Y VENTA DE LA  ACTIVIDAD PRODUCTIVA.xlsx
2025;10;Octubre;PROCESAMIENTO DE DERIVADOS LACTEOS;producto;Quesos Frescos;;;358.897;356.530;Toneladas;2025 PRODUCCIÓN Y VENTA DE LA  ACTIVIDAD PRODUCTIVA.xlsx
2025;10;Octubre;PROCESAMIENTO DE DERIVADOS LACTEOS;producto;Quesos Madurados;;;1,137.459;999.719;Toneladas;2025 PRODUCCIÓN Y VENTA DE LA  ACTIVIDAD PRODUCTIVA.xlsx
2025;10;Octubre;PROCESAMIENTO DE DERIVADOS LACTEOS;producto;Yogurt;;;13,232.802;13,287.641;Toneladas;2025 PRODUCCIÓN Y VENTA DE LA  ACTIVIDAD PRODUCTIVA.xlsx
2025;10;Octubre;PROCESAMIENTO DE DERIVADOS LACTEOS, LECHES Y MEZCLAS LACTEAS;materia_prima;Grasa anhidra de leche (GAL);487.200;283.206;;;Toneladas;2025 INGRESO Y UTILIZACION DE MATERIA PRIMA SEGÚN ACTIVIDAD PRODUCTIVA(1).xlsx
2025;10;Octubre;PROCESAMIENTO DE DERIVADOS LACTEOS, LECHES Y MEZCLAS LACTEAS;materia_prima;Leche en polvo descremada (LPD);1,708.505;1,635.145;;;Toneladas;2025 INGRESO Y UTILIZACION DE MATERIA PRIMA SEGÚN ACTIVIDAD PRODUCTIVA(1).xlsx
2025;10;Octubre;PROCESAMIENTO DE DERIVADOS LACTEOS, LECHES Y MEZCLAS LACTEAS;materia_prima;Leche en polvo entera (LEP);3,206.391;2,344.023;;;Toneladas;2025 INGRESO Y UTILIZACION DE MATERIA PRIMA SEGÚN ACTIVIDAD PRODUCTIVA(1).xlsx
2025;10;Octubre;PROCESAMIENTO DE DERIVADOS LACTEOS, LECHES Y MEZCLAS LACTEAS;materia_prima;Leche fresca;71,143.313;70,429.656;;;Toneladas;2025 INGRESO Y UTILIZACION DE MATERIA PRIMA SEGÚN ACTIVIDAD PRODUCTIVA(1).xlsx
2025;10;Octubre;PROCESAMIENTO DE EMBUTIDOS Y CARNES PREPARADAS;materia_prima;Carne Industrial;1,049.570;1,095.374;;;Toneladas;2025 INGRESO Y UTILIZACION DE MATERIA PRIMA SEGÚN ACTIVIDAD PRODUCTIVA(1).xlsx
2025;10;Octubre;PROCESAMIENTO DE EMBUTIDOS Y CARNES PREPARADAS;materia_prima;Carne de Cerdo;2,035.207;2,031.157;;;Toneladas;2025 INGRESO Y UTILIZACION DE MATERIA PRIMA SEGÚN ACTIVIDAD PRODUCTIVA(1).xlsx
2025;10;Octubre;PROCESAMIENTO DE EMBUTIDOS Y CARNES PREPARADAS;materia_prima;Carne de ave;1,047.133;832.399;;;Toneladas;2025 INGRESO Y UTILIZACION DE MATERIA PRIMA SEGÚN ACTIVIDAD PRODUCTIVA(1).xlsx
2025;10;Octubre;PROCESAMIENTO DE EMBUTIDOS Y CARNES PREPARADAS;materia_prima;Maizena;246.200;247.877;;;Toneladas;2025 INGRESO Y UTILIZACION DE MATERIA PRIMA SEGÚN ACTIVIDAD PRODUCTIVA(1).xlsx
2025;10;Octubre;PROCESAMIENTO DE EMBUTIDOS Y CARNES PREPARADAS;materia_prima;Otros;164.794;145.415;;;Toneladas;2025 INGRESO Y UTILIZACION DE MATERIA PRIMA SEGÚN ACTIVIDAD PRODUCTIVA(1).xlsx
2025;10;Octubre;PROCESAMIENTO DE EMBUTIDOS Y CARNES PREPARADAS;materia_prima;Sal;61.600;70.091;;;Toneladas;2025 INGRESO Y UTILIZACION DE MATERIA PRIMA SEGÚN ACTIVIDAD PRODUCTIVA(1).xlsx
2025;10;Octubre;PROCESAMIENTO DE EMBUTIDOS Y CARNES PREPARADAS;producto;Ahumado;;;160.027;236.357;Toneladas;2025 PRODUCCIÓN Y VENTA DE LA  ACTIVIDAD PRODUCTIVA.xlsx
2025;10;Octubre;PROCESAMIENTO DE EMBUTIDOS Y CARNES PREPARADAS;producto;Carne preparada-cocidos especiales;;;411.631;344.777;Toneladas;2025 PRODUCCIÓN Y VENTA DE LA  ACTIVIDAD PRODUCTIVA.xlsx
2025;10;Octubre;PROCESAMIENTO DE EMBUTIDOS Y CARNES PREPARADAS;producto;Chicharrón de Prensa;;;49.889;42.984;Toneladas;2025 PRODUCCIÓN Y VENTA DE LA  ACTIVIDAD PRODUCTIVA.xlsx
2025;10;Octubre;PROCESAMIENTO DE EMBUTIDOS Y CARNES PREPARADAS;producto;Chorizo;;;786.992;784.144;Toneladas;2025 PRODUCCIÓN Y VENTA DE LA  ACTIVIDAD PRODUCTIVA.xlsx
2025;10;Octubre;PROCESAMIENTO DE EMBUTIDOS Y CARNES PREPARADAS;producto;Hamburguesa;;;843.563;844.310;Toneladas;2025 PRODUCCIÓN Y VENTA DE LA  ACTIVIDAD PRODUCTIVA.xlsx
2025;10;Octubre;PROCESAMIENTO DE EMBUTIDOS Y CARNES PREPARADAS;producto;Hot Dog y/o Salchicha;;;2,378.099;2,464.998;Toneladas;2025 PRODUCCIÓN Y VENTA DE LA  ACTIVIDAD PRODUCTIVA.xlsx
2025;10;Octubre;PROCESAMIENTO DE EMBUTIDOS Y CARNES PREPARADAS;producto;Jamonada;;;1,125.004;1,012.831;Toneladas;2025 PRODUCCIÓN Y VENTA DE LA  ACTIVIDAD PRODUCTIVA.xlsx
2025;10;Octubre;PROCESAMIENTO DE EMBUTIDOS Y CARNES PREPARADAS;producto;Jamón;;;935.286;917.919;Toneladas;2025 PRODUCCIÓN Y VENTA DE LA  ACTIVIDAD PRODUCTIVA.xlsx
2025;10;Octubre;PROCESAMIENTO DE EMBUTIDOS Y CARNES PREPARADAS;producto;Mortadela;;;101.819;112.424;Toneladas;2025 PRODUCCIÓN Y VENTA DE LA  ACTIVIDAD PRODUCTIVA.xlsx
2025;10;Octubre;PROCESAMIENTO DE EMBUTIDOS Y CARNES PREPARADAS;producto;Otros;;;35.872;46.420;Toneladas;2025 PRODUCCIÓN Y VENTA DE LA  ACTIVIDAD PRODUCTIVA.xlsx
2025;10;Octubre;PROCESAMIENTO DE EMBUTIDOS Y CARNES PREPARADAS;producto;Pastel;;;4.366;4.022;Toneladas;2025 PRODUCCIÓN Y VENTA DE LA  ACTIVIDAD PRODUCTIVA.xlsx
2025;10;Octubre;PROCESAMIENTO DE EMBUTIDOS Y CARNES PREPARADAS;producto;Paté;;;47.445;48.124;Toneladas;2025 PRODUCCIÓN Y VENTA DE LA  ACTIVIDAD PRODUCTIVA.xlsx
2025;10;Octubre;PROCESAMIENTO DE EMBUTIDOS Y CARNES PREPARADAS;producto;Queso de Chancho;;;7.517;7.800;Toneladas;2025 PRODUCCIÓN Y VENTA DE LA  ACTIVIDAD PRODUCTIVA.xlsx
2025;10;Octubre;PROCESAMIENTO DE EMBUTIDOS Y CARNES PREPARADAS;producto;Salame;;;18.900;19.900;Toneladas;2025 PRODUCCIÓN Y VENTA DE LA  ACTIVIDAD PRODUCTIVA.xlsx
2025;10;Octubre;PROCESAMIENTO DE FIDEO;materia_prima;Harina de Trigo;36,550.159;35,938.662;;;Toneladas;2025 INGRESO Y UTILIZACION DE MATERIA PRIMA SEGÚN ACTIVIDAD PRODUCTIVA(1).xlsx
2025;10;Octubre;PROCESAMIENTO DE FIDEO;producto;Fideo corriente a granel;;;1,625.730;1,598.480;Toneladas;2025 PRODUCCIÓN Y VENTA DE LA  ACTIVIDAD PRODUCTIVA.xlsx
2025;10;Octubre;PROCESAMIENTO DE FIDEO;producto;Fideo envasado;;;34,174.601;34,576.059;Toneladas;2025 PRODUCCIÓN Y VENTA DE LA  ACTIVIDAD PRODUCTIVA.xlsx
2025;10;Octubre;PROCESAMIENTO DE HARINA DE TRIGO;materia_prima;Trigo entero;214,445.536;225,374.086;;;Toneladas;2025 INGRESO Y UTILIZACION DE MATERIA PRIMA SEGÚN ACTIVIDAD PRODUCTIVA(1).xlsx
2025;10;Octubre;PROCESAMIENTO DE HARINA DE TRIGO;producto;Harina de Trigo;;;126,807.364;130,495.609;Toneladas;2025 PRODUCCIÓN Y VENTA DE LA  ACTIVIDAD PRODUCTIVA.xlsx
2025;10;Octubre;PROCESAMIENTO DE HARINA DE TRIGO;producto;Sub producto de trigo;;;26,398.358;26,480.120;Toneladas;2025 PRODUCCIÓN Y VENTA DE LA  ACTIVIDAD PRODUCTIVA.xlsx
2025;10;Octubre;PROCESAMIENTO DE HARINA DE TRIGO;producto;Sémola;;;534.607;548.069;Toneladas;2025 PRODUCCIÓN Y VENTA DE LA  ACTIVIDAD PRODUCTIVA.xlsx
2025;10;Octubre;PROCESAMIENTO DE MALTA;materia_prima;Cebada;7,777.760;9,238.520;;;Toneladas;2025 INGRESO Y UTILIZACION DE MATERIA PRIMA SEGÚN ACTIVIDAD PRODUCTIVA(1).xlsx
2025;10;Octubre;PROCESAMIENTO DE MALTA;producto;Malta de cebada;;;6,246.650;7,491.749;Toneladas;2025 PRODUCCIÓN Y VENTA DE LA  ACTIVIDAD PRODUCTIVA.xlsx
2025;10;Octubre;PROCESAMIENTO DEL CACAO;materia_prima;Cacao Grano;8,958.413;8,204.929;;;Toneladas;2025 INGRESO Y UTILIZACION DE MATERIA PRIMA SEGÚN ACTIVIDAD PRODUCTIVA(1).xlsx
2025;10;Octubre;PROCESAMIENTO DEL CACAO;materia_prima;Cocoa;0.000;0.000;;;Toneladas;2025 INGRESO Y UTILIZACION DE MATERIA PRIMA SEGÚN ACTIVIDAD PRODUCTIVA(1).xlsx
2025;10;Octubre;PROCESAMIENTO DEL CACAO;materia_prima;Licor de Cacao;42.000;21.571;;;Toneladas;2025 INGRESO Y UTILIZACION DE MATERIA PRIMA SEGÚN ACTIVIDAD PRODUCTIVA(1).xlsx
2025;10;Octubre;PROCESAMIENTO DEL CACAO;materia_prima;Manteca de Cacao;0.170;0.440;;;Toneladas;2025 INGRESO Y UTILIZACION DE MATERIA PRIMA SEGÚN ACTIVIDAD PRODUCTIVA(1).xlsx
2025;10;Octubre;PROCESAMIENTO DEL CACAO;materia_prima;Torta de Cacao;1.080;0.250;;;Toneladas;2025 INGRESO Y UTILIZACION DE MATERIA PRIMA SEGÚN ACTIVIDAD PRODUCTIVA(1).xlsx
2025;10;Octubre;PROCESAMIENTO DEL CACAO;producto;Cacao Grano;;;989.870;895.770;Toneladas;2025 PRODUCCIÓN Y VENTA DE LA  ACTIVIDAD PRODUCTIVA.xlsx
2025;10;Octubre;PROCESAMIENTO DEL CACAO;producto;Chocolate y cobertura;;;1.550;1.350;Toneladas;2025 PRODUCCIÓN Y VENTA DE LA  ACTIVIDAD PRODUCTIVA.xlsx
2025;10;Octubre;PROCESAMIENTO DEL CACAO;producto;Cocoa;;;581.000;581.000;Toneladas;2025 PRODUCCIÓN Y VENTA DE LA  ACTIVIDAD PRODUCTIVA.xlsx
2025;10;Octubre;PROCESAMIENTO DEL CACAO;producto;Licor de cacao;;;1,214.800;1,048.360;Toneladas;2025 PRODUCCIÓN Y VENTA DE LA  ACTIVIDAD PRODUCTIVA.xlsx
2025;10;Octubre;PROCESAMIENTO DEL CACAO;producto;Manteca de cacao;;;2,194.813;2,198.823;Toneladas;2025 PRODUCCIÓN Y VENTA DE LA  ACTIVIDAD PRODUCTIVA.xlsx
2025;10;Octubre;PROCESAMIENTO DEL CACAO;producto;Polvo de Cacao;;;875.535;728.515;Toneladas;2025 PRODUCCIÓN Y VENTA DE LA  ACTIVIDAD PRODUCTIVA.xlsx
2025;10;Octubre;PROCESAMIENTO DEL CACAO;producto;Torta de cacao;;;1,546.713;1,318.903;Toneladas;2025 PRODUCCIÓN Y VENTA DE LA  ACTIVIDAD PRODUCTIVA.xlsx
2025;10;Octubre;PROCESAMIENTO DEL ESPARRAGO;materia_prima;Espárrago Fresco;7,855.804;7,765.643;;;Toneladas;2025 INGRESO Y UTILIZACION DE MATERIA PRIMA SEGÚN ACTIVIDAD PRODUCTIVA(1).xlsx
2025;10;Octubre;PROCESAMIENTO DEL ESPARRAGO;producto;Congelado;;;476.692;172.194;Toneladas;2025 PRODUCCIÓN Y VENTA DE LA  ACTIVIDAD PRODUCTIVA.xlsx
2025;10;Octubre;PROCESAMIENTO DEL ESPARRAGO;producto;Conserva;;;671.105;849.768;Toneladas;2025 PRODUCCIÓN Y VENTA DE LA  ACTIVIDAD PRODUCTIVA.xlsx
2025;10;Octubre;PROCESAMIENTO DEL ESPARRAGO;producto;Fresco;;;5,502.326;5,252.087;Toneladas;2025 PRODUCCIÓN Y VENTA DE LA  ACTIVIDAD PRODUCTIVA.xlsx
2025;11;Noviembre;ACEITE ESENCIAL DE LIMÓN;materia_prima;Limón;180.000;180.000;;;Toneladas;2025 INGRESO Y UTILIZACION DE MATERIA PRIMA SEGÚN ACTIVIDAD PRODUCTIVA(1).xlsx
2025;11;Noviembre;ACEITE ESENCIAL DE LIMÓN;producto;Aceite Esencial de Limón;;;1.000;1.000;Toneladas;2025 PRODUCCIÓN Y VENTA DE LA  ACTIVIDAD PRODUCTIVA.xlsx
2025;11;Noviembre;ACEITE ESENCIAL DE LIMÓN;producto;Cáscara de Limón;;;13.000;13.000;Toneladas;2025 PRODUCCIÓN Y VENTA DE LA  ACTIVIDAD PRODUCTIVA.xlsx
2025;11;Noviembre;LECHES Y MEZCLAS LACTEAS;producto;Condensada;;;1,774.079;1,778.923;Toneladas;2025 PRODUCCIÓN Y VENTA DE LA  ACTIVIDAD PRODUCTIVA.xlsx
2025;11;Noviembre;LECHES Y MEZCLAS LACTEAS;producto;Evaporadas;;;36,262.935;34,549.098;Toneladas;2025 PRODUCCIÓN Y VENTA DE LA  ACTIVIDAD PRODUCTIVA.xlsx
2025;11;Noviembre;LECHES Y MEZCLAS LACTEAS;producto;Leche evaporada*;;;4,872.399;5,492.125;Toneladas;2025 PRODUCCIÓN Y VENTA DE LA  ACTIVIDAD PRODUCTIVA.xlsx
2025;11;Noviembre;LECHES Y MEZCLAS LACTEAS;producto;Mezclas lácteas*;;;31,390.536;29,056.973;Toneladas;2025 PRODUCCIÓN Y VENTA DE LA  ACTIVIDAD PRODUCTIVA.xlsx
2025;11;Noviembre;LECHES Y MEZCLAS LACTEAS;producto;Pasteurizada;;;14,510.824;16,355.502;Toneladas;2025 PRODUCCIÓN Y VENTA DE LA  ACTIVIDAD PRODUCTIVA.xlsx
2025;11;Noviembre;PROCESAMIENTO DE ACEITES Y GRASAS;materia_prima;Crudo de Girasol;2,000.000;2,100.000;;;Toneladas;2025 INGRESO Y UTILIZACION DE MATERIA PRIMA SEGÚN ACTIVIDAD PRODUCTIVA(1).xlsx
2025;11;Noviembre;PROCESAMIENTO DE ACEITES Y GRASAS;materia_prima;Crudo de Palma;24,247.000;21,555.000;;;Toneladas;2025 INGRESO Y UTILIZACION DE MATERIA PRIMA SEGÚN ACTIVIDAD PRODUCTIVA(1).xlsx
2025;11;Noviembre;PROCESAMIENTO DE ACEITES Y GRASAS;materia_prima;Crudo de Palmiste;148.000;148.000;;;Toneladas;2025 INGRESO Y UTILIZACION DE MATERIA PRIMA SEGÚN ACTIVIDAD PRODUCTIVA(1).xlsx
2025;11;Noviembre;PROCESAMIENTO DE ACEITES Y GRASAS;materia_prima;Crudo de Soya;14,972.600;14,633.040;;;Toneladas;2025 INGRESO Y UTILIZACION DE MATERIA PRIMA SEGÚN ACTIVIDAD PRODUCTIVA(1).xlsx
2025;11;Noviembre;PROCESAMIENTO DE ACEITES Y GRASAS;materia_prima;Crudo de algodón;60.000;60.000;;;Toneladas;2025 INGRESO Y UTILIZACION DE MATERIA PRIMA SEGÚN ACTIVIDAD PRODUCTIVA(1).xlsx
2025;11;Noviembre;PROCESAMIENTO DE ACEITES Y GRASAS;materia_prima;Fruto de palma;35,899.000;33,711.000;;;Toneladas;2025 INGRESO Y UTILIZACION DE MATERIA PRIMA SEGÚN ACTIVIDAD PRODUCTIVA(1).xlsx
2025;11;Noviembre;PROCESAMIENTO DE ACEITES Y GRASAS;materia_prima;Maiz Amarillo Duro;4,512.000;4,512.000;;;Toneladas;2025 INGRESO Y UTILIZACION DE MATERIA PRIMA SEGÚN ACTIVIDAD PRODUCTIVA(1).xlsx
2025;11;Noviembre;PROCESAMIENTO DE ACEITES Y GRASAS;materia_prima;Refinado de Soya;300.000;650.000;;;Toneladas;2025 INGRESO Y UTILIZACION DE MATERIA PRIMA SEGÚN ACTIVIDAD PRODUCTIVA(1).xlsx
2025;11;Noviembre;PROCESAMIENTO DE ACEITES Y GRASAS;materia_prima;refinado de Palma;0.000;0.000;;;Toneladas;2025 INGRESO Y UTILIZACION DE MATERIA PRIMA SEGÚN ACTIVIDAD PRODUCTIVA(1).xlsx
2025;11;Noviembre;PROCESAMIENTO DE ACEITES Y GRASAS;producto;Aceite Vegetal;;;26,179.957;26,520.059;Toneladas;2025 PRODUCCIÓN Y VENTA DE LA  ACTIVIDAD PRODUCTIVA.xlsx
2025;11;Noviembre;PROCESAMIENTO DE ACEITES Y GRASAS;producto;Manteca Vegetal;;;7,365.651;7,469.923;Toneladas;2025 PRODUCCIÓN Y VENTA DE LA  ACTIVIDAD PRODUCTIVA.xlsx
2025;11;Noviembre;PROCESAMIENTO DE ACEITES Y GRASAS;producto;Margarina;;;1,640.000;1,790.000;Toneladas;2025 PRODUCCIÓN Y VENTA DE LA  ACTIVIDAD PRODUCTIVA.xlsx
2025;11;Noviembre;PROCESAMIENTO DE ALIMENTOS BALANCEADOS;materia_prima;Carbonato de calcio;5,504.665;4,661.656;;;Toneladas;2025 INGRESO Y UTILIZACION DE MATERIA PRIMA SEGÚN ACTIVIDAD PRODUCTIVA(1).xlsx
2025;11;Noviembre;PROCESAMIENTO DE ALIMENTOS BALANCEADOS;materia_prima;Grasas de pescado;4,552.993;4,726.835;;;Toneladas;2025 INGRESO Y UTILIZACION DE MATERIA PRIMA SEGÚN ACTIVIDAD PRODUCTIVA(1).xlsx
2025;11;Noviembre;PROCESAMIENTO DE ALIMENTOS BALANCEADOS;materia_prima;Harina de Pescado;3,947.870;3,601.073;;;Toneladas;2025 INGRESO Y UTILIZACION DE MATERIA PRIMA SEGÚN ACTIVIDAD PRODUCTIVA(1).xlsx
2025;11;Noviembre;PROCESAMIENTO DE ALIMENTOS BALANCEADOS;materia_prima;Maiz amarillo Duro;207,695.590;216,765.243;;;Toneladas;2025 INGRESO Y UTILIZACION DE MATERIA PRIMA SEGÚN ACTIVIDAD PRODUCTIVA(1).xlsx
2025;11;Noviembre;PROCESAMIENTO DE ALIMENTOS BALANCEADOS;materia_prima;Melaza;139.270;125.394;;;Toneladas;2025 INGRESO Y UTILIZACION DE MATERIA PRIMA SEGÚN ACTIVIDAD PRODUCTIVA(1).xlsx
2025;11;Noviembre;PROCESAMIENTO DE ALIMENTOS BALANCEADOS;materia_prima;Otros;27,138.824;27,695.609;;;Toneladas;2025 INGRESO Y UTILIZACION DE MATERIA PRIMA SEGÚN ACTIVIDAD PRODUCTIVA(1).xlsx
2025;11;Noviembre;PROCESAMIENTO DE ALIMENTOS BALANCEADOS;materia_prima;Polvillo de arroz;6,329.886;4,352.244;;;Toneladas;2025 INGRESO Y UTILIZACION DE MATERIA PRIMA SEGÚN ACTIVIDAD PRODUCTIVA(1).xlsx
2025;11;Noviembre;PROCESAMIENTO DE ALIMENTOS BALANCEADOS;materia_prima;Soya en grano;2,220.710;3,422.050;;;Toneladas;2025 INGRESO Y UTILIZACION DE MATERIA PRIMA SEGÚN ACTIVIDAD PRODUCTIVA(1).xlsx
2025;11;Noviembre;PROCESAMIENTO DE ALIMENTOS BALANCEADOS;materia_prima;Sub producto de trigo;8,921.970;16,635.386;;;Toneladas;2025 INGRESO Y UTILIZACION DE MATERIA PRIMA SEGÚN ACTIVIDAD PRODUCTIVA(1).xlsx
2025;11;Noviembre;PROCESAMIENTO DE ALIMENTOS BALANCEADOS;materia_prima;Torta de algodón;57.000;102.000;;;Toneladas;2025 INGRESO Y UTILIZACION DE MATERIA PRIMA SEGÚN ACTIVIDAD PRODUCTIVA(1).xlsx
2025;11;Noviembre;PROCESAMIENTO DE ALIMENTOS BALANCEADOS;materia_prima;Torta de soya;96,607.171;93,161.414;;;Toneladas;2025 INGRESO Y UTILIZACION DE MATERIA PRIMA SEGÚN ACTIVIDAD PRODUCTIVA(1).xlsx
2025;11;Noviembre;PROCESAMIENTO DE ALIMENTOS BALANCEADOS;producto;Alimento balanceado para aves carne;;;234,321.411;233,132.870;Toneladas;2025 PRODUCCIÓN Y VENTA DE LA  ACTIVIDAD PRODUCTIVA.xlsx
2025;11;Noviembre;PROCESAMIENTO DE ALIMENTOS BALANCEADOS;producto;Alimento balanceado para aves postura/reproductora;;;75,188.710;75,754.085;Toneladas;2025 PRODUCCIÓN Y VENTA DE LA  ACTIVIDAD PRODUCTIVA.xlsx
2025;11;Noviembre;PROCESAMIENTO DE ALIMENTOS BALANCEADOS;producto;Alimento balanceado para pavos y patos;;;5,024.933;4,979.037;Toneladas;2025 PRODUCCIÓN Y VENTA DE LA  ACTIVIDAD PRODUCTIVA.xlsx
2025;11;Noviembre;PROCESAMIENTO DE ALIMENTOS BALANCEADOS;producto;Alimento balanceado para porcinos;;;27,975.841;28,495.560;Toneladas;2025 PRODUCCIÓN Y VENTA DE LA  ACTIVIDAD PRODUCTIVA.xlsx
2025;11;Noviembre;PROCESAMIENTO DE ALIMENTOS BALANCEADOS;producto;Alimento balanceado para vacunos;;;7,831.079;7,876.619;Toneladas;2025 PRODUCCIÓN Y VENTA DE LA  ACTIVIDAD PRODUCTIVA.xlsx
2025;11;Noviembre;PROCESAMIENTO DE ALIMENTOS BALANCEADOS;producto;Otros animales 1/;;;30,879.050;28,826.030;Toneladas;2025 PRODUCCIÓN Y VENTA DE LA  ACTIVIDAD PRODUCTIVA.xlsx
2025;11;Noviembre;PROCESAMIENTO DE AVENA;materia_prima;Avena;1,555.430;4,198.719;;;Toneladas;2025 INGRESO Y UTILIZACION DE MATERIA PRIMA SEGÚN ACTIVIDAD PRODUCTIVA(1).xlsx
2025;11;Noviembre;PROCESAMIENTO DE AVENA;materia_prima;Azúcar;1.272;1.050;;;Toneladas;2025 INGRESO Y UTILIZACION DE MATERIA PRIMA SEGÚN ACTIVIDAD PRODUCTIVA(1).xlsx
2025;11;Noviembre;PROCESAMIENTO DE AVENA;materia_prima;Cebada;0.150;0.300;;;Toneladas;2025 INGRESO Y UTILIZACION DE MATERIA PRIMA SEGÚN ACTIVIDAD PRODUCTIVA(1).xlsx
2025;11;Noviembre;PROCESAMIENTO DE AVENA;materia_prima;Kiwicha;36.478;22.350;;;Toneladas;2025 INGRESO Y UTILIZACION DE MATERIA PRIMA SEGÚN ACTIVIDAD PRODUCTIVA(1).xlsx
2025;11;Noviembre;PROCESAMIENTO DE AVENA;materia_prima;Leche en Polvo;0.951;0.989;;;Toneladas;2025 INGRESO Y UTILIZACION DE MATERIA PRIMA SEGÚN ACTIVIDAD PRODUCTIVA(1).xlsx
2025;11;Noviembre;PROCESAMIENTO DE AVENA;materia_prima;Maca;3.709;3.784;;;Toneladas;2025 INGRESO Y UTILIZACION DE MATERIA PRIMA SEGÚN ACTIVIDAD PRODUCTIVA(1).xlsx
2025;11;Noviembre;PROCESAMIENTO DE AVENA;materia_prima;Quinua;29.188;25.320;;;Toneladas;2025 INGRESO Y UTILIZACION DE MATERIA PRIMA SEGÚN ACTIVIDAD PRODUCTIVA(1).xlsx
2025;11;Noviembre;PROCESAMIENTO DE AVENA;materia_prima;Soya;0.907;1.277;;;Toneladas;2025 INGRESO Y UTILIZACION DE MATERIA PRIMA SEGÚN ACTIVIDAD PRODUCTIVA(1).xlsx
2025;11;Noviembre;PROCESAMIENTO DE AVENA;materia_prima;Trigo;0.310;0.346;;;Toneladas;2025 INGRESO Y UTILIZACION DE MATERIA PRIMA SEGÚN ACTIVIDAD PRODUCTIVA(1).xlsx
2025;11;Noviembre;PROCESAMIENTO DE AVENA;producto;Avena;;;3,517.900;3,074.870;Toneladas;2025 PRODUCCIÓN Y VENTA DE LA  ACTIVIDAD PRODUCTIVA.xlsx
2025;11;Noviembre;PROCESAMIENTO DE AVENA;producto;Enriquecido de cereales;;;626.446;696.450;Toneladas;2025 PRODUCCIÓN Y VENTA DE LA  ACTIVIDAD PRODUCTIVA.xlsx
2025;11;Noviembre;PROCESAMIENTO DE AZUCAR;materia_prima;Caña de Azúcar;1,091,340.616;1,091,340.616;;;Toneladas;2025 INGRESO Y UTILIZACION DE MATERIA PRIMA SEGÚN ACTIVIDAD PRODUCTIVA(1).xlsx
2025;11;Noviembre;PROCESAMIENTO DE AZUCAR;producto;Azúcar;;;121,163.824;121,163.824;Toneladas;2025 PRODUCCIÓN Y VENTA DE LA  ACTIVIDAD PRODUCTIVA.xlsx
2025;11;Noviembre;PROCESAMIENTO DE DERIVADOS LACTEOS;producto;Cremas;;;626.177;689.025;Toneladas;2025 PRODUCCIÓN Y VENTA DE LA  ACTIVIDAD PRODUCTIVA.xlsx
2025;11;Noviembre;PROCESAMIENTO DE DERIVADOS LACTEOS;producto;Manjar blanco;;;757.853;631.240;Toneladas;2025 PRODUCCIÓN Y VENTA DE LA  ACTIVIDAD PRODUCTIVA.xlsx
2025;11;Noviembre;PROCESAMIENTO DE DERIVADOS LACTEOS;producto;Mantequilla;;;544.038;528.631;Toneladas;2025 PRODUCCIÓN Y VENTA DE LA  ACTIVIDAD PRODUCTIVA.xlsx
2025;11;Noviembre;PROCESAMIENTO DE DERIVADOS LACTEOS;producto;Queso Mantecoso;;;25.010;25.010;Toneladas;2025 PRODUCCIÓN Y VENTA DE LA  ACTIVIDAD PRODUCTIVA.xlsx
2025;11;Noviembre;PROCESAMIENTO DE DERIVADOS LACTEOS;producto;Quesos Frescos;;;308.815;313.152;Toneladas;2025 PRODUCCIÓN Y VENTA DE LA  ACTIVIDAD PRODUCTIVA.xlsx
2025;11;Noviembre;PROCESAMIENTO DE DERIVADOS LACTEOS;producto;Quesos Madurados;;;1,137.459;962.532;Toneladas;2025 PRODUCCIÓN Y VENTA DE LA  ACTIVIDAD PRODUCTIVA.xlsx
2025;11;Noviembre;PROCESAMIENTO DE DERIVADOS LACTEOS;producto;Yogurt;;;12,896.742;12,515.858;Toneladas;2025 PRODUCCIÓN Y VENTA DE LA  ACTIVIDAD PRODUCTIVA.xlsx
2025;11;Noviembre;PROCESAMIENTO DE DERIVADOS LACTEOS, LECHES Y MEZCLAS LACTEAS;materia_prima;Grasa anhidra de leche (GAL);4.755;487.041;;;Toneladas;2025 INGRESO Y UTILIZACION DE MATERIA PRIMA SEGÚN ACTIVIDAD PRODUCTIVA(1).xlsx
2025;11;Noviembre;PROCESAMIENTO DE DERIVADOS LACTEOS, LECHES Y MEZCLAS LACTEAS;materia_prima;Leche en polvo descremada (LPD);688.910;1,638.054;;;Toneladas;2025 INGRESO Y UTILIZACION DE MATERIA PRIMA SEGÚN ACTIVIDAD PRODUCTIVA(1).xlsx
2025;11;Noviembre;PROCESAMIENTO DE DERIVADOS LACTEOS, LECHES Y MEZCLAS LACTEAS;materia_prima;Leche en polvo entera (LEP);2,157.143;3,073.882;;;Toneladas;2025 INGRESO Y UTILIZACION DE MATERIA PRIMA SEGÚN ACTIVIDAD PRODUCTIVA(1).xlsx
2025;11;Noviembre;PROCESAMIENTO DE DERIVADOS LACTEOS, LECHES Y MEZCLAS LACTEAS;materia_prima;Leche fresca;71,826.603;71,109.718;;;Toneladas;2025 INGRESO Y UTILIZACION DE MATERIA PRIMA SEGÚN ACTIVIDAD PRODUCTIVA(1).xlsx
2025;11;Noviembre;PROCESAMIENTO DE EMBUTIDOS Y CARNES PREPARADAS;materia_prima;Carne Industrial;916.201;970.444;;;Toneladas;2025 INGRESO Y UTILIZACION DE MATERIA PRIMA SEGÚN ACTIVIDAD PRODUCTIVA(1).xlsx
2025;11;Noviembre;PROCESAMIENTO DE EMBUTIDOS Y CARNES PREPARADAS;materia_prima;Carne de Cerdo;1,805.188;1,453.052;;;Toneladas;2025 INGRESO Y UTILIZACION DE MATERIA PRIMA SEGÚN ACTIVIDAD PRODUCTIVA(1).xlsx
2025;11;Noviembre;PROCESAMIENTO DE EMBUTIDOS Y CARNES PREPARADAS;materia_prima;Carne de ave;1,022.175;819.801;;;Toneladas;2025 INGRESO Y UTILIZACION DE MATERIA PRIMA SEGÚN ACTIVIDAD PRODUCTIVA(1).xlsx
2025;11;Noviembre;PROCESAMIENTO DE EMBUTIDOS Y CARNES PREPARADAS;materia_prima;Maizena;299.370;291.443;;;Toneladas;2025 INGRESO Y UTILIZACION DE MATERIA PRIMA SEGÚN ACTIVIDAD PRODUCTIVA(1).xlsx
2025;11;Noviembre;PROCESAMIENTO DE EMBUTIDOS Y CARNES PREPARADAS;materia_prima;Otros;142.962;126.402;;;Toneladas;2025 INGRESO Y UTILIZACION DE MATERIA PRIMA SEGÚN ACTIVIDAD PRODUCTIVA(1).xlsx
2025;11;Noviembre;PROCESAMIENTO DE EMBUTIDOS Y CARNES PREPARADAS;materia_prima;Sal;59.600;71.866;;;Toneladas;2025 INGRESO Y UTILIZACION DE MATERIA PRIMA SEGÚN ACTIVIDAD PRODUCTIVA(1).xlsx
2025;11;Noviembre;PROCESAMIENTO DE EMBUTIDOS Y CARNES PREPARADAS;producto;Ahumado;;;186.684;249.269;Toneladas;2025 PRODUCCIÓN Y VENTA DE LA  ACTIVIDAD PRODUCTIVA.xlsx
2025;11;Noviembre;PROCESAMIENTO DE EMBUTIDOS Y CARNES PREPARADAS;producto;Carne preparada-cocidos especiales;;;386.524;328.504;Toneladas;2025 PRODUCCIÓN Y VENTA DE LA  ACTIVIDAD PRODUCTIVA.xlsx
2025;11;Noviembre;PROCESAMIENTO DE EMBUTIDOS Y CARNES PREPARADAS;producto;Chicharrón de Prensa;;;90.136;112.500;Toneladas;2025 PRODUCCIÓN Y VENTA DE LA  ACTIVIDAD PRODUCTIVA.xlsx
2025;11;Noviembre;PROCESAMIENTO DE EMBUTIDOS Y CARNES PREPARADAS;producto;Chorizo;;;803.928;783.231;Toneladas;2025 PRODUCCIÓN Y VENTA DE LA  ACTIVIDAD PRODUCTIVA.xlsx
2025;11;Noviembre;PROCESAMIENTO DE EMBUTIDOS Y CARNES PREPARADAS;producto;Hamburguesa;;;736.348;723.846;Toneladas;2025 PRODUCCIÓN Y VENTA DE LA  ACTIVIDAD PRODUCTIVA.xlsx
2025;11;Noviembre;PROCESAMIENTO DE EMBUTIDOS Y CARNES PREPARADAS;producto;Hot Dog y/o Salchicha;;;2,538.960;2,598.420;Toneladas;2025 PRODUCCIÓN Y VENTA DE LA  ACTIVIDAD PRODUCTIVA.xlsx
2025;11;Noviembre;PROCESAMIENTO DE EMBUTIDOS Y CARNES PREPARADAS;producto;Jamonada;;;981.769;917.757;Toneladas;2025 PRODUCCIÓN Y VENTA DE LA  ACTIVIDAD PRODUCTIVA.xlsx
2025;11;Noviembre;PROCESAMIENTO DE EMBUTIDOS Y CARNES PREPARADAS;producto;Jamón;;;1,031.344;1,000.048;Toneladas;2025 PRODUCCIÓN Y VENTA DE LA  ACTIVIDAD PRODUCTIVA.xlsx
2025;11;Noviembre;PROCESAMIENTO DE EMBUTIDOS Y CARNES PREPARADAS;producto;Mortadela;;;98.957;95.968;Toneladas;2025 PRODUCCIÓN Y VENTA DE LA  ACTIVIDAD PRODUCTIVA.xlsx
2025;11;Noviembre;PROCESAMIENTO DE EMBUTIDOS Y CARNES PREPARADAS;producto;Otros;;;176.980;184.245;Toneladas;2025 PRODUCCIÓN Y VENTA DE LA  ACTIVIDAD PRODUCTIVA.xlsx
2025;11;Noviembre;PROCESAMIENTO DE EMBUTIDOS Y CARNES PREPARADAS;producto;Pastel;;;6.084;5.882;Toneladas;2025 PRODUCCIÓN Y VENTA DE LA  ACTIVIDAD PRODUCTIVA.xlsx
2025;11;Noviembre;PROCESAMIENTO DE EMBUTIDOS Y CARNES PREPARADAS;producto;Paté;;;43.133;41.095;Toneladas;2025 PRODUCCIÓN Y VENTA DE LA  ACTIVIDAD PRODUCTIVA.xlsx
2025;11;Noviembre;PROCESAMIENTO DE EMBUTIDOS Y CARNES PREPARADAS;producto;Queso de Chancho;;;8.100;8.000;Toneladas;2025 PRODUCCIÓN Y VENTA DE LA  ACTIVIDAD PRODUCTIVA.xlsx
2025;11;Noviembre;PROCESAMIENTO DE EMBUTIDOS Y CARNES PREPARADAS;producto;Salame;;;19.100;20.000;Toneladas;2025 PRODUCCIÓN Y VENTA DE LA  ACTIVIDAD PRODUCTIVA.xlsx
2025;11;Noviembre;PROCESAMIENTO DE FIDEO;materia_prima;Harina de Trigo;38,151.436;37,920.105;;;Toneladas;2025 INGRESO Y UTILIZACION DE MATERIA PRIMA SEGÚN ACTIVIDAD PRODUCTIVA(1).xlsx
2025;11;Noviembre;PROCESAMIENTO DE FIDEO;producto;Fideo corriente a granel;;;1,514.250;1,556.370;Toneladas;2025 PRODUCCIÓN Y VENTA DE LA  ACTIVIDAD PRODUCTIVA.xlsx
2025;11;Noviembre;PROCESAMIENTO DE FIDEO;producto;Fideo envasado;;;36,256.512;35,833.682;Toneladas;2025 PRODUCCIÓN Y VENTA DE LA  ACTIVIDAD PRODUCTIVA.xlsx
2025;11;Noviembre;PROCESAMIENTO DE HARINA DE TRIGO;materia_prima;Trigo entero;195,556.540;211,711.333;;;Toneladas;2025 INGRESO Y UTILIZACION DE MATERIA PRIMA SEGÚN ACTIVIDAD PRODUCTIVA(1).xlsx
2025;11;Noviembre;PROCESAMIENTO DE HARINA DE TRIGO;producto;Harina de Trigo;;;127,429.903;127,141.575;Toneladas;2025 PRODUCCIÓN Y VENTA DE LA  ACTIVIDAD PRODUCTIVA.xlsx
2025;11;Noviembre;PROCESAMIENTO DE HARINA DE TRIGO;producto;Sub producto de trigo;;;25,236.640;25,576.490;Toneladas;2025 PRODUCCIÓN Y VENTA DE LA  ACTIVIDAD PRODUCTIVA.xlsx
2025;11;Noviembre;PROCESAMIENTO DE HARINA DE TRIGO;producto;Sémola;;;538.000;552.000;Toneladas;2025 PRODUCCIÓN Y VENTA DE LA  ACTIVIDAD PRODUCTIVA.xlsx
2025;11;Noviembre;PROCESAMIENTO DE MALTA;materia_prima;Cebada;11,409.620;10,336.410;;;Toneladas;2025 INGRESO Y UTILIZACION DE MATERIA PRIMA SEGÚN ACTIVIDAD PRODUCTIVA(1).xlsx
2025;11;Noviembre;PROCESAMIENTO DE MALTA;producto;Malta de cebada;;;7,476.610;6,990.950;Toneladas;2025 PRODUCCIÓN Y VENTA DE LA  ACTIVIDAD PRODUCTIVA.xlsx
2025;11;Noviembre;PROCESAMIENTO DEL CACAO;materia_prima;Cacao Grano;8,361.900;8,040.780;;;Toneladas;2025 INGRESO Y UTILIZACION DE MATERIA PRIMA SEGÚN ACTIVIDAD PRODUCTIVA(1).xlsx
2025;11;Noviembre;PROCESAMIENTO DEL CACAO;materia_prima;Cocoa;32.560;0.000;;;Toneladas;2025 INGRESO Y UTILIZACION DE MATERIA PRIMA SEGÚN ACTIVIDAD PRODUCTIVA(1).xlsx
2025;11;Noviembre;PROCESAMIENTO DEL CACAO;materia_prima;Licor de Cacao;32.560;15.320;;;Toneladas;2025 INGRESO Y UTILIZACION DE MATERIA PRIMA SEGÚN ACTIVIDAD PRODUCTIVA(1).xlsx
2025;11;Noviembre;PROCESAMIENTO DEL CACAO;materia_prima;Manteca de Cacao;0.200;0.300;;;Toneladas;2025 INGRESO Y UTILIZACION DE MATERIA PRIMA SEGÚN ACTIVIDAD PRODUCTIVA(1).xlsx
2025;11;Noviembre;PROCESAMIENTO DEL CACAO;materia_prima;Torta de Cacao;1.370;0.300;;;Toneladas;2025 INGRESO Y UTILIZACION DE MATERIA PRIMA SEGÚN ACTIVIDAD PRODUCTIVA(1).xlsx
2025;11;Noviembre;PROCESAMIENTO DEL CACAO;producto;Cacao Grano;;;876.200;831.500;Toneladas;2025 PRODUCCIÓN Y VENTA DE LA  ACTIVIDAD PRODUCTIVA.xlsx
2025;11;Noviembre;PROCESAMIENTO DEL CACAO;producto;Chocolate y cobertura;;;427.900;730.770;Toneladas;2025 PRODUCCIÓN Y VENTA DE LA  ACTIVIDAD PRODUCTIVA.xlsx
2025;11;Noviembre;PROCESAMIENTO DEL CACAO;producto;Cocoa;;;633.000;604.000;Toneladas;2025 PRODUCCIÓN Y VENTA DE LA  ACTIVIDAD PRODUCTIVA.xlsx
2025;11;Noviembre;PROCESAMIENTO DEL CACAO;producto;Licor de cacao;;;1,350.090;1,342.180;Toneladas;2025 PRODUCCIÓN Y VENTA DE LA  ACTIVIDAD PRODUCTIVA.xlsx
2025;11;Noviembre;PROCESAMIENTO DEL CACAO;producto;Manteca de cacao;;;2,688.870;2,523.940;Toneladas;2025 PRODUCCIÓN Y VENTA DE LA  ACTIVIDAD PRODUCTIVA.xlsx
2025;11;Noviembre;PROCESAMIENTO DEL CACAO;producto;Polvo de Cacao;;;753.820;627.530;Toneladas;2025 PRODUCCIÓN Y VENTA DE LA  ACTIVIDAD PRODUCTIVA.xlsx
2025;11;Noviembre;PROCESAMIENTO DEL CACAO;producto;Torta de cacao;;;1,596.630;1,578.550;Toneladas;2025 PRODUCCIÓN Y VENTA DE LA  ACTIVIDAD PRODUCTIVA.xlsx
2025;11;Noviembre;PROCESAMIENTO DEL ESPARRAGO;materia_prima;Espárrago Fresco;8,858.784;8,530.066;;;Toneladas;2025 INGRESO Y UTILIZACION DE MATERIA PRIMA SEGÚN ACTIVIDAD PRODUCTIVA(1).xlsx
2025;11;Noviembre;PROCESAMIENTO DEL ESPARRAGO;producto;Congelado;;;171.589;268.051;Toneladas;2025 PRODUCCIÓN Y VENTA DE LA  ACTIVIDAD PRODUCTIVA.xlsx
2025;11;Noviembre;PROCESAMIENTO DEL ESPARRAGO;producto;Conserva;;;859.116;1,015.575;Toneladas;2025 PRODUCCIÓN Y VENTA DE LA  ACTIVIDAD PRODUCTIVA.xlsx
2025;11;Noviembre;PROCESAMIENTO DEL ESPARRAGO;producto;Fresco;;;6,139.958;5,935.324;Toneladas;2025 PRODUCCIÓN Y VENTA DE LA  ACTIVIDAD PRODUCTIVA.xlsx
2025;12;Diciembre;ACEITE ESENCIAL DE LIMÓN;materia_prima;Limón;160.000;160.000;;;Toneladas;2025 INGRESO Y UTILIZACION DE MATERIA PRIMA SEGÚN ACTIVIDAD PRODUCTIVA(1).xlsx
2025;12;Diciembre;ACEITE ESENCIAL DE LIMÓN;producto;Aceite Esencial de Limón;;;1.000;1.000;Toneladas;2025 PRODUCCIÓN Y VENTA DE LA  ACTIVIDAD PRODUCTIVA.xlsx
2025;12;Diciembre;ACEITE ESENCIAL DE LIMÓN;producto;Cáscara de Limón;;;12.000;12.000;Toneladas;2025 PRODUCCIÓN Y VENTA DE LA  ACTIVIDAD PRODUCTIVA.xlsx
2025;12;Diciembre;LECHES Y MEZCLAS LACTEAS;producto;Condensada;;;1,599.839;1,600.367;Toneladas;2025 PRODUCCIÓN Y VENTA DE LA  ACTIVIDAD PRODUCTIVA.xlsx
2025;12;Diciembre;LECHES Y MEZCLAS LACTEAS;producto;Evaporadas;;;35,778.729;38,287.746;Toneladas;2025 PRODUCCIÓN Y VENTA DE LA  ACTIVIDAD PRODUCTIVA.xlsx
2025;12;Diciembre;LECHES Y MEZCLAS LACTEAS;producto;Leche evaporada*;;;2,657.598;4,311.032;Toneladas;2025 PRODUCCIÓN Y VENTA DE LA  ACTIVIDAD PRODUCTIVA.xlsx
2025;12;Diciembre;LECHES Y MEZCLAS LACTEAS;producto;Mezclas lácteas*;;;33,121.131;33,976.714;Toneladas;2025 PRODUCCIÓN Y VENTA DE LA  ACTIVIDAD PRODUCTIVA.xlsx
2025;12;Diciembre;LECHES Y MEZCLAS LACTEAS;producto;Pasteurizada;;;15,844.261;16,470.455;Toneladas;2025 PRODUCCIÓN Y VENTA DE LA  ACTIVIDAD PRODUCTIVA.xlsx
2025;12;Diciembre;PROCESAMIENTO DE ACEITES Y GRASAS;materia_prima;Crudo de Girasol;3,501.110;2,691.623;;;Toneladas;2025 INGRESO Y UTILIZACION DE MATERIA PRIMA SEGÚN ACTIVIDAD PRODUCTIVA(1).xlsx
2025;12;Diciembre;PROCESAMIENTO DE ACEITES Y GRASAS;materia_prima;Crudo de Palma;26,446.360;22,430.239;;;Toneladas;2025 INGRESO Y UTILIZACION DE MATERIA PRIMA SEGÚN ACTIVIDAD PRODUCTIVA(1).xlsx
2025;12;Diciembre;PROCESAMIENTO DE ACEITES Y GRASAS;materia_prima;Crudo de Palmiste;65.540;50.789;;;Toneladas;2025 INGRESO Y UTILIZACION DE MATERIA PRIMA SEGÚN ACTIVIDAD PRODUCTIVA(1).xlsx
2025;12;Diciembre;PROCESAMIENTO DE ACEITES Y GRASAS;materia_prima;Crudo de Soya;17,261.580;18,981.358;;;Toneladas;2025 INGRESO Y UTILIZACION DE MATERIA PRIMA SEGÚN ACTIVIDAD PRODUCTIVA(1).xlsx
2025;12;Diciembre;PROCESAMIENTO DE ACEITES Y GRASAS;materia_prima;Crudo de algodón;30.000;30.000;;;Toneladas;2025 INGRESO Y UTILIZACION DE MATERIA PRIMA SEGÚN ACTIVIDAD PRODUCTIVA(1).xlsx
2025;12;Diciembre;PROCESAMIENTO DE ACEITES Y GRASAS;materia_prima;Fruto de palma;26,289.000;26,736.000;;;Toneladas;2025 INGRESO Y UTILIZACION DE MATERIA PRIMA SEGÚN ACTIVIDAD PRODUCTIVA(1).xlsx
2025;12;Diciembre;PROCESAMIENTO DE ACEITES Y GRASAS;materia_prima;Maiz Amarillo Duro;0.000;0.000;;;Toneladas;2025 INGRESO Y UTILIZACION DE MATERIA PRIMA SEGÚN ACTIVIDAD PRODUCTIVA(1).xlsx
2025;12;Diciembre;PROCESAMIENTO DE ACEITES Y GRASAS;materia_prima;Refinado de Soya;700.000;600.000;;;Toneladas;2025 INGRESO Y UTILIZACION DE MATERIA PRIMA SEGÚN ACTIVIDAD PRODUCTIVA(1).xlsx
2025;12;Diciembre;PROCESAMIENTO DE ACEITES Y GRASAS;materia_prima;refinado de Palma;0.000;0.000;;;Toneladas;2025 INGRESO Y UTILIZACION DE MATERIA PRIMA SEGÚN ACTIVIDAD PRODUCTIVA(1).xlsx
2025;12;Diciembre;PROCESAMIENTO DE ACEITES Y GRASAS;producto;Aceite Vegetal;;;22,806.325;23,336.559;Toneladas;2025 PRODUCCIÓN Y VENTA DE LA  ACTIVIDAD PRODUCTIVA.xlsx
2025;12;Diciembre;PROCESAMIENTO DE ACEITES Y GRASAS;producto;Manteca Vegetal;;;4,082.489;4,843.640;Toneladas;2025 PRODUCCIÓN Y VENTA DE LA  ACTIVIDAD PRODUCTIVA.xlsx
2025;12;Diciembre;PROCESAMIENTO DE ACEITES Y GRASAS;producto;Margarina;;;1,755.413;1,964.074;Toneladas;2025 PRODUCCIÓN Y VENTA DE LA  ACTIVIDAD PRODUCTIVA.xlsx
2025;12;Diciembre;PROCESAMIENTO DE ALIMENTOS BALANCEADOS;materia_prima;Carbonato de calcio;5,972.770;5,383.092;;;Toneladas;2025 INGRESO Y UTILIZACION DE MATERIA PRIMA SEGÚN ACTIVIDAD PRODUCTIVA(1).xlsx
2025;12;Diciembre;PROCESAMIENTO DE ALIMENTOS BALANCEADOS;materia_prima;Grasas de pescado;5,936.189;5,475.614;;;Toneladas;2025 INGRESO Y UTILIZACION DE MATERIA PRIMA SEGÚN ACTIVIDAD PRODUCTIVA(1).xlsx
2025;12;Diciembre;PROCESAMIENTO DE ALIMENTOS BALANCEADOS;materia_prima;Harina de Pescado;4,920.371;4,574.584;;;Toneladas;2025 INGRESO Y UTILIZACION DE MATERIA PRIMA SEGÚN ACTIVIDAD PRODUCTIVA(1).xlsx
2025;12;Diciembre;PROCESAMIENTO DE ALIMENTOS BALANCEADOS;materia_prima;Maiz amarillo Duro;241,677.398;240,513.122;;;Toneladas;2025 INGRESO Y UTILIZACION DE MATERIA PRIMA SEGÚN ACTIVIDAD PRODUCTIVA(1).xlsx
2025;12;Diciembre;PROCESAMIENTO DE ALIMENTOS BALANCEADOS;materia_prima;Melaza;134.140;165.611;;;Toneladas;2025 INGRESO Y UTILIZACION DE MATERIA PRIMA SEGÚN ACTIVIDAD PRODUCTIVA(1).xlsx
2025;12;Diciembre;PROCESAMIENTO DE ALIMENTOS BALANCEADOS;materia_prima;Otros;26,464.353;26,583.292;;;Toneladas;2025 INGRESO Y UTILIZACION DE MATERIA PRIMA SEGÚN ACTIVIDAD PRODUCTIVA(1).xlsx
2025;12;Diciembre;PROCESAMIENTO DE ALIMENTOS BALANCEADOS;materia_prima;Polvillo de arroz;6,290.856;5,589.274;;;Toneladas;2025 INGRESO Y UTILIZACION DE MATERIA PRIMA SEGÚN ACTIVIDAD PRODUCTIVA(1).xlsx
2025;12;Diciembre;PROCESAMIENTO DE ALIMENTOS BALANCEADOS;materia_prima;Soya en grano;1,180.780;3,361.816;;;Toneladas;2025 INGRESO Y UTILIZACION DE MATERIA PRIMA SEGÚN ACTIVIDAD PRODUCTIVA(1).xlsx
2025;12;Diciembre;PROCESAMIENTO DE ALIMENTOS BALANCEADOS;materia_prima;Sub producto de trigo;9,971.034;11,427.229;;;Toneladas;2025 INGRESO Y UTILIZACION DE MATERIA PRIMA SEGÚN ACTIVIDAD PRODUCTIVA(1).xlsx
2025;12;Diciembre;PROCESAMIENTO DE ALIMENTOS BALANCEADOS;materia_prima;Torta de algodón;70.000;108.000;;;Toneladas;2025 INGRESO Y UTILIZACION DE MATERIA PRIMA SEGÚN ACTIVIDAD PRODUCTIVA(1).xlsx
2025;12;Diciembre;PROCESAMIENTO DE ALIMENTOS BALANCEADOS;materia_prima;Torta de soya;105,696.138;105,249.461;;;Toneladas;2025 INGRESO Y UTILIZACION DE MATERIA PRIMA SEGÚN ACTIVIDAD PRODUCTIVA(1).xlsx
2025;12;Diciembre;PROCESAMIENTO DE ALIMENTOS BALANCEADOS;producto;Alimento balanceado para aves carne;;;258,758.605;252,853.004;Toneladas;2025 PRODUCCIÓN Y VENTA DE LA  ACTIVIDAD PRODUCTIVA.xlsx
2025;12;Diciembre;PROCESAMIENTO DE ALIMENTOS BALANCEADOS;producto;Alimento balanceado para aves postura/reproductora;;;76,901.573;77,186.427;Toneladas;2025 PRODUCCIÓN Y VENTA DE LA  ACTIVIDAD PRODUCTIVA.xlsx
2025;12;Diciembre;PROCESAMIENTO DE ALIMENTOS BALANCEADOS;producto;Alimento balanceado para pavos y patos;;;4,109.551;4,109.840;Toneladas;2025 PRODUCCIÓN Y VENTA DE LA  ACTIVIDAD PRODUCTIVA.xlsx
2025;12;Diciembre;PROCESAMIENTO DE ALIMENTOS BALANCEADOS;producto;Alimento balanceado para porcinos;;;28,213.924;28,425.421;Toneladas;2025 PRODUCCIÓN Y VENTA DE LA  ACTIVIDAD PRODUCTIVA.xlsx
2025;12;Diciembre;PROCESAMIENTO DE ALIMENTOS BALANCEADOS;producto;Alimento balanceado para vacunos;;;7,767.669;7,635.359;Toneladas;2025 PRODUCCIÓN Y VENTA DE LA  ACTIVIDAD PRODUCTIVA.xlsx
2025;12;Diciembre;PROCESAMIENTO DE ALIMENTOS BALANCEADOS;producto;Otros animales 1/;;;30,641.110;34,525.134;Toneladas;2025 PRODUCCIÓN Y VENTA DE LA  ACTIVIDAD PRODUCTIVA.xlsx
2025;12;Diciembre;PROCESAMIENTO DE AVENA;materia_prima;Avena;1,287.720;3,139.058;;;Toneladas;2025 INGRESO Y UTILIZACION DE MATERIA PRIMA SEGÚN ACTIVIDAD PRODUCTIVA(1).xlsx
2025;12;Diciembre;PROCESAMIENTO DE AVENA;materia_prima;Azúcar;0.830;0.840;;;Toneladas;2025 INGRESO Y UTILIZACION DE MATERIA PRIMA SEGÚN ACTIVIDAD PRODUCTIVA(1).xlsx
2025;12;Diciembre;PROCESAMIENTO DE AVENA;materia_prima;Cebada;0.130;0.214;;;Toneladas;2025 INGRESO Y UTILIZACION DE MATERIA PRIMA SEGÚN ACTIVIDAD PRODUCTIVA(1).xlsx
2025;12;Diciembre;PROCESAMIENTO DE AVENA;materia_prima;Kiwicha;58.824;24.822;;;Toneladas;2025 INGRESO Y UTILIZACION DE MATERIA PRIMA SEGÚN ACTIVIDAD PRODUCTIVA(1).xlsx
2025;12;Diciembre;PROCESAMIENTO DE AVENA;materia_prima;Leche en Polvo;5.330;4.440;;;Toneladas;2025 INGRESO Y UTILIZACION DE MATERIA PRIMA SEGÚN ACTIVIDAD PRODUCTIVA(1).xlsx
2025;12;Diciembre;PROCESAMIENTO DE AVENA;materia_prima;Maca;2.360;2.698;;;Toneladas;2025 INGRESO Y UTILIZACION DE MATERIA PRIMA SEGÚN ACTIVIDAD PRODUCTIVA(1).xlsx
2025;12;Diciembre;PROCESAMIENTO DE AVENA;materia_prima;Quinua;16.764;11.952;;;Toneladas;2025 INGRESO Y UTILIZACION DE MATERIA PRIMA SEGÚN ACTIVIDAD PRODUCTIVA(1).xlsx
2025;12;Diciembre;PROCESAMIENTO DE AVENA;materia_prima;Soya;2.153;0.851;;;Toneladas;2025 INGRESO Y UTILIZACION DE MATERIA PRIMA SEGÚN ACTIVIDAD PRODUCTIVA(1).xlsx
2025;12;Diciembre;PROCESAMIENTO DE AVENA;materia_prima;Trigo;0.533;0.380;;;Toneladas;2025 INGRESO Y UTILIZACION DE MATERIA PRIMA SEGÚN ACTIVIDAD PRODUCTIVA(1).xlsx
2025;12;Diciembre;PROCESAMIENTO DE AVENA;producto;Avena;;;2,865.649;3,009.613;Toneladas;2025 PRODUCCIÓN Y VENTA DE LA  ACTIVIDAD PRODUCTIVA.xlsx
2025;12;Diciembre;PROCESAMIENTO DE AVENA;producto;Enriquecido de cereales;;;483.558;453.875;Toneladas;2025 PRODUCCIÓN Y VENTA DE LA  ACTIVIDAD PRODUCTIVA.xlsx
2025;12;Diciembre;PROCESAMIENTO DE AZUCAR;materia_prima;Caña de Azúcar;1,045,208.430;1,045,208.430;;;Toneladas;2025 INGRESO Y UTILIZACION DE MATERIA PRIMA SEGÚN ACTIVIDAD PRODUCTIVA(1).xlsx
2025;12;Diciembre;PROCESAMIENTO DE AZUCAR;producto;Azúcar;;;111,539.550;111,539.550;Toneladas;2025 PRODUCCIÓN Y VENTA DE LA  ACTIVIDAD PRODUCTIVA.xlsx
2025;12;Diciembre;PROCESAMIENTO DE DERIVADOS LACTEOS;producto;Cremas;;;852.867;862.516;Toneladas;2025 PRODUCCIÓN Y VENTA DE LA  ACTIVIDAD PRODUCTIVA.xlsx
2025;12;Diciembre;PROCESAMIENTO DE DERIVADOS LACTEOS;producto;Manjar blanco;;;426.506;622.930;Toneladas;2025 PRODUCCIÓN Y VENTA DE LA  ACTIVIDAD PRODUCTIVA.xlsx
2025;12;Diciembre;PROCESAMIENTO DE DERIVADOS LACTEOS;producto;Mantequilla;;;559.978;628.838;Toneladas;2025 PRODUCCIÓN Y VENTA DE LA  ACTIVIDAD PRODUCTIVA.xlsx
2025;12;Diciembre;PROCESAMIENTO DE DERIVADOS LACTEOS;producto;Queso Mantecoso;;;29.657;29.657;Toneladas;2025 PRODUCCIÓN Y VENTA DE LA  ACTIVIDAD PRODUCTIVA.xlsx
2025;12;Diciembre;PROCESAMIENTO DE DERIVADOS LACTEOS;producto;Quesos Frescos;;;365.864;367.470;Toneladas;2025 PRODUCCIÓN Y VENTA DE LA  ACTIVIDAD PRODUCTIVA.xlsx
2025;12;Diciembre;PROCESAMIENTO DE DERIVADOS LACTEOS;producto;Quesos Madurados;;;1,137.459;1,150.144;Toneladas;2025 PRODUCCIÓN Y VENTA DE LA  ACTIVIDAD PRODUCTIVA.xlsx
2025;12;Diciembre;PROCESAMIENTO DE DERIVADOS LACTEOS;producto;Yogurt;;;12,438.565;12,535.687;Toneladas;2025 PRODUCCIÓN Y VENTA DE LA  ACTIVIDAD PRODUCTIVA.xlsx
2025;12;Diciembre;PROCESAMIENTO DE DERIVADOS LACTEOS, LECHES Y MEZCLAS LACTEAS;materia_prima;Grasa anhidra de leche (GAL);218.400;417.112;;;Toneladas;2025 INGRESO Y UTILIZACION DE MATERIA PRIMA SEGÚN ACTIVIDAD PRODUCTIVA(1).xlsx
2025;12;Diciembre;PROCESAMIENTO DE DERIVADOS LACTEOS, LECHES Y MEZCLAS LACTEAS;materia_prima;Leche en polvo descremada (LPD);2,917.534;1,672.561;;;Toneladas;2025 INGRESO Y UTILIZACION DE MATERIA PRIMA SEGÚN ACTIVIDAD PRODUCTIVA(1).xlsx
2025;12;Diciembre;PROCESAMIENTO DE DERIVADOS LACTEOS, LECHES Y MEZCLAS LACTEAS;materia_prima;Leche en polvo entera (LEP);3,676.218;3,097.053;;;Toneladas;2025 INGRESO Y UTILIZACION DE MATERIA PRIMA SEGÚN ACTIVIDAD PRODUCTIVA(1).xlsx
2025;12;Diciembre;PROCESAMIENTO DE DERIVADOS LACTEOS, LECHES Y MEZCLAS LACTEAS;materia_prima;Leche fresca;74,902.908;74,369.896;;;Toneladas;2025 INGRESO Y UTILIZACION DE MATERIA PRIMA SEGÚN ACTIVIDAD PRODUCTIVA(1).xlsx
2025;12;Diciembre;PROCESAMIENTO DE EMBUTIDOS Y CARNES PREPARADAS;materia_prima;Carne Industrial;919.085;959.027;;;Toneladas;2025 INGRESO Y UTILIZACION DE MATERIA PRIMA SEGÚN ACTIVIDAD PRODUCTIVA(1).xlsx
2025;12;Diciembre;PROCESAMIENTO DE EMBUTIDOS Y CARNES PREPARADAS;materia_prima;Carne de Cerdo;1,919.939;1,898.675;;;Toneladas;2025 INGRESO Y UTILIZACION DE MATERIA PRIMA SEGÚN ACTIVIDAD PRODUCTIVA(1).xlsx
2025;12;Diciembre;PROCESAMIENTO DE EMBUTIDOS Y CARNES PREPARADAS;materia_prima;Carne de ave;998.835;947.297;;;Toneladas;2025 INGRESO Y UTILIZACION DE MATERIA PRIMA SEGÚN ACTIVIDAD PRODUCTIVA(1).xlsx
2025;12;Diciembre;PROCESAMIENTO DE EMBUTIDOS Y CARNES PREPARADAS;materia_prima;Maizena;265.889;278.826;;;Toneladas;2025 INGRESO Y UTILIZACION DE MATERIA PRIMA SEGÚN ACTIVIDAD PRODUCTIVA(1).xlsx
2025;12;Diciembre;PROCESAMIENTO DE EMBUTIDOS Y CARNES PREPARADAS;materia_prima;Otros;132.181;130.376;;;Toneladas;2025 INGRESO Y UTILIZACION DE MATERIA PRIMA SEGÚN ACTIVIDAD PRODUCTIVA(1).xlsx
2025;12;Diciembre;PROCESAMIENTO DE EMBUTIDOS Y CARNES PREPARADAS;materia_prima;Sal;80.901;73.461;;;Toneladas;2025 INGRESO Y UTILIZACION DE MATERIA PRIMA SEGÚN ACTIVIDAD PRODUCTIVA(1).xlsx
2025;12;Diciembre;PROCESAMIENTO DE EMBUTIDOS Y CARNES PREPARADAS;producto;Ahumado;;;211.530;338.059;Toneladas;2025 PRODUCCIÓN Y VENTA DE LA  ACTIVIDAD PRODUCTIVA.xlsx
2025;12;Diciembre;PROCESAMIENTO DE EMBUTIDOS Y CARNES PREPARADAS;producto;Carne preparada-cocidos especiales;;;425.161;440.132;Toneladas;2025 PRODUCCIÓN Y VENTA DE LA  ACTIVIDAD PRODUCTIVA.xlsx
2025;12;Diciembre;PROCESAMIENTO DE EMBUTIDOS Y CARNES PREPARADAS;producto;Chicharrón de Prensa;;;135.989;99.071;Toneladas;2025 PRODUCCIÓN Y VENTA DE LA  ACTIVIDAD PRODUCTIVA.xlsx
2025;12;Diciembre;PROCESAMIENTO DE EMBUTIDOS Y CARNES PREPARADAS;producto;Chorizo;;;937.449;897.260;Toneladas;2025 PRODUCCIÓN Y VENTA DE LA  ACTIVIDAD PRODUCTIVA.xlsx
2025;12;Diciembre;PROCESAMIENTO DE EMBUTIDOS Y CARNES PREPARADAS;producto;Hamburguesa;;;720.283;731.109;Toneladas;2025 PRODUCCIÓN Y VENTA DE LA  ACTIVIDAD PRODUCTIVA.xlsx
2025;12;Diciembre;PROCESAMIENTO DE EMBUTIDOS Y CARNES PREPARADAS;producto;Hot Dog y/o Salchicha;;;2,706.178;2,662.664;Toneladas;2025 PRODUCCIÓN Y VENTA DE LA  ACTIVIDAD PRODUCTIVA.xlsx
2025;12;Diciembre;PROCESAMIENTO DE EMBUTIDOS Y CARNES PREPARADAS;producto;Jamonada;;;1,071.338;899.617;Toneladas;2025 PRODUCCIÓN Y VENTA DE LA  ACTIVIDAD PRODUCTIVA.xlsx
2025;12;Diciembre;PROCESAMIENTO DE EMBUTIDOS Y CARNES PREPARADAS;producto;Jamón;;;968.818;1,016.430;Toneladas;2025 PRODUCCIÓN Y VENTA DE LA  ACTIVIDAD PRODUCTIVA.xlsx
2025;12;Diciembre;PROCESAMIENTO DE EMBUTIDOS Y CARNES PREPARADAS;producto;Mortadela;;;100.796;113.246;Toneladas;2025 PRODUCCIÓN Y VENTA DE LA  ACTIVIDAD PRODUCTIVA.xlsx
2025;12;Diciembre;PROCESAMIENTO DE EMBUTIDOS Y CARNES PREPARADAS;producto;Otros;;;181.587;173.468;Toneladas;2025 PRODUCCIÓN Y VENTA DE LA  ACTIVIDAD PRODUCTIVA.xlsx
2025;12;Diciembre;PROCESAMIENTO DE EMBUTIDOS Y CARNES PREPARADAS;producto;Pastel;;;5.900;5.500;Toneladas;2025 PRODUCCIÓN Y VENTA DE LA  ACTIVIDAD PRODUCTIVA.xlsx
2025;12;Diciembre;PROCESAMIENTO DE EMBUTIDOS Y CARNES PREPARADAS;producto;Paté;;;46.927;47.182;Toneladas;2025 PRODUCCIÓN Y VENTA DE LA  ACTIVIDAD PRODUCTIVA.xlsx
2025;12;Diciembre;PROCESAMIENTO DE EMBUTIDOS Y CARNES PREPARADAS;producto;Queso de Chancho;;;8.400;8.300;Toneladas;2025 PRODUCCIÓN Y VENTA DE LA  ACTIVIDAD PRODUCTIVA.xlsx
2025;12;Diciembre;PROCESAMIENTO DE EMBUTIDOS Y CARNES PREPARADAS;producto;Salame;;;19.300;20.200;Toneladas;2025 PRODUCCIÓN Y VENTA DE LA  ACTIVIDAD PRODUCTIVA.xlsx
2025;12;Diciembre;PROCESAMIENTO DE FIDEO;materia_prima;Harina de Trigo;36,274.682;36,287.831;;;Toneladas;2025 INGRESO Y UTILIZACION DE MATERIA PRIMA SEGÚN ACTIVIDAD PRODUCTIVA(1).xlsx
2025;12;Diciembre;PROCESAMIENTO DE FIDEO;producto;Fideo corriente a granel;;;1,517.890;1,399.730;Toneladas;2025 PRODUCCIÓN Y VENTA DE LA  ACTIVIDAD PRODUCTIVA.xlsx
2025;12;Diciembre;PROCESAMIENTO DE FIDEO;producto;Fideo envasado;;;33,215.901;36,049.529;Toneladas;2025 PRODUCCIÓN Y VENTA DE LA  ACTIVIDAD PRODUCTIVA.xlsx
2025;12;Diciembre;PROCESAMIENTO DE HARINA DE TRIGO;materia_prima;Trigo entero;209,315.103;207,004.317;;;Toneladas;2025 INGRESO Y UTILIZACION DE MATERIA PRIMA SEGÚN ACTIVIDAD PRODUCTIVA(1).xlsx
2025;12;Diciembre;PROCESAMIENTO DE HARINA DE TRIGO;producto;Harina de Trigo;;;116,173.777;120,679.658;Toneladas;2025 PRODUCCIÓN Y VENTA DE LA  ACTIVIDAD PRODUCTIVA.xlsx
2025;12;Diciembre;PROCESAMIENTO DE HARINA DE TRIGO;producto;Sub producto de trigo;;;24,033.851;25,754.902;Toneladas;2025 PRODUCCIÓN Y VENTA DE LA  ACTIVIDAD PRODUCTIVA.xlsx
2025;12;Diciembre;PROCESAMIENTO DE HARINA DE TRIGO;producto;Sémola;;;459.232;458.258;Toneladas;2025 PRODUCCIÓN Y VENTA DE LA  ACTIVIDAD PRODUCTIVA.xlsx
2025;12;Diciembre;PROCESAMIENTO DE MALTA;materia_prima;Cebada;9,975.740;9,651.670;;;Toneladas;2025 INGRESO Y UTILIZACION DE MATERIA PRIMA SEGÚN ACTIVIDAD PRODUCTIVA(1).xlsx
2025;12;Diciembre;PROCESAMIENTO DE MALTA;producto;Malta de cebada;;;7,750.562;7,328.389;Toneladas;2025 PRODUCCIÓN Y VENTA DE LA  ACTIVIDAD PRODUCTIVA.xlsx
2025;12;Diciembre;PROCESAMIENTO DEL CACAO;materia_prima;Cacao Grano;6,008.230;5,962.261;;;Toneladas;2025 INGRESO Y UTILIZACION DE MATERIA PRIMA SEGÚN ACTIVIDAD PRODUCTIVA(1).xlsx
2025;12;Diciembre;PROCESAMIENTO DEL CACAO;materia_prima;Cocoa;56.940;49.560;;;Toneladas;2025 INGRESO Y UTILIZACION DE MATERIA PRIMA SEGÚN ACTIVIDAD PRODUCTIVA(1).xlsx
2025;12;Diciembre;PROCESAMIENTO DEL CACAO;materia_prima;Licor de Cacao;49.580;36.480;;;Toneladas;2025 INGRESO Y UTILIZACION DE MATERIA PRIMA SEGÚN ACTIVIDAD PRODUCTIVA(1).xlsx
2025;12;Diciembre;PROCESAMIENTO DEL CACAO;materia_prima;Manteca de Cacao;2.080;1.230;;;Toneladas;2025 INGRESO Y UTILIZACION DE MATERIA PRIMA SEGÚN ACTIVIDAD PRODUCTIVA(1).xlsx
2025;12;Diciembre;PROCESAMIENTO DEL CACAO;materia_prima;Torta de Cacao;3.260;2.210;;;Toneladas;2025 INGRESO Y UTILIZACION DE MATERIA PRIMA SEGÚN ACTIVIDAD PRODUCTIVA(1).xlsx
2025;12;Diciembre;PROCESAMIENTO DEL CACAO;producto;Cacao Grano;;;312.710;283.220;Toneladas;2025 PRODUCCIÓN Y VENTA DE LA  ACTIVIDAD PRODUCTIVA.xlsx
2025;12;Diciembre;PROCESAMIENTO DEL CACAO;producto;Chocolate y cobertura;;;525.370;731.130;Toneladas;2025 PRODUCCIÓN Y VENTA DE LA  ACTIVIDAD PRODUCTIVA.xlsx
2025;12;Diciembre;PROCESAMIENTO DEL CACAO;producto;Cocoa;;;642.000;796.000;Toneladas;2025 PRODUCCIÓN Y VENTA DE LA  ACTIVIDAD PRODUCTIVA.xlsx
2025;12;Diciembre;PROCESAMIENTO DEL CACAO;producto;Licor de cacao;;;886.580;991.290;Toneladas;2025 PRODUCCIÓN Y VENTA DE LA  ACTIVIDAD PRODUCTIVA.xlsx
2025;12;Diciembre;PROCESAMIENTO DEL CACAO;producto;Manteca de cacao;;;2,003.090;2,061.680;Toneladas;2025 PRODUCCIÓN Y VENTA DE LA  ACTIVIDAD PRODUCTIVA.xlsx
2025;12;Diciembre;PROCESAMIENTO DEL CACAO;producto;Polvo de Cacao;;;1,440.220;1,285.240;Toneladas;2025 PRODUCCIÓN Y VENTA DE LA  ACTIVIDAD PRODUCTIVA.xlsx
2025;12;Diciembre;PROCESAMIENTO DEL CACAO;producto;Torta de cacao;;;1,832.530;1,157.770;Toneladas;2025 PRODUCCIÓN Y VENTA DE LA  ACTIVIDAD PRODUCTIVA.xlsx
2025;12;Diciembre;PROCESAMIENTO DEL ESPARRAGO;materia_prima;Espárrago Fresco;5,763.833;5,671.550;;;Toneladas;2025 INGRESO Y UTILIZACION DE MATERIA PRIMA SEGÚN ACTIVIDAD PRODUCTIVA(1).xlsx
2025;12;Diciembre;PROCESAMIENTO DEL ESPARRAGO;producto;Congelado;;;559.820;369.400;Toneladas;2025 PRODUCCIÓN Y VENTA DE LA  ACTIVIDAD PRODUCTIVA.xlsx
2025;12;Diciembre;PROCESAMIENTO DEL ESPARRAGO;producto;Conserva;;;790.396;1,191.555;Toneladas;2025 PRODUCCIÓN Y VENTA DE LA  ACTIVIDAD PRODUCTIVA.xlsx
2025;12;Diciembre;PROCESAMIENTO DEL ESPARRAGO;producto;Fresco;;;3,535.997;3,516.945;Toneladas;2025 PRODUCCIÓN Y VENTA DE LA  ACTIVIDAD PRODUCTIVA.xlsx
2026;1;Enero;ACEITE ESENCIAL DE LIMÓN;materia_prima;Limón;2,721.190;2,721.190;;;Toneladas;2026 INGRESO Y UTILIZACION DE MATERIA PRIMA SEGÚN ACTIVIDAD PRODUCTIVA(1).xlsx
2026;1;Enero;ACEITE ESENCIAL DE LIMÓN;producto;Aceite Esencial de Limón;;;10.513;2.000;Toneladas;2026 PRODUCCIÓN Y VENTA DE LA  ACTIVIDAD PRODUCTIVA(1).xlsx
2026;1;Enero;ACEITE ESENCIAL DE LIMÓN;producto;Cáscara de Limón;;;91.700;113.040;Toneladas;2026 PRODUCCIÓN Y VENTA DE LA  ACTIVIDAD PRODUCTIVA(1).xlsx
2026;1;Enero;LECHES Y MEZCLAS LACTEAS;producto;Condensada;;;1,630.275;1,403.475;Toneladas;2026 PRODUCCIÓN Y VENTA DE LA  ACTIVIDAD PRODUCTIVA(1).xlsx
2026;1;Enero;LECHES Y MEZCLAS LACTEAS;producto;Evaporadas;;;32,397.333;27,728.997;Toneladas;2026 PRODUCCIÓN Y VENTA DE LA  ACTIVIDAD PRODUCTIVA(1).xlsx
2026;1;Enero;LECHES Y MEZCLAS LACTEAS;producto;Leche evaporada*;;;4,128.558;2,968.490;Toneladas;2026 PRODUCCIÓN Y VENTA DE LA  ACTIVIDAD PRODUCTIVA(1).xlsx
2026;1;Enero;LECHES Y MEZCLAS LACTEAS;producto;Mezclas lácteas*;;;28,268.774;24,760.507;Toneladas;2026 PRODUCCIÓN Y VENTA DE LA  ACTIVIDAD PRODUCTIVA(1).xlsx
2026;1;Enero;LECHES Y MEZCLAS LACTEAS;producto;Pasteurizada;;;15,654.504;14,569.218;Toneladas;2026 PRODUCCIÓN Y VENTA DE LA  ACTIVIDAD PRODUCTIVA(1).xlsx
2026;1;Enero;PROCESAMIENTO DE ACEITES Y GRASAS;materia_prima;Crudo de Girasol;0.000;1,314.811;;;Toneladas;2026 INGRESO Y UTILIZACION DE MATERIA PRIMA SEGÚN ACTIVIDAD PRODUCTIVA(1).xlsx
2026;1;Enero;PROCESAMIENTO DE ACEITES Y GRASAS;materia_prima;Crudo de Palma;25,509.930;22,349.278;;;Toneladas;2026 INGRESO Y UTILIZACION DE MATERIA PRIMA SEGÚN ACTIVIDAD PRODUCTIVA(1).xlsx
2026;1;Enero;PROCESAMIENTO DE ACEITES Y GRASAS;materia_prima;Crudo de Palmiste;510.740;306.645;;;Toneladas;2026 INGRESO Y UTILIZACION DE MATERIA PRIMA SEGÚN ACTIVIDAD PRODUCTIVA(1).xlsx
2026;1;Enero;PROCESAMIENTO DE ACEITES Y GRASAS;materia_prima;Crudo de Soya;26,731.140;19,895.852;;;Toneladas;2026 INGRESO Y UTILIZACION DE MATERIA PRIMA SEGÚN ACTIVIDAD PRODUCTIVA(1).xlsx
2026;1;Enero;PROCESAMIENTO DE ACEITES Y GRASAS;materia_prima;Crudo de algodón;25.000;15.000;;;Toneladas;2026 INGRESO Y UTILIZACION DE MATERIA PRIMA SEGÚN ACTIVIDAD PRODUCTIVA(1).xlsx
2026;1;Enero;PROCESAMIENTO DE ACEITES Y GRASAS;materia_prima;Fruto de palma;27,698.000;27,823.000;;;Toneladas;2026 INGRESO Y UTILIZACION DE MATERIA PRIMA SEGÚN ACTIVIDAD PRODUCTIVA(1).xlsx
2026;1;Enero;PROCESAMIENTO DE ACEITES Y GRASAS;materia_prima;Maiz Amarillo Duro;0.000;0.000;;;Toneladas;2026 INGRESO Y UTILIZACION DE MATERIA PRIMA SEGÚN ACTIVIDAD PRODUCTIVA(1).xlsx
2026;1;Enero;PROCESAMIENTO DE ACEITES Y GRASAS;materia_prima;Refinado de Soya;423.880;500.000;;;Toneladas;2026 INGRESO Y UTILIZACION DE MATERIA PRIMA SEGÚN ACTIVIDAD PRODUCTIVA(1).xlsx
2026;1;Enero;PROCESAMIENTO DE ACEITES Y GRASAS;materia_prima;refinado de Palma;0.000;0.000;;;Toneladas;2026 INGRESO Y UTILIZACION DE MATERIA PRIMA SEGÚN ACTIVIDAD PRODUCTIVA(1).xlsx
2026;1;Enero;PROCESAMIENTO DE ACEITES Y GRASAS;producto;Aceite Vegetal;;;22,495.284;23,640.901;Toneladas;2026 PRODUCCIÓN Y VENTA DE LA  ACTIVIDAD PRODUCTIVA(1).xlsx
2026;1;Enero;PROCESAMIENTO DE ACEITES Y GRASAS;producto;Manteca Vegetal;;;5,399.431;6,531.311;Toneladas;2026 PRODUCCIÓN Y VENTA DE LA  ACTIVIDAD PRODUCTIVA(1).xlsx
2026;1;Enero;PROCESAMIENTO DE ACEITES Y GRASAS;producto;Margarina;;;2,024.684;1,896.699;Toneladas;2026 PRODUCCIÓN Y VENTA DE LA  ACTIVIDAD PRODUCTIVA(1).xlsx
2026;1;Enero;PROCESAMIENTO DE ALIMENTOS BALANCEADOS;materia_prima;Carbonato de calcio;5,159.425;5,175.614;;;Toneladas;2026 INGRESO Y UTILIZACION DE MATERIA PRIMA SEGÚN ACTIVIDAD PRODUCTIVA(1).xlsx
2026;1;Enero;PROCESAMIENTO DE ALIMENTOS BALANCEADOS;materia_prima;Grasas de pescado;4,094.454;4,727.064;;;Toneladas;2026 INGRESO Y UTILIZACION DE MATERIA PRIMA SEGÚN ACTIVIDAD PRODUCTIVA(1).xlsx
2026;1;Enero;PROCESAMIENTO DE ALIMENTOS BALANCEADOS;materia_prima;Harina de Pescado;1,785.233;2,252.244;;;Toneladas;2026 INGRESO Y UTILIZACION DE MATERIA PRIMA SEGÚN ACTIVIDAD PRODUCTIVA(1).xlsx
2026;1;Enero;PROCESAMIENTO DE ALIMENTOS BALANCEADOS;materia_prima;Maiz amarillo Duro;264,604.819;243,310.444;;;Toneladas;2026 INGRESO Y UTILIZACION DE MATERIA PRIMA SEGÚN ACTIVIDAD PRODUCTIVA(1).xlsx
2026;1;Enero;PROCESAMIENTO DE ALIMENTOS BALANCEADOS;materia_prima;Melaza;215.460;166.196;;;Toneladas;2026 INGRESO Y UTILIZACION DE MATERIA PRIMA SEGÚN ACTIVIDAD PRODUCTIVA(1).xlsx
2026;1;Enero;PROCESAMIENTO DE ALIMENTOS BALANCEADOS;materia_prima;Otros;29,164.102;28,026.023;;;Toneladas;2026 INGRESO Y UTILIZACION DE MATERIA PRIMA SEGÚN ACTIVIDAD PRODUCTIVA(1).xlsx
2026;1;Enero;PROCESAMIENTO DE ALIMENTOS BALANCEADOS;materia_prima;Polvillo de arroz;5,092.393;4,482.924;;;Toneladas;2026 INGRESO Y UTILIZACION DE MATERIA PRIMA SEGÚN ACTIVIDAD PRODUCTIVA(1).xlsx
2026;1;Enero;PROCESAMIENTO DE ALIMENTOS BALANCEADOS;materia_prima;Soya en grano;6,867.810;6,975.040;;;Toneladas;2026 INGRESO Y UTILIZACION DE MATERIA PRIMA SEGÚN ACTIVIDAD PRODUCTIVA(1).xlsx
2026;1;Enero;PROCESAMIENTO DE ALIMENTOS BALANCEADOS;materia_prima;Sub producto de trigo;9,489.367;12,163.185;;;Toneladas;2026 INGRESO Y UTILIZACION DE MATERIA PRIMA SEGÚN ACTIVIDAD PRODUCTIVA(1).xlsx
2026;1;Enero;PROCESAMIENTO DE ALIMENTOS BALANCEADOS;materia_prima;Torta de algodón;33.500;21.690;;;Toneladas;2026 INGRESO Y UTILIZACION DE MATERIA PRIMA SEGÚN ACTIVIDAD PRODUCTIVA(1).xlsx
2026;1;Enero;PROCESAMIENTO DE ALIMENTOS BALANCEADOS;materia_prima;Torta de soya;114,185.297;97,268.707;;;Toneladas;2026 INGRESO Y UTILIZACION DE MATERIA PRIMA SEGÚN ACTIVIDAD PRODUCTIVA(1).xlsx
2026;1;Enero;PROCESAMIENTO DE ALIMENTOS BALANCEADOS;producto;Alimento balanceado para aves carne;;;259,861.686;259,764.005;Toneladas;2026 PRODUCCIÓN Y VENTA DE LA  ACTIVIDAD PRODUCTIVA(1).xlsx
2026;1;Enero;PROCESAMIENTO DE ALIMENTOS BALANCEADOS;producto;Alimento balanceado para aves postura/reproductora;;;72,886.947;73,119.617;Toneladas;2026 PRODUCCIÓN Y VENTA DE LA  ACTIVIDAD PRODUCTIVA(1).xlsx
2026;1;Enero;PROCESAMIENTO DE ALIMENTOS BALANCEADOS;producto;Alimento balanceado para pavos y patos;;;4,610.136;4,629.475;Toneladas;2026 PRODUCCIÓN Y VENTA DE LA  ACTIVIDAD PRODUCTIVA(1).xlsx
2026;1;Enero;PROCESAMIENTO DE ALIMENTOS BALANCEADOS;producto;Alimento balanceado para porcinos;;;26,935.532;27,001.868;Toneladas;2026 PRODUCCIÓN Y VENTA DE LA  ACTIVIDAD PRODUCTIVA(1).xlsx
2026;1;Enero;PROCESAMIENTO DE ALIMENTOS BALANCEADOS;producto;Alimento balanceado para vacunos;;;7,436.005;7,511.463;Toneladas;2026 PRODUCCIÓN Y VENTA DE LA  ACTIVIDAD PRODUCTIVA(1).xlsx
2026;1;Enero;PROCESAMIENTO DE ALIMENTOS BALANCEADOS;producto;Otros animales 1/;;;27,148.680;38,284.882;Toneladas;2026 PRODUCCIÓN Y VENTA DE LA  ACTIVIDAD PRODUCTIVA(1).xlsx
2026;1;Enero;PROCESAMIENTO DE AVENA;materia_prima;Avena;963.340;4,071.045;;;Toneladas;2026 INGRESO Y UTILIZACION DE MATERIA PRIMA SEGÚN ACTIVIDAD PRODUCTIVA(1).xlsx
2026;1;Enero;PROCESAMIENTO DE AVENA;materia_prima;Azúcar;0.582;1.046;;;Toneladas;2026 INGRESO Y UTILIZACION DE MATERIA PRIMA SEGÚN ACTIVIDAD PRODUCTIVA(1).xlsx
2026;1;Enero;PROCESAMIENTO DE AVENA;materia_prima;Cebada;0.470;0.290;;;Toneladas;2026 INGRESO Y UTILIZACION DE MATERIA PRIMA SEGÚN ACTIVIDAD PRODUCTIVA(1).xlsx
2026;1;Enero;PROCESAMIENTO DE AVENA;materia_prima;Kiwicha;57.594;23.544;;;Toneladas;2026 INGRESO Y UTILIZACION DE MATERIA PRIMA SEGÚN ACTIVIDAD PRODUCTIVA(1).xlsx
2026;1;Enero;PROCESAMIENTO DE AVENA;materia_prima;Leche en Polvo;0.591;0.578;;;Toneladas;2026 INGRESO Y UTILIZACION DE MATERIA PRIMA SEGÚN ACTIVIDAD PRODUCTIVA(1).xlsx
2026;1;Enero;PROCESAMIENTO DE AVENA;materia_prima;Maca;2.662;2.976;;;Toneladas;2026 INGRESO Y UTILIZACION DE MATERIA PRIMA SEGÚN ACTIVIDAD PRODUCTIVA(1).xlsx
2026;1;Enero;PROCESAMIENTO DE AVENA;materia_prima;Quinua;11.745;8.989;;;Toneladas;2026 INGRESO Y UTILIZACION DE MATERIA PRIMA SEGÚN ACTIVIDAD PRODUCTIVA(1).xlsx
2026;1;Enero;PROCESAMIENTO DE AVENA;materia_prima;Soya;0.323;0.919;;;Toneladas;2026 INGRESO Y UTILIZACION DE MATERIA PRIMA SEGÚN ACTIVIDAD PRODUCTIVA(1).xlsx
2026;1;Enero;PROCESAMIENTO DE AVENA;materia_prima;Trigo;0.190;0.688;;;Toneladas;2026 INGRESO Y UTILIZACION DE MATERIA PRIMA SEGÚN ACTIVIDAD PRODUCTIVA(1).xlsx
2026;1;Enero;PROCESAMIENTO DE AVENA;producto;Avena;;;2,947.429;3,232.413;Toneladas;2026 PRODUCCIÓN Y VENTA DE LA  ACTIVIDAD PRODUCTIVA(1).xlsx
2026;1;Enero;PROCESAMIENTO DE AVENA;producto;Enriquecido de cereales;;;493.686;439.785;Toneladas;2026 PRODUCCIÓN Y VENTA DE LA  ACTIVIDAD PRODUCTIVA(1).xlsx
2026;1;Enero;PROCESAMIENTO DE AZUCAR;materia_prima;Caña de Azúcar;862,237.140;862,237.140;;;Toneladas;2026 INGRESO Y UTILIZACION DE MATERIA PRIMA SEGÚN ACTIVIDAD PRODUCTIVA(1).xlsx
2026;1;Enero;PROCESAMIENTO DE AZUCAR;producto;Azúcar;;;89,515.981;89,515.981;Toneladas;2026 PRODUCCIÓN Y VENTA DE LA  ACTIVIDAD PRODUCTIVA(1).xlsx
2026;1;Enero;PROCESAMIENTO DE DERIVADOS LACTEOS;producto;Cremas;;;868.210;793.188;Toneladas;2026 PRODUCCIÓN Y VENTA DE LA  ACTIVIDAD PRODUCTIVA(1).xlsx
2026;1;Enero;PROCESAMIENTO DE DERIVADOS LACTEOS;producto;Manjar blanco;;;501.833;550.703;Toneladas;2026 PRODUCCIÓN Y VENTA DE LA  ACTIVIDAD PRODUCTIVA(1).xlsx
2026;1;Enero;PROCESAMIENTO DE DERIVADOS LACTEOS;producto;Mantequilla;;;533.148;441.161;Toneladas;2026 PRODUCCIÓN Y VENTA DE LA  ACTIVIDAD PRODUCTIVA(1).xlsx
2026;1;Enero;PROCESAMIENTO DE DERIVADOS LACTEOS;producto;Queso Mantecoso;;;29.830;29.830;Toneladas;2026 PRODUCCIÓN Y VENTA DE LA  ACTIVIDAD PRODUCTIVA(1).xlsx
2026;1;Enero;PROCESAMIENTO DE DERIVADOS LACTEOS;producto;Quesos Frescos;;;392.810;392.509;Toneladas;2026 PRODUCCIÓN Y VENTA DE LA  ACTIVIDAD PRODUCTIVA(1).xlsx
2026;1;Enero;PROCESAMIENTO DE DERIVADOS LACTEOS;producto;Quesos Madurados;;;1,103.844;1,049.896;Toneladas;2026 PRODUCCIÓN Y VENTA DE LA  ACTIVIDAD PRODUCTIVA(1).xlsx
2026;1;Enero;PROCESAMIENTO DE DERIVADOS LACTEOS;producto;Yogurt;;;11,802.424;12,302.835;Toneladas;2026 PRODUCCIÓN Y VENTA DE LA  ACTIVIDAD PRODUCTIVA(1).xlsx
2026;1;Enero;PROCESAMIENTO DE DERIVADOS LACTEOS, LECHES Y MEZCLAS LACTEAS;materia_prima;Grasa anhidra de leche (GAL);629.760;349.741;;;Toneladas;2026 INGRESO Y UTILIZACION DE MATERIA PRIMA SEGÚN ACTIVIDAD PRODUCTIVA(1).xlsx
2026;1;Enero;PROCESAMIENTO DE DERIVADOS LACTEOS, LECHES Y MEZCLAS LACTEAS;materia_prima;Leche en polvo descremada (LPD);1,672.182;1,637.365;;;Toneladas;2026 INGRESO Y UTILIZACION DE MATERIA PRIMA SEGÚN ACTIVIDAD PRODUCTIVA(1).xlsx
2026;1;Enero;PROCESAMIENTO DE DERIVADOS LACTEOS, LECHES Y MEZCLAS LACTEAS;materia_prima;Leche en polvo entera (LEP);2,720.073;2,423.219;;;Toneladas;2026 INGRESO Y UTILIZACION DE MATERIA PRIMA SEGÚN ACTIVIDAD PRODUCTIVA(1).xlsx
2026;1;Enero;PROCESAMIENTO DE DERIVADOS LACTEOS, LECHES Y MEZCLAS LACTEAS;materia_prima;Leche fresca;72,411.351;73,280.340;;;Toneladas;2026 INGRESO Y UTILIZACION DE MATERIA PRIMA SEGÚN ACTIVIDAD PRODUCTIVA(1).xlsx
2026;1;Enero;PROCESAMIENTO DE EMBUTIDOS Y CARNES PREPARADAS;materia_prima;Carne Industrial;958.282;945.855;;;Toneladas;2026 INGRESO Y UTILIZACION DE MATERIA PRIMA SEGÚN ACTIVIDAD PRODUCTIVA(1).xlsx
2026;1;Enero;PROCESAMIENTO DE EMBUTIDOS Y CARNES PREPARADAS;materia_prima;Carne de Cerdo;1,946.738;1,932.325;;;Toneladas;2026 INGRESO Y UTILIZACION DE MATERIA PRIMA SEGÚN ACTIVIDAD PRODUCTIVA(1).xlsx
2026;1;Enero;PROCESAMIENTO DE EMBUTIDOS Y CARNES PREPARADAS;materia_prima;Carne de ave;564.006;547.765;;;Toneladas;2026 INGRESO Y UTILIZACION DE MATERIA PRIMA SEGÚN ACTIVIDAD PRODUCTIVA(1).xlsx
2026;1;Enero;PROCESAMIENTO DE EMBUTIDOS Y CARNES PREPARADAS;materia_prima;Maizena;228.600;226.024;;;Toneladas;2026 INGRESO Y UTILIZACION DE MATERIA PRIMA SEGÚN ACTIVIDAD PRODUCTIVA(1).xlsx
2026;1;Enero;PROCESAMIENTO DE EMBUTIDOS Y CARNES PREPARADAS;materia_prima;Otros;117.116;116.755;;;Toneladas;2026 INGRESO Y UTILIZACION DE MATERIA PRIMA SEGÚN ACTIVIDAD PRODUCTIVA(1).xlsx
2026;1;Enero;PROCESAMIENTO DE EMBUTIDOS Y CARNES PREPARADAS;materia_prima;Sal;64.800;64.800;;;Toneladas;2026 INGRESO Y UTILIZACION DE MATERIA PRIMA SEGÚN ACTIVIDAD PRODUCTIVA(1).xlsx
2026;1;Enero;PROCESAMIENTO DE EMBUTIDOS Y CARNES PREPARADAS;producto;Ahumado;;;224.230;223.131;Toneladas;2026 PRODUCCIÓN Y VENTA DE LA  ACTIVIDAD PRODUCTIVA(1).xlsx
2026;1;Enero;PROCESAMIENTO DE EMBUTIDOS Y CARNES PREPARADAS;producto;Carne preparada-cocidos especiales;;;410.978;280.410;Toneladas;2026 PRODUCCIÓN Y VENTA DE LA  ACTIVIDAD PRODUCTIVA(1).xlsx
2026;1;Enero;PROCESAMIENTO DE EMBUTIDOS Y CARNES PREPARADAS;producto;Chicharrón de Prensa;;;46.400;93.800;Toneladas;2026 PRODUCCIÓN Y VENTA DE LA  ACTIVIDAD PRODUCTIVA(1).xlsx
2026;1;Enero;PROCESAMIENTO DE EMBUTIDOS Y CARNES PREPARADAS;producto;Chorizo;;;826.810;811.410;Toneladas;2026 PRODUCCIÓN Y VENTA DE LA  ACTIVIDAD PRODUCTIVA(1).xlsx
2026;1;Enero;PROCESAMIENTO DE EMBUTIDOS Y CARNES PREPARADAS;producto;Hamburguesa;;;820.894;818.869;Toneladas;2026 PRODUCCIÓN Y VENTA DE LA  ACTIVIDAD PRODUCTIVA(1).xlsx
2026;1;Enero;PROCESAMIENTO DE EMBUTIDOS Y CARNES PREPARADAS;producto;Hot Dog y/o Salchicha;;;2,711.383;2,631.807;Toneladas;2026 PRODUCCIÓN Y VENTA DE LA  ACTIVIDAD PRODUCTIVA(1).xlsx
2026;1;Enero;PROCESAMIENTO DE EMBUTIDOS Y CARNES PREPARADAS;producto;Jamonada;;;982.491;966.686;Toneladas;2026 PRODUCCIÓN Y VENTA DE LA  ACTIVIDAD PRODUCTIVA(1).xlsx
2026;1;Enero;PROCESAMIENTO DE EMBUTIDOS Y CARNES PREPARADAS;producto;Jamón;;;941.518;927.071;Toneladas;2026 PRODUCCIÓN Y VENTA DE LA  ACTIVIDAD PRODUCTIVA(1).xlsx
2026;1;Enero;PROCESAMIENTO DE EMBUTIDOS Y CARNES PREPARADAS;producto;Mortadela;;;114.168;113.687;Toneladas;2026 PRODUCCIÓN Y VENTA DE LA  ACTIVIDAD PRODUCTIVA(1).xlsx
2026;1;Enero;PROCESAMIENTO DE EMBUTIDOS Y CARNES PREPARADAS;producto;Otros;;;202.488;173.401;Toneladas;2026 PRODUCCIÓN Y VENTA DE LA  ACTIVIDAD PRODUCTIVA(1).xlsx
2026;1;Enero;PROCESAMIENTO DE EMBUTIDOS Y CARNES PREPARADAS;producto;Pastel;;;2.700;2.700;Toneladas;2026 PRODUCCIÓN Y VENTA DE LA  ACTIVIDAD PRODUCTIVA(1).xlsx
2026;1;Enero;PROCESAMIENTO DE EMBUTIDOS Y CARNES PREPARADAS;producto;Paté;;;76.006;75.595;Toneladas;2026 PRODUCCIÓN Y VENTA DE LA  ACTIVIDAD PRODUCTIVA(1).xlsx
2026;1;Enero;PROCESAMIENTO DE EMBUTIDOS Y CARNES PREPARADAS;producto;Queso de Chancho;;;3.400;3.400;Toneladas;2026 PRODUCCIÓN Y VENTA DE LA  ACTIVIDAD PRODUCTIVA(1).xlsx
2026;1;Enero;PROCESAMIENTO DE EMBUTIDOS Y CARNES PREPARADAS;producto;Salame;;;11.100;11.100;Toneladas;2026 PRODUCCIÓN Y VENTA DE LA  ACTIVIDAD PRODUCTIVA(1).xlsx
2026;1;Enero;PROCESAMIENTO DE FIDEO;materia_prima;Harina de Trigo;33,612.417;33,645.088;;;Toneladas;2026 INGRESO Y UTILIZACION DE MATERIA PRIMA SEGÚN ACTIVIDAD PRODUCTIVA(1).xlsx
2026;1;Enero;PROCESAMIENTO DE FIDEO;producto;Fideo corriente a granel;;;1,459.670;1,469.740;Toneladas;2026 PRODUCCIÓN Y VENTA DE LA  ACTIVIDAD PRODUCTIVA(1).xlsx
2026;1;Enero;PROCESAMIENTO DE FIDEO;producto;Fideo envasado;;;32,770.494;31,937.316;Toneladas;2026 PRODUCCIÓN Y VENTA DE LA  ACTIVIDAD PRODUCTIVA(1).xlsx
2026;1;Enero;PROCESAMIENTO DE HARINA DE TRIGO;materia_prima;Trigo entero;202,694.742;219,989.514;;;Toneladas;2026 INGRESO Y UTILIZACION DE MATERIA PRIMA SEGÚN ACTIVIDAD PRODUCTIVA(1).xlsx
2026;1;Enero;PROCESAMIENTO DE HARINA DE TRIGO;producto;Harina de Trigo;;;129,060.615;125,195.342;Toneladas;2026 PRODUCCIÓN Y VENTA DE LA  ACTIVIDAD PRODUCTIVA(1).xlsx
2026;1;Enero;PROCESAMIENTO DE HARINA DE TRIGO;producto;Sub producto de trigo;;;24,431.081;25,049.606;Toneladas;2026 PRODUCCIÓN Y VENTA DE LA  ACTIVIDAD PRODUCTIVA(1).xlsx
2026;1;Enero;PROCESAMIENTO DE HARINA DE TRIGO;producto;Sémola;;;492.633;508.913;Toneladas;2026 PRODUCCIÓN Y VENTA DE LA  ACTIVIDAD PRODUCTIVA(1).xlsx
2026;1;Enero;PROCESAMIENTO DE MALTA;materia_prima;Cebada;10,200.000;8,501.930;;;Toneladas;2026 INGRESO Y UTILIZACION DE MATERIA PRIMA SEGÚN ACTIVIDAD PRODUCTIVA(1).xlsx
2026;1;Enero;PROCESAMIENTO DE MALTA;producto;Malta de cebada;;;10,246.140;11,238.264;Toneladas;2026 PRODUCCIÓN Y VENTA DE LA  ACTIVIDAD PRODUCTIVA(1).xlsx
2026;1;Enero;PROCESAMIENTO DEL CACAO;materia_prima;Cacao Grano;4,406.686;6,867.334;;;Toneladas;2026 INGRESO Y UTILIZACION DE MATERIA PRIMA SEGÚN ACTIVIDAD PRODUCTIVA(1).xlsx
2026;1;Enero;PROCESAMIENTO DEL CACAO;materia_prima;Cocoa;0.000;6.500;;;Toneladas;2026 INGRESO Y UTILIZACION DE MATERIA PRIMA SEGÚN ACTIVIDAD PRODUCTIVA(1).xlsx
2026;1;Enero;PROCESAMIENTO DEL CACAO;materia_prima;Licor de Cacao;0.000;0.720;;;Toneladas;2026 INGRESO Y UTILIZACION DE MATERIA PRIMA SEGÚN ACTIVIDAD PRODUCTIVA(1).xlsx
2026;1;Enero;PROCESAMIENTO DEL CACAO;materia_prima;Manteca de Cacao;1.930;2.060;;;Toneladas;2026 INGRESO Y UTILIZACION DE MATERIA PRIMA SEGÚN ACTIVIDAD PRODUCTIVA(1).xlsx
2026;1;Enero;PROCESAMIENTO DEL CACAO;materia_prima;Torta de Cacao;2.270;1.210;;;Toneladas;2026 INGRESO Y UTILIZACION DE MATERIA PRIMA SEGÚN ACTIVIDAD PRODUCTIVA(1).xlsx
2026;1;Enero;PROCESAMIENTO DEL CACAO;producto;Cacao Grano;;;496.314;492.244;Toneladas;2026 PRODUCCIÓN Y VENTA DE LA  ACTIVIDAD PRODUCTIVA(1).xlsx
2026;1;Enero;PROCESAMIENTO DEL CACAO;producto;Chocolate y cobertura;;;48.070;41.800;Toneladas;2026 PRODUCCIÓN Y VENTA DE LA  ACTIVIDAD PRODUCTIVA(1).xlsx
2026;1;Enero;PROCESAMIENTO DEL CACAO;producto;Cocoa;;;721.450;698.560;Toneladas;2026 PRODUCCIÓN Y VENTA DE LA  ACTIVIDAD PRODUCTIVA(1).xlsx
2026;1;Enero;PROCESAMIENTO DEL CACAO;producto;Licor de cacao;;;769.460;1,099.962;Toneladas;2026 PRODUCCIÓN Y VENTA DE LA  ACTIVIDAD PRODUCTIVA(1).xlsx
2026;1;Enero;PROCESAMIENTO DEL CACAO;producto;Manteca de cacao;;;2,157.615;1,489.848;Toneladas;2026 PRODUCCIÓN Y VENTA DE LA  ACTIVIDAD PRODUCTIVA(1).xlsx
2026;1;Enero;PROCESAMIENTO DEL CACAO;producto;Polvo de Cacao;;;1,337.224;1,507.874;Toneladas;2026 PRODUCCIÓN Y VENTA DE LA  ACTIVIDAD PRODUCTIVA(1).xlsx
2026;1;Enero;PROCESAMIENTO DEL CACAO;producto;Torta de cacao;;;1,812.791;1,101.663;Toneladas;2026 PRODUCCIÓN Y VENTA DE LA  ACTIVIDAD PRODUCTIVA(1).xlsx
2026;1;Enero;PROCESAMIENTO DEL ESPARRAGO;materia_prima;Espárrago Fresco;4,373.052;4,373.052;;;Toneladas;2026 INGRESO Y UTILIZACION DE MATERIA PRIMA SEGÚN ACTIVIDAD PRODUCTIVA(1).xlsx
2026;1;Enero;PROCESAMIENTO DEL ESPARRAGO;producto;Congelado;;;250.960;123.566;Toneladas;2026 PRODUCCIÓN Y VENTA DE LA  ACTIVIDAD PRODUCTIVA(1).xlsx
2026;1;Enero;PROCESAMIENTO DEL ESPARRAGO;producto;Conserva;;;796.306;844.227;Toneladas;2026 PRODUCCIÓN Y VENTA DE LA  ACTIVIDAD PRODUCTIVA(1).xlsx
2026;1;Enero;PROCESAMIENTO DEL ESPARRAGO;producto;Fresco;;;3,020.316;3,220.808;Toneladas;2026 PRODUCCIÓN Y VENTA DE LA  ACTIVIDAD PRODUCTIVA(1).xlsx
2026;2;Febrero;ACEITE ESENCIAL DE LIMÓN;materia_prima;Limón;3,010.000;3,010.000;;;Toneladas;2026 INGRESO Y UTILIZACION DE MATERIA PRIMA SEGÚN ACTIVIDAD PRODUCTIVA(1).xlsx
2026;2;Febrero;ACEITE ESENCIAL DE LIMÓN;producto;Aceite Esencial de Limón;;;11.600;1.400;Toneladas;2026 PRODUCCIÓN Y VENTA DE LA  ACTIVIDAD PRODUCTIVA(1).xlsx
2026;2;Febrero;ACEITE ESENCIAL DE LIMÓN;producto;Cáscara de Limón;;;222.000;222.000;Toneladas;2026 PRODUCCIÓN Y VENTA DE LA  ACTIVIDAD PRODUCTIVA(1).xlsx
2026;2;Febrero;LECHES Y MEZCLAS LACTEAS;producto;Condensada;;;1,506.391;1,468.625;Toneladas;2026 PRODUCCIÓN Y VENTA DE LA  ACTIVIDAD PRODUCTIVA(1).xlsx
2026;2;Febrero;LECHES Y MEZCLAS LACTEAS;producto;Evaporadas;;;30,325.979;31,398.089;Toneladas;2026 PRODUCCIÓN Y VENTA DE LA  ACTIVIDAD PRODUCTIVA(1).xlsx
2026;2;Febrero;LECHES Y MEZCLAS LACTEAS;producto;Leche evaporada*;;;2,643.000;2,954.471;Toneladas;2026 PRODUCCIÓN Y VENTA DE LA  ACTIVIDAD PRODUCTIVA(1).xlsx
2026;2;Febrero;LECHES Y MEZCLAS LACTEAS;producto;Mezclas lácteas*;;;27,682.979;28,443.618;Toneladas;2026 PRODUCCIÓN Y VENTA DE LA  ACTIVIDAD PRODUCTIVA(1).xlsx
2026;2;Febrero;LECHES Y MEZCLAS LACTEAS;producto;Pasteurizada;;;15,176.136;14,790.426;Toneladas;2026 PRODUCCIÓN Y VENTA DE LA  ACTIVIDAD PRODUCTIVA(1).xlsx
2026;2;Febrero;PROCESAMIENTO DE ACEITES Y GRASAS;materia_prima;Crudo de Girasol;4,312.000;437.000;;;Toneladas;2026 INGRESO Y UTILIZACION DE MATERIA PRIMA SEGÚN ACTIVIDAD PRODUCTIVA(1).xlsx
2026;2;Febrero;PROCESAMIENTO DE ACEITES Y GRASAS;materia_prima;Crudo de Palma;19,418.000;19,094.000;;;Toneladas;2026 INGRESO Y UTILIZACION DE MATERIA PRIMA SEGÚN ACTIVIDAD PRODUCTIVA(1).xlsx
2026;2;Febrero;PROCESAMIENTO DE ACEITES Y GRASAS;materia_prima;Crudo de Palmiste;166.000;84.000;;;Toneladas;2026 INGRESO Y UTILIZACION DE MATERIA PRIMA SEGÚN ACTIVIDAD PRODUCTIVA(1).xlsx
2026;2;Febrero;PROCESAMIENTO DE ACEITES Y GRASAS;materia_prima;Crudo de Soya;31,199.000;15,526.000;;;Toneladas;2026 INGRESO Y UTILIZACION DE MATERIA PRIMA SEGÚN ACTIVIDAD PRODUCTIVA(1).xlsx
2026;2;Febrero;PROCESAMIENTO DE ACEITES Y GRASAS;materia_prima;Crudo de algodón;0.000;0.000;;;Toneladas;2026 INGRESO Y UTILIZACION DE MATERIA PRIMA SEGÚN ACTIVIDAD PRODUCTIVA(1).xlsx
2026;2;Febrero;PROCESAMIENTO DE ACEITES Y GRASAS;materia_prima;Fruto de palma;20,300.000;20,267.000;;;Toneladas;2026 INGRESO Y UTILIZACION DE MATERIA PRIMA SEGÚN ACTIVIDAD PRODUCTIVA(1).xlsx
2026;2;Febrero;PROCESAMIENTO DE ACEITES Y GRASAS;materia_prima;Maiz Amarillo Duro;0.000;0.000;;;Toneladas;2026 INGRESO Y UTILIZACION DE MATERIA PRIMA SEGÚN ACTIVIDAD PRODUCTIVA(1).xlsx
2026;2;Febrero;PROCESAMIENTO DE ACEITES Y GRASAS;materia_prima;Refinado de Soya;0.000;134.000;;;Toneladas;2026 INGRESO Y UTILIZACION DE MATERIA PRIMA SEGÚN ACTIVIDAD PRODUCTIVA(1).xlsx
2026;2;Febrero;PROCESAMIENTO DE ACEITES Y GRASAS;materia_prima;refinado de Palma;0.000;0.000;;;Toneladas;2026 INGRESO Y UTILIZACION DE MATERIA PRIMA SEGÚN ACTIVIDAD PRODUCTIVA(1).xlsx
2026;2;Febrero;PROCESAMIENTO DE ACEITES Y GRASAS;producto;Aceite Vegetal;;;23,367.517;22,930.783;Toneladas;2026 PRODUCCIÓN Y VENTA DE LA  ACTIVIDAD PRODUCTIVA(1).xlsx
2026;2;Febrero;PROCESAMIENTO DE ACEITES Y GRASAS;producto;Manteca Vegetal;;;4,645.078;4,602.476;Toneladas;2026 PRODUCCIÓN Y VENTA DE LA  ACTIVIDAD PRODUCTIVA(1).xlsx
2026;2;Febrero;PROCESAMIENTO DE ACEITES Y GRASAS;producto;Margarina;;;1,498.000;1,327.000;Toneladas;2026 PRODUCCIÓN Y VENTA DE LA  ACTIVIDAD PRODUCTIVA(1).xlsx
2026;2;Febrero;PROCESAMIENTO DE ALIMENTOS BALANCEADOS;materia_prima;Carbonato de calcio;4,562.232;4,838.537;;;Toneladas;2026 INGRESO Y UTILIZACION DE MATERIA PRIMA SEGÚN ACTIVIDAD PRODUCTIVA(1).xlsx
2026;2;Febrero;PROCESAMIENTO DE ALIMENTOS BALANCEADOS;materia_prima;Grasas de pescado;4,020.134;4,039.541;;;Toneladas;2026 INGRESO Y UTILIZACION DE MATERIA PRIMA SEGÚN ACTIVIDAD PRODUCTIVA(1).xlsx
2026;2;Febrero;PROCESAMIENTO DE ALIMENTOS BALANCEADOS;materia_prima;Harina de Pescado;1,804.248;1,800.791;;;Toneladas;2026 INGRESO Y UTILIZACION DE MATERIA PRIMA SEGÚN ACTIVIDAD PRODUCTIVA(1).xlsx
2026;2;Febrero;PROCESAMIENTO DE ALIMENTOS BALANCEADOS;materia_prima;Maiz amarillo Duro;230,879.799;225,910.892;;;Toneladas;2026 INGRESO Y UTILIZACION DE MATERIA PRIMA SEGÚN ACTIVIDAD PRODUCTIVA(1).xlsx
2026;2;Febrero;PROCESAMIENTO DE ALIMENTOS BALANCEADOS;materia_prima;Melaza;155.530;143.559;;;Toneladas;2026 INGRESO Y UTILIZACION DE MATERIA PRIMA SEGÚN ACTIVIDAD PRODUCTIVA(1).xlsx
2026;2;Febrero;PROCESAMIENTO DE ALIMENTOS BALANCEADOS;materia_prima;Otros;31,032.953;27,835.749;;;Toneladas;2026 INGRESO Y UTILIZACION DE MATERIA PRIMA SEGÚN ACTIVIDAD PRODUCTIVA(1).xlsx
2026;2;Febrero;PROCESAMIENTO DE ALIMENTOS BALANCEADOS;materia_prima;Polvillo de arroz;4,015.405;4,208.508;;;Toneladas;2026 INGRESO Y UTILIZACION DE MATERIA PRIMA SEGÚN ACTIVIDAD PRODUCTIVA(1).xlsx
2026;2;Febrero;PROCESAMIENTO DE ALIMENTOS BALANCEADOS;materia_prima;Soya en grano;2,127.710;2,395.371;;;Toneladas;2026 INGRESO Y UTILIZACION DE MATERIA PRIMA SEGÚN ACTIVIDAD PRODUCTIVA(1).xlsx
2026;2;Febrero;PROCESAMIENTO DE ALIMENTOS BALANCEADOS;materia_prima;Sub producto de trigo;10,416.585;10,558.779;;;Toneladas;2026 INGRESO Y UTILIZACION DE MATERIA PRIMA SEGÚN ACTIVIDAD PRODUCTIVA(1).xlsx
2026;2;Febrero;PROCESAMIENTO DE ALIMENTOS BALANCEADOS;materia_prima;Torta de algodón;35.500;23.693;;;Toneladas;2026 INGRESO Y UTILIZACION DE MATERIA PRIMA SEGÚN ACTIVIDAD PRODUCTIVA(1).xlsx
2026;2;Febrero;PROCESAMIENTO DE ALIMENTOS BALANCEADOS;materia_prima;Torta de soya;99,764.632;97,505.982;;;Toneladas;2026 INGRESO Y UTILIZACION DE MATERIA PRIMA SEGÚN ACTIVIDAD PRODUCTIVA(1).xlsx
2026;2;Febrero;PROCESAMIENTO DE ALIMENTOS BALANCEADOS;producto;Alimento balanceado para aves carne;;;232,438.659;231,996.580;Toneladas;2026 PRODUCCIÓN Y VENTA DE LA  ACTIVIDAD PRODUCTIVA(1).xlsx
2026;2;Febrero;PROCESAMIENTO DE ALIMENTOS BALANCEADOS;producto;Alimento balanceado para aves postura/reproductora;;;74,038.678;73,898.950;Toneladas;2026 PRODUCCIÓN Y VENTA DE LA  ACTIVIDAD PRODUCTIVA(1).xlsx
2026;2;Febrero;PROCESAMIENTO DE ALIMENTOS BALANCEADOS;producto;Alimento balanceado para pavos y patos;;;4,424.204;4,345.271;Toneladas;2026 PRODUCCIÓN Y VENTA DE LA  ACTIVIDAD PRODUCTIVA(1).xlsx
2026;2;Febrero;PROCESAMIENTO DE ALIMENTOS BALANCEADOS;producto;Alimento balanceado para porcinos;;;26,060.862;25,863.453;Toneladas;2026 PRODUCCIÓN Y VENTA DE LA  ACTIVIDAD PRODUCTIVA(1).xlsx
2026;2;Febrero;PROCESAMIENTO DE ALIMENTOS BALANCEADOS;producto;Alimento balanceado para vacunos;;;6,837.750;6,802.058;Toneladas;2026 PRODUCCIÓN Y VENTA DE LA  ACTIVIDAD PRODUCTIVA(1).xlsx
2026;2;Febrero;PROCESAMIENTO DE ALIMENTOS BALANCEADOS;producto;Otros animales 1/;;;27,103.380;28,328.521;Toneladas;2026 PRODUCCIÓN Y VENTA DE LA  ACTIVIDAD PRODUCTIVA(1).xlsx
2026;2;Febrero;PROCESAMIENTO DE AVENA;materia_prima;Avena;1,794.702;4,702.673;;;Toneladas;2026 INGRESO Y UTILIZACION DE MATERIA PRIMA SEGÚN ACTIVIDAD PRODUCTIVA(1).xlsx
2026;2;Febrero;PROCESAMIENTO DE AVENA;materia_prima;Azúcar;6.060;4.630;;;Toneladas;2026 INGRESO Y UTILIZACION DE MATERIA PRIMA SEGÚN ACTIVIDAD PRODUCTIVA(1).xlsx
2026;2;Febrero;PROCESAMIENTO DE AVENA;materia_prima;Cebada;2.423;0.530;;;Toneladas;2026 INGRESO Y UTILIZACION DE MATERIA PRIMA SEGÚN ACTIVIDAD PRODUCTIVA(1).xlsx
2026;2;Febrero;PROCESAMIENTO DE AVENA;materia_prima;Kiwicha;18.353;33.079;;;Toneladas;2026 INGRESO Y UTILIZACION DE MATERIA PRIMA SEGÚN ACTIVIDAD PRODUCTIVA(1).xlsx
2026;2;Febrero;PROCESAMIENTO DE AVENA;materia_prima;Leche en Polvo;1.929;1.884;;;Toneladas;2026 INGRESO Y UTILIZACION DE MATERIA PRIMA SEGÚN ACTIVIDAD PRODUCTIVA(1).xlsx
2026;2;Febrero;PROCESAMIENTO DE AVENA;materia_prima;Maca;3.674;4.013;;;Toneladas;2026 INGRESO Y UTILIZACION DE MATERIA PRIMA SEGÚN ACTIVIDAD PRODUCTIVA(1).xlsx
2026;2;Febrero;PROCESAMIENTO DE AVENA;materia_prima;Quinua;48.071;27.751;;;Toneladas;2026 INGRESO Y UTILIZACION DE MATERIA PRIMA SEGÚN ACTIVIDAD PRODUCTIVA(1).xlsx
2026;2;Febrero;PROCESAMIENTO DE AVENA;materia_prima;Soya;1.195;1.212;;;Toneladas;2026 INGRESO Y UTILIZACION DE MATERIA PRIMA SEGÚN ACTIVIDAD PRODUCTIVA(1).xlsx
2026;2;Febrero;PROCESAMIENTO DE AVENA;materia_prima;Trigo;0.150;0.180;;;Toneladas;2026 INGRESO Y UTILIZACION DE MATERIA PRIMA SEGÚN ACTIVIDAD PRODUCTIVA(1).xlsx
2026;2;Febrero;PROCESAMIENTO DE AVENA;producto;Avena;;;2,723.215;2,660.417;Toneladas;2026 PRODUCCIÓN Y VENTA DE LA  ACTIVIDAD PRODUCTIVA(1).xlsx
2026;2;Febrero;PROCESAMIENTO DE AVENA;producto;Enriquecido de cereales;;;425.267;383.499;Toneladas;2026 PRODUCCIÓN Y VENTA DE LA  ACTIVIDAD PRODUCTIVA(1).xlsx
2026;2;Febrero;PROCESAMIENTO DE AZUCAR;materia_prima;Caña de Azúcar;837,888.222;837,888.222;;;Toneladas;2026 INGRESO Y UTILIZACION DE MATERIA PRIMA SEGÚN ACTIVIDAD PRODUCTIVA(1).xlsx
2026;2;Febrero;PROCESAMIENTO DE AZUCAR;producto;Azúcar;;;87,134.757;87,134.757;Toneladas;2026 PRODUCCIÓN Y VENTA DE LA  ACTIVIDAD PRODUCTIVA(1).xlsx
2026;2;Febrero;PROCESAMIENTO DE DERIVADOS LACTEOS;producto;Cremas;;;681.955;723.097;Toneladas;2026 PRODUCCIÓN Y VENTA DE LA  ACTIVIDAD PRODUCTIVA(1).xlsx
2026;2;Febrero;PROCESAMIENTO DE DERIVADOS LACTEOS;producto;Manjar blanco;;;498.334;519.238;Toneladas;2026 PRODUCCIÓN Y VENTA DE LA  ACTIVIDAD PRODUCTIVA(1).xlsx
2026;2;Febrero;PROCESAMIENTO DE DERIVADOS LACTEOS;producto;Mantequilla;;;362.700;371.498;Toneladas;2026 PRODUCCIÓN Y VENTA DE LA  ACTIVIDAD PRODUCTIVA(1).xlsx
2026;2;Febrero;PROCESAMIENTO DE DERIVADOS LACTEOS;producto;Queso Mantecoso;;;22.400;22.400;Toneladas;2026 PRODUCCIÓN Y VENTA DE LA  ACTIVIDAD PRODUCTIVA(1).xlsx
2026;2;Febrero;PROCESAMIENTO DE DERIVADOS LACTEOS;producto;Quesos Frescos;;;333.500;307.189;Toneladas;2026 PRODUCCIÓN Y VENTA DE LA  ACTIVIDAD PRODUCTIVA(1).xlsx
2026;2;Febrero;PROCESAMIENTO DE DERIVADOS LACTEOS;producto;Quesos Madurados;;;993.502;996.565;Toneladas;2026 PRODUCCIÓN Y VENTA DE LA  ACTIVIDAD PRODUCTIVA(1).xlsx
2026;2;Febrero;PROCESAMIENTO DE DERIVADOS LACTEOS;producto;Yogurt;;;11,543.280;11,753.611;Toneladas;2026 PRODUCCIÓN Y VENTA DE LA  ACTIVIDAD PRODUCTIVA(1).xlsx
2026;2;Febrero;PROCESAMIENTO DE DERIVADOS LACTEOS, LECHES Y MEZCLAS LACTEAS;materia_prima;Grasa anhidra de leche (GAL);629.760;349.741;;;Toneladas;2026 INGRESO Y UTILIZACION DE MATERIA PRIMA SEGÚN ACTIVIDAD PRODUCTIVA(1).xlsx
2026;2;Febrero;PROCESAMIENTO DE DERIVADOS LACTEOS, LECHES Y MEZCLAS LACTEAS;materia_prima;Leche en polvo descremada (LPD);1,672.182;1,637.365;;;Toneladas;2026 INGRESO Y UTILIZACION DE MATERIA PRIMA SEGÚN ACTIVIDAD PRODUCTIVA(1).xlsx
2026;2;Febrero;PROCESAMIENTO DE DERIVADOS LACTEOS, LECHES Y MEZCLAS LACTEAS;materia_prima;Leche en polvo entera (LEP);2,720.073;2,423.219;;;Toneladas;2026 INGRESO Y UTILIZACION DE MATERIA PRIMA SEGÚN ACTIVIDAD PRODUCTIVA(1).xlsx
2026;2;Febrero;PROCESAMIENTO DE DERIVADOS LACTEOS, LECHES Y MEZCLAS LACTEAS;materia_prima;Leche fresca;72,411.351;73,280.340;;;Toneladas;2026 INGRESO Y UTILIZACION DE MATERIA PRIMA SEGÚN ACTIVIDAD PRODUCTIVA(1).xlsx
2026;2;Febrero;PROCESAMIENTO DE EMBUTIDOS Y CARNES PREPARADAS;materia_prima;Carne Industrial;610.299;592.551;;;Toneladas;2026 INGRESO Y UTILIZACION DE MATERIA PRIMA SEGÚN ACTIVIDAD PRODUCTIVA(1).xlsx
2026;2;Febrero;PROCESAMIENTO DE EMBUTIDOS Y CARNES PREPARADAS;materia_prima;Carne de Cerdo;2,115.922;1,456.959;;;Toneladas;2026 INGRESO Y UTILIZACION DE MATERIA PRIMA SEGÚN ACTIVIDAD PRODUCTIVA(1).xlsx
2026;2;Febrero;PROCESAMIENTO DE EMBUTIDOS Y CARNES PREPARADAS;materia_prima;Carne de ave;421.524;730.920;;;Toneladas;2026 INGRESO Y UTILIZACION DE MATERIA PRIMA SEGÚN ACTIVIDAD PRODUCTIVA(1).xlsx
2026;2;Febrero;PROCESAMIENTO DE EMBUTIDOS Y CARNES PREPARADAS;materia_prima;Maizena;190.270;237.046;;;Toneladas;2026 INGRESO Y UTILIZACION DE MATERIA PRIMA SEGÚN ACTIVIDAD PRODUCTIVA(1).xlsx
2026;2;Febrero;PROCESAMIENTO DE EMBUTIDOS Y CARNES PREPARADAS;materia_prima;Otros;97.348;95.123;;;Toneladas;2026 INGRESO Y UTILIZACION DE MATERIA PRIMA SEGÚN ACTIVIDAD PRODUCTIVA(1).xlsx
2026;2;Febrero;PROCESAMIENTO DE EMBUTIDOS Y CARNES PREPARADAS;materia_prima;Sal;55.000;47.739;;;Toneladas;2026 INGRESO Y UTILIZACION DE MATERIA PRIMA SEGÚN ACTIVIDAD PRODUCTIVA(1).xlsx
2026;2;Febrero;PROCESAMIENTO DE EMBUTIDOS Y CARNES PREPARADAS;producto;Ahumado;;;206.895;210.638;Toneladas;2026 PRODUCCIÓN Y VENTA DE LA  ACTIVIDAD PRODUCTIVA(1).xlsx
2026;2;Febrero;PROCESAMIENTO DE EMBUTIDOS Y CARNES PREPARADAS;producto;Carne preparada-cocidos especiales;;;317.072;323.710;Toneladas;2026 PRODUCCIÓN Y VENTA DE LA  ACTIVIDAD PRODUCTIVA(1).xlsx
2026;2;Febrero;PROCESAMIENTO DE EMBUTIDOS Y CARNES PREPARADAS;producto;Chicharrón de Prensa;;;74.500;93.600;Toneladas;2026 PRODUCCIÓN Y VENTA DE LA  ACTIVIDAD PRODUCTIVA(1).xlsx
2026;2;Febrero;PROCESAMIENTO DE EMBUTIDOS Y CARNES PREPARADAS;producto;Chorizo;;;676.442;729.859;Toneladas;2026 PRODUCCIÓN Y VENTA DE LA  ACTIVIDAD PRODUCTIVA(1).xlsx
2026;2;Febrero;PROCESAMIENTO DE EMBUTIDOS Y CARNES PREPARADAS;producto;Hamburguesa;;;658.006;641.382;Toneladas;2026 PRODUCCIÓN Y VENTA DE LA  ACTIVIDAD PRODUCTIVA(1).xlsx
2026;2;Febrero;PROCESAMIENTO DE EMBUTIDOS Y CARNES PREPARADAS;producto;Hot Dog y/o Salchicha;;;2,214.993;2,416.326;Toneladas;2026 PRODUCCIÓN Y VENTA DE LA  ACTIVIDAD PRODUCTIVA(1).xlsx
2026;2;Febrero;PROCESAMIENTO DE EMBUTIDOS Y CARNES PREPARADAS;producto;Jamonada;;;791.280;840.175;Toneladas;2026 PRODUCCIÓN Y VENTA DE LA  ACTIVIDAD PRODUCTIVA(1).xlsx
2026;2;Febrero;PROCESAMIENTO DE EMBUTIDOS Y CARNES PREPARADAS;producto;Jamón;;;888.377;909.337;Toneladas;2026 PRODUCCIÓN Y VENTA DE LA  ACTIVIDAD PRODUCTIVA(1).xlsx
2026;2;Febrero;PROCESAMIENTO DE EMBUTIDOS Y CARNES PREPARADAS;producto;Mortadela;;;80.879;85.418;Toneladas;2026 PRODUCCIÓN Y VENTA DE LA  ACTIVIDAD PRODUCTIVA(1).xlsx
2026;2;Febrero;PROCESAMIENTO DE EMBUTIDOS Y CARNES PREPARADAS;producto;Otros;;;200.568;163.174;Toneladas;2026 PRODUCCIÓN Y VENTA DE LA  ACTIVIDAD PRODUCTIVA(1).xlsx
2026;2;Febrero;PROCESAMIENTO DE EMBUTIDOS Y CARNES PREPARADAS;producto;Pastel;;;3.900;3.600;Toneladas;2026 PRODUCCIÓN Y VENTA DE LA  ACTIVIDAD PRODUCTIVA(1).xlsx
2026;2;Febrero;PROCESAMIENTO DE EMBUTIDOS Y CARNES PREPARADAS;producto;Paté;;;70.864;61.011;Toneladas;2026 PRODUCCIÓN Y VENTA DE LA  ACTIVIDAD PRODUCTIVA(1).xlsx
2026;2;Febrero;PROCESAMIENTO DE EMBUTIDOS Y CARNES PREPARADAS;producto;Queso de Chancho;;;4.600;4.400;Toneladas;2026 PRODUCCIÓN Y VENTA DE LA  ACTIVIDAD PRODUCTIVA(1).xlsx
2026;2;Febrero;PROCESAMIENTO DE EMBUTIDOS Y CARNES PREPARADAS;producto;Salame;;;12.200;11.900;Toneladas;2026 PRODUCCIÓN Y VENTA DE LA  ACTIVIDAD PRODUCTIVA(1).xlsx
2026;2;Febrero;PROCESAMIENTO DE FIDEO;materia_prima;Harina de Trigo;34,101.754;34,052.129;;;Toneladas;2026 INGRESO Y UTILIZACION DE MATERIA PRIMA SEGÚN ACTIVIDAD PRODUCTIVA(1).xlsx
2026;2;Febrero;PROCESAMIENTO DE FIDEO;producto;Fideo corriente a granel;;;1,669.030;1,580.330;Toneladas;2026 PRODUCCIÓN Y VENTA DE LA  ACTIVIDAD PRODUCTIVA(1).xlsx
2026;2;Febrero;PROCESAMIENTO DE FIDEO;producto;Fideo envasado;;;33,492.874;32,451.350;Toneladas;2026 PRODUCCIÓN Y VENTA DE LA  ACTIVIDAD PRODUCTIVA(1).xlsx
2026;2;Febrero;PROCESAMIENTO DE HARINA DE TRIGO;materia_prima;Trigo entero;190,817.978;205,964.871;;;Toneladas;2026 INGRESO Y UTILIZACION DE MATERIA PRIMA SEGÚN ACTIVIDAD PRODUCTIVA(1).xlsx
2026;2;Febrero;PROCESAMIENTO DE HARINA DE TRIGO;producto;Harina de Trigo;;;114,437.023;108,654.124;Toneladas;2026 PRODUCCIÓN Y VENTA DE LA  ACTIVIDAD PRODUCTIVA(1).xlsx
2026;2;Febrero;PROCESAMIENTO DE HARINA DE TRIGO;producto;Sub producto de trigo;;;22,739.954;20,446.035;Toneladas;2026 PRODUCCIÓN Y VENTA DE LA  ACTIVIDAD PRODUCTIVA(1).xlsx
2026;2;Febrero;PROCESAMIENTO DE HARINA DE TRIGO;producto;Sémola;;;488.569;486.173;Toneladas;2026 PRODUCCIÓN Y VENTA DE LA  ACTIVIDAD PRODUCTIVA(1).xlsx
2026;2;Febrero;PROCESAMIENTO DE MALTA;materia_prima;Cebada;8,850.090;9,381.050;;;Toneladas;2026 INGRESO Y UTILIZACION DE MATERIA PRIMA SEGÚN ACTIVIDAD PRODUCTIVA(1).xlsx
2026;2;Febrero;PROCESAMIENTO DE MALTA;producto;Malta de cebada;;;8,133.900;8,189.284;Toneladas;2026 PRODUCCIÓN Y VENTA DE LA  ACTIVIDAD PRODUCTIVA(1).xlsx
2026;2;Febrero;PROCESAMIENTO DEL CACAO;materia_prima;Cacao Grano;3,941.350;7,111.826;;;Toneladas;2026 INGRESO Y UTILIZACION DE MATERIA PRIMA SEGÚN ACTIVIDAD PRODUCTIVA(1).xlsx
2026;2;Febrero;PROCESAMIENTO DEL CACAO;materia_prima;Cocoa;4.560;3.540;;;Toneladas;2026 INGRESO Y UTILIZACION DE MATERIA PRIMA SEGÚN ACTIVIDAD PRODUCTIVA(1).xlsx
2026;2;Febrero;PROCESAMIENTO DEL CACAO;materia_prima;Licor de Cacao;0.850;0.680;;;Toneladas;2026 INGRESO Y UTILIZACION DE MATERIA PRIMA SEGÚN ACTIVIDAD PRODUCTIVA(1).xlsx
2026;2;Febrero;PROCESAMIENTO DEL CACAO;materia_prima;Manteca de Cacao;1.795;1.495;;;Toneladas;2026 INGRESO Y UTILIZACION DE MATERIA PRIMA SEGÚN ACTIVIDAD PRODUCTIVA(1).xlsx
2026;2;Febrero;PROCESAMIENTO DEL CACAO;materia_prima;Torta de Cacao;1.210;1.130;;;Toneladas;2026 INGRESO Y UTILIZACION DE MATERIA PRIMA SEGÚN ACTIVIDAD PRODUCTIVA(1).xlsx
2026;2;Febrero;PROCESAMIENTO DEL CACAO;producto;Cacao Grano;;;555.270;469.120;Toneladas;2026 PRODUCCIÓN Y VENTA DE LA  ACTIVIDAD PRODUCTIVA(1).xlsx
2026;2;Febrero;PROCESAMIENTO DEL CACAO;producto;Chocolate y cobertura;;;41.370;35.510;Toneladas;2026 PRODUCCIÓN Y VENTA DE LA  ACTIVIDAD PRODUCTIVA(1).xlsx
2026;2;Febrero;PROCESAMIENTO DEL CACAO;producto;Cocoa;;;498.560;502.320;Toneladas;2026 PRODUCCIÓN Y VENTA DE LA  ACTIVIDAD PRODUCTIVA(1).xlsx
2026;2;Febrero;PROCESAMIENTO DEL CACAO;producto;Licor de cacao;;;1,201.270;833.740;Toneladas;2026 PRODUCCIÓN Y VENTA DE LA  ACTIVIDAD PRODUCTIVA(1).xlsx
2026;2;Febrero;PROCESAMIENTO DEL CACAO;producto;Manteca de cacao;;;2,116.850;1,523.250;Toneladas;2026 PRODUCCIÓN Y VENTA DE LA  ACTIVIDAD PRODUCTIVA(1).xlsx
2026;2;Febrero;PROCESAMIENTO DEL CACAO;producto;Polvo de Cacao;;;1,673.030;1,635.520;Toneladas;2026 PRODUCCIÓN Y VENTA DE LA  ACTIVIDAD PRODUCTIVA(1).xlsx
2026;2;Febrero;PROCESAMIENTO DEL CACAO;producto;Torta de cacao;;;1,815.120;1,190.430;Toneladas;2026 PRODUCCIÓN Y VENTA DE LA  ACTIVIDAD PRODUCTIVA(1).xlsx
2026;2;Febrero;PROCESAMIENTO DEL ESPARRAGO;materia_prima;Espárrago Fresco;3,525.657;3,525.657;;;Toneladas;2026 INGRESO Y UTILIZACION DE MATERIA PRIMA SEGÚN ACTIVIDAD PRODUCTIVA(1).xlsx
2026;2;Febrero;PROCESAMIENTO DEL ESPARRAGO;producto;Congelado;;;167.105;85.066;Toneladas;2026 PRODUCCIÓN Y VENTA DE LA  ACTIVIDAD PRODUCTIVA(1).xlsx
2026;2;Febrero;PROCESAMIENTO DEL ESPARRAGO;producto;Conserva;;;1,085.591;1,160.711;Toneladas;2026 PRODUCCIÓN Y VENTA DE LA  ACTIVIDAD PRODUCTIVA(1).xlsx
2026;2;Febrero;PROCESAMIENTO DEL ESPARRAGO;producto;Fresco;;;842.950;870.950;Toneladas;2026 PRODUCCIÓN Y VENTA DE LA  ACTIVIDAD PRODUCTIVA(1).xlsx
2026;3;Marzo;ACEITE ESENCIAL DE LIMÓN;producto;Aceite Esencial de Limón;;;15.000;14.515;Toneladas;2026 PRODUCCIÓN Y VENTA DE LA  ACTIVIDAD PRODUCTIVA(1).xlsx
2026;3;Marzo;ACEITE ESENCIAL DE LIMÓN;producto;Cáscara de Limón;;;285.700;192.000;Toneladas;2026 PRODUCCIÓN Y VENTA DE LA  ACTIVIDAD PRODUCTIVA(1).xlsx
2026;3;Marzo;LECHES Y MEZCLAS LACTEAS;producto;Condensada;;;1,176.316;1,293.599;Toneladas;2026 PRODUCCIÓN Y VENTA DE LA  ACTIVIDAD PRODUCTIVA(1).xlsx
2026;3;Marzo;LECHES Y MEZCLAS LACTEAS;producto;Evaporadas;;;34,318.500;34,870.000;Toneladas;2026 PRODUCCIÓN Y VENTA DE LA  ACTIVIDAD PRODUCTIVA(1).xlsx
2026;3;Marzo;LECHES Y MEZCLAS LACTEAS;producto;Leche evaporada*;;;2,275.600;3,125.300;Toneladas;2026 PRODUCCIÓN Y VENTA DE LA  ACTIVIDAD PRODUCTIVA(1).xlsx
2026;3;Marzo;LECHES Y MEZCLAS LACTEAS;producto;Mezclas lácteas*;;;32,042.900;31,744.700;Toneladas;2026 PRODUCCIÓN Y VENTA DE LA  ACTIVIDAD PRODUCTIVA(1).xlsx
2026;3;Marzo;LECHES Y MEZCLAS LACTEAS;producto;Pasteurizada;;;18,861.421;19,902.807;Toneladas;2026 PRODUCCIÓN Y VENTA DE LA  ACTIVIDAD PRODUCTIVA(1).xlsx
2026;3;Marzo;PROCESAMIENTO DE ACEITES Y GRASAS;producto;Aceite Vegetal;;;25,704.348;25,604.439;Toneladas;2026 PRODUCCIÓN Y VENTA DE LA  ACTIVIDAD PRODUCTIVA(1).xlsx
2026;3;Marzo;PROCESAMIENTO DE ACEITES Y GRASAS;producto;Manteca Vegetal;;;7,446.866;7,461.077;Toneladas;2026 PRODUCCIÓN Y VENTA DE LA  ACTIVIDAD PRODUCTIVA(1).xlsx
2026;3;Marzo;PROCESAMIENTO DE ACEITES Y GRASAS;producto;Margarina;;;1,426.000;1,508.000;Toneladas;2026 PRODUCCIÓN Y VENTA DE LA  ACTIVIDAD PRODUCTIVA(1).xlsx
2026;3;Marzo;PROCESAMIENTO DE ALIMENTOS BALANCEADOS;producto;Alimento balanceado para aves carne;;;233,093.745;232,491.720;Toneladas;2026 PRODUCCIÓN Y VENTA DE LA  ACTIVIDAD PRODUCTIVA(1).xlsx
2026;3;Marzo;PROCESAMIENTO DE ALIMENTOS BALANCEADOS;producto;Alimento balanceado para aves postura/reproductora;;;71,913.030;72,325.225;Toneladas;2026 PRODUCCIÓN Y VENTA DE LA  ACTIVIDAD PRODUCTIVA(1).xlsx
2026;3;Marzo;PROCESAMIENTO DE ALIMENTOS BALANCEADOS;producto;Alimento balanceado para pavos y patos;;;4,777.840;4,785.499;Toneladas;2026 PRODUCCIÓN Y VENTA DE LA  ACTIVIDAD PRODUCTIVA(1).xlsx
2026;3;Marzo;PROCESAMIENTO DE ALIMENTOS BALANCEADOS;producto;Alimento balanceado para porcinos;;;29,463.646;29,650.324;Toneladas;2026 PRODUCCIÓN Y VENTA DE LA  ACTIVIDAD PRODUCTIVA(1).xlsx
2026;3;Marzo;PROCESAMIENTO DE ALIMENTOS BALANCEADOS;producto;Alimento balanceado para vacunos;;;5,847.682;6,079.753;Toneladas;2026 PRODUCCIÓN Y VENTA DE LA  ACTIVIDAD PRODUCTIVA(1).xlsx
2026;3;Marzo;PROCESAMIENTO DE ALIMENTOS BALANCEADOS;producto;Otros animales 1/;;;28,444.726;29,405.761;Toneladas;2026 PRODUCCIÓN Y VENTA DE LA  ACTIVIDAD PRODUCTIVA(1).xlsx
2026;3;Marzo;PROCESAMIENTO DE AVENA;producto;Avena;;;2,654.430;2,633.080;Toneladas;2026 PRODUCCIÓN Y VENTA DE LA  ACTIVIDAD PRODUCTIVA(1).xlsx
2026;3;Marzo;PROCESAMIENTO DE AVENA;producto;Enriquecido de cereales;;;396.590;374.810;Toneladas;2026 PRODUCCIÓN Y VENTA DE LA  ACTIVIDAD PRODUCTIVA(1).xlsx
2026;3;Marzo;PROCESAMIENTO DE AZUCAR;producto;Azúcar;;;82,253.614;82,253.614;Toneladas;2026 PRODUCCIÓN Y VENTA DE LA  ACTIVIDAD PRODUCTIVA(1).xlsx
2026;3;Marzo;PROCESAMIENTO DE DERIVADOS LACTEOS;producto;Cremas;;;735.180;718.135;Toneladas;2026 PRODUCCIÓN Y VENTA DE LA  ACTIVIDAD PRODUCTIVA(1).xlsx
2026;3;Marzo;PROCESAMIENTO DE DERIVADOS LACTEOS;producto;Manjar blanco;;;611.043;534.560;Toneladas;2026 PRODUCCIÓN Y VENTA DE LA  ACTIVIDAD PRODUCTIVA(1).xlsx
2026;3;Marzo;PROCESAMIENTO DE DERIVADOS LACTEOS;producto;Mantequilla;;;494.946;484.936;Toneladas;2026 PRODUCCIÓN Y VENTA DE LA  ACTIVIDAD PRODUCTIVA(1).xlsx
2026;3;Marzo;PROCESAMIENTO DE DERIVADOS LACTEOS;producto;Queso Mantecoso;;;34.300;34.300;Toneladas;2026 PRODUCCIÓN Y VENTA DE LA  ACTIVIDAD PRODUCTIVA(1).xlsx
2026;3;Marzo;PROCESAMIENTO DE DERIVADOS LACTEOS;producto;Quesos Frescos;;;268.080;272.040;Toneladas;2026 PRODUCCIÓN Y VENTA DE LA  ACTIVIDAD PRODUCTIVA(1).xlsx
2026;3;Marzo;PROCESAMIENTO DE DERIVADOS LACTEOS;producto;Quesos Madurados;;;813.134;756.826;Toneladas;2026 PRODUCCIÓN Y VENTA DE LA  ACTIVIDAD PRODUCTIVA(1).xlsx
2026;3;Marzo;PROCESAMIENTO DE DERIVADOS LACTEOS;producto;Yogurt;;;13,795.504;14,302.518;Toneladas;2026 PRODUCCIÓN Y VENTA DE LA  ACTIVIDAD PRODUCTIVA(1).xlsx
2026;3;Marzo;PROCESAMIENTO DE EMBUTIDOS Y CARNES PREPARADAS;producto;Ahumado;;;235.390;242.690;Toneladas;2026 PRODUCCIÓN Y VENTA DE LA  ACTIVIDAD PRODUCTIVA(1).xlsx
2026;3;Marzo;PROCESAMIENTO DE EMBUTIDOS Y CARNES PREPARADAS;producto;Carne preparada-cocidos especiales;;;386.772;317.820;Toneladas;2026 PRODUCCIÓN Y VENTA DE LA  ACTIVIDAD PRODUCTIVA(1).xlsx
2026;3;Marzo;PROCESAMIENTO DE EMBUTIDOS Y CARNES PREPARADAS;producto;Chicharrón de Prensa;;;136.000;109.200;Toneladas;2026 PRODUCCIÓN Y VENTA DE LA  ACTIVIDAD PRODUCTIVA(1).xlsx
2026;3;Marzo;PROCESAMIENTO DE EMBUTIDOS Y CARNES PREPARADAS;producto;Chorizo;;;784.985;757.921;Toneladas;2026 PRODUCCIÓN Y VENTA DE LA  ACTIVIDAD PRODUCTIVA(1).xlsx
2026;3;Marzo;PROCESAMIENTO DE EMBUTIDOS Y CARNES PREPARADAS;producto;Hamburguesa;;;685.233;778.498;Toneladas;2026 PRODUCCIÓN Y VENTA DE LA  ACTIVIDAD PRODUCTIVA(1).xlsx
2026;3;Marzo;PROCESAMIENTO DE EMBUTIDOS Y CARNES PREPARADAS;producto;Hot Dog y/o Salchicha;;;2,910.066;2,942.549;Toneladas;2026 PRODUCCIÓN Y VENTA DE LA  ACTIVIDAD PRODUCTIVA(1).xlsx
2026;3;Marzo;PROCESAMIENTO DE EMBUTIDOS Y CARNES PREPARADAS;producto;Jamonada;;;1,100.932;1,066.237;Toneladas;2026 PRODUCCIÓN Y VENTA DE LA  ACTIVIDAD PRODUCTIVA(1).xlsx
2026;3;Marzo;PROCESAMIENTO DE EMBUTIDOS Y CARNES PREPARADAS;producto;Jamón;;;876.153;881.916;Toneladas;2026 PRODUCCIÓN Y VENTA DE LA  ACTIVIDAD PRODUCTIVA(1).xlsx
2026;3;Marzo;PROCESAMIENTO DE EMBUTIDOS Y CARNES PREPARADAS;producto;Mortadela;;;115.100;115.000;Toneladas;2026 PRODUCCIÓN Y VENTA DE LA  ACTIVIDAD PRODUCTIVA(1).xlsx
2026;3;Marzo;PROCESAMIENTO DE EMBUTIDOS Y CARNES PREPARADAS;producto;Otros;;;192.270;211.770;Toneladas;2026 PRODUCCIÓN Y VENTA DE LA  ACTIVIDAD PRODUCTIVA(1).xlsx
2026;3;Marzo;PROCESAMIENTO DE EMBUTIDOS Y CARNES PREPARADAS;producto;Pastel;;;4.400;4.100;Toneladas;2026 PRODUCCIÓN Y VENTA DE LA  ACTIVIDAD PRODUCTIVA(1).xlsx
2026;3;Marzo;PROCESAMIENTO DE EMBUTIDOS Y CARNES PREPARADAS;producto;Paté;;;80.932;85.247;Toneladas;2026 PRODUCCIÓN Y VENTA DE LA  ACTIVIDAD PRODUCTIVA(1).xlsx
2026;3;Marzo;PROCESAMIENTO DE EMBUTIDOS Y CARNES PREPARADAS;producto;Queso de Chancho;;;5.000;5.000;Toneladas;2026 PRODUCCIÓN Y VENTA DE LA  ACTIVIDAD PRODUCTIVA(1).xlsx
2026;3;Marzo;PROCESAMIENTO DE EMBUTIDOS Y CARNES PREPARADAS;producto;Salame;;;11.900;11.600;Toneladas;2026 PRODUCCIÓN Y VENTA DE LA  ACTIVIDAD PRODUCTIVA(1).xlsx
2026;3;Marzo;PROCESAMIENTO DE FIDEO;producto;Fideo corriente a granel;;;1,671.160;1,573.755;Toneladas;2026 PRODUCCIÓN Y VENTA DE LA  ACTIVIDAD PRODUCTIVA(1).xlsx
2026;3;Marzo;PROCESAMIENTO DE FIDEO;producto;Fideo envasado;;;33,309.970;34,072.880;Toneladas;2026 PRODUCCIÓN Y VENTA DE LA  ACTIVIDAD PRODUCTIVA(1).xlsx
2026;3;Marzo;PROCESAMIENTO DE HARINA DE TRIGO;producto;Harina de Trigo;;;120,409.568;130,215.406;Toneladas;2026 PRODUCCIÓN Y VENTA DE LA  ACTIVIDAD PRODUCTIVA(1).xlsx
2026;3;Marzo;PROCESAMIENTO DE HARINA DE TRIGO;producto;Sub producto de trigo;;;26,168.280;25,751.580;Toneladas;2026 PRODUCCIÓN Y VENTA DE LA  ACTIVIDAD PRODUCTIVA(1).xlsx
2026;3;Marzo;PROCESAMIENTO DE HARINA DE TRIGO;producto;Sémola;;;497.000;500.000;Toneladas;2026 PRODUCCIÓN Y VENTA DE LA  ACTIVIDAD PRODUCTIVA(1).xlsx
2026;3;Marzo;PROCESAMIENTO DE MALTA;producto;Malta de cebada;;;7,468.000;8,613.000;Toneladas;2026 PRODUCCIÓN Y VENTA DE LA  ACTIVIDAD PRODUCTIVA(1).xlsx
2026;3;Marzo;PROCESAMIENTO DEL CACAO;producto;Cacao Grano;;;226.540;208.110;Toneladas;2026 PRODUCCIÓN Y VENTA DE LA  ACTIVIDAD PRODUCTIVA(1).xlsx
2026;3;Marzo;PROCESAMIENTO DEL CACAO;producto;Chocolate y cobertura;;;35.400;29.347;Toneladas;2026 PRODUCCIÓN Y VENTA DE LA  ACTIVIDAD PRODUCTIVA(1).xlsx
2026;3;Marzo;PROCESAMIENTO DEL CACAO;producto;Cocoa;;;591.230;395.650;Toneladas;2026 PRODUCCIÓN Y VENTA DE LA  ACTIVIDAD PRODUCTIVA(1).xlsx
2026;3;Marzo;PROCESAMIENTO DEL CACAO;producto;Licor de cacao;;;888.340;855.640;Toneladas;2026 PRODUCCIÓN Y VENTA DE LA  ACTIVIDAD PRODUCTIVA(1).xlsx
2026;3;Marzo;PROCESAMIENTO DEL CACAO;producto;Manteca de cacao;;;1,464.120;1,237.130;Toneladas;2026 PRODUCCIÓN Y VENTA DE LA  ACTIVIDAD PRODUCTIVA(1).xlsx
2026;3;Marzo;PROCESAMIENTO DEL CACAO;producto;Polvo de Cacao;;;495.880;697.830;Toneladas;2026 PRODUCCIÓN Y VENTA DE LA  ACTIVIDAD PRODUCTIVA(1).xlsx
2026;3;Marzo;PROCESAMIENTO DEL CACAO;producto;Torta de cacao;;;1,216.260;853.520;Toneladas;2026 PRODUCCIÓN Y VENTA DE LA  ACTIVIDAD PRODUCTIVA(1).xlsx
2026;3;Marzo;PROCESAMIENTO DEL ESPARRAGO;producto;Congelado;;;229.000;338.996;Toneladas;2026 PRODUCCIÓN Y VENTA DE LA  ACTIVIDAD PRODUCTIVA(1).xlsx
2026;3;Marzo;PROCESAMIENTO DEL ESPARRAGO;producto;Conserva;;;1,249.778;1,131.000;Toneladas;2026 PRODUCCIÓN Y VENTA DE LA  ACTIVIDAD PRODUCTIVA(1).xlsx
2026;3;Marzo;PROCESAMIENTO DEL ESPARRAGO;producto;Fresco;;;1,029.152;715.000;Toneladas;2026 PRODUCCIÓN Y VENTA DE LA  ACTIVIDAD PRODUCTIVA(1).xlsx
